Kpx,Kpa,Kda,MaxAngle, Overshoot, J
81.472369,27.602508,0.324365,22.104901,18.956872,84.175691
90.579194,67.970268,1.588569,22.104901,17.849776,85.818192
12.698682,65.509800,0.622430,10.742832,28.081586,66.193725
91.337586,16.261174,1.057066,22.104901,16.158269,74.096154
63.235925,11.899768,0.331297,22.104901,19.374226,74.231932
9.754040,49.836405,1.203964,8.476789,32.859644,65.163828
27.849822,95.974396,0.525943,20.320214,24.557048,68.023677
54.688152,34.038573,1.308158,22.104901,18.547589,68.427751
95.750684,58.526775,1.378429,22.104901,17.381516,86.980793
96.488854,22.381194,1.496303,22.104901,15.995560,75.544324
15.761308,75.126706,0.901083,13.002718,25.799007,62.225060
97.059278,25.509512,0.167643,22.104901,17.682460,87.943864
95.716695,50.595705,0.457954,22.104901,17.744961,84.862285
48.537565,69.907672,1.826675,22.104901,17.975060,69.340548
80.028047,89.090325,0.304756,22.104901,16.779777,79.188451
14.188634,95.929143,1.651634,11.871692,31.793120,63.955859
42.176128,54.721553,1.076685,22.104901,17.388371,67.037410
91.573553,13.862444,1.992269,22.104901,10.664250,55.976921
79.220733,14.929401,0.156351,22.104901,18.303780,81.609588
95.949243,25.750825,0.885357,22.104901,18.185522,83.290969
65.574070,84.071726,0.213306,22.104901,17.636624,74.943847
3.571168,25.428218,1.923796,2.817893,3.950141,73.033473
84.912931,81.428483,0.009268,22.104901,16.871523,81.070236
93.399325,24.352497,1.549821,22.104901,16.708592,75.580429
67.873515,92.926362,1.634606,22.104901,17.551441,75.290498
75.774013,34.998377,1.737389,22.104901,17.294988,75.546602
74.313247,19.659525,0.168872,22.104901,18.325804,78.794186
39.222702,25.108386,0.799565,22.104901,18.582860,64.044837
65.547789,61.604468,0.519741,22.104901,18.246494,77.679209
17.118669,47.328885,1.600137,11.871692,27.073544,61.710106
70.604609,35.165951,0.862828,22.104901,18.317744,77.241037
3.183285,83.082863,1.821295,3.872578,29.162742,77.518793
27.692298,58.526409,0.363694,20.320214,25.092448,68.092720
4.617139,54.972361,0.527606,4.986197,31.299692,80.848588
9.713178,91.719366,0.291078,9.617189,37.531205,74.892421
82.345783,28.583902,0.272137,22.104901,18.403314,84.796636
69.482862,75.720023,1.738584,22.104901,19.025350,78.254571
31.709948,75.372909,1.159409,21.212890,24.666379,68.022709
95.022205,38.044585,1.099720,22.104901,17.617706,83.872478
3.444608,56.782164,0.289910,4.986197,22.520612,84.469791
43.874436,7.585429,1.706062,15.457426,3.863404,43.205459
38.155846,5.395012,1.244110,12.884755,1.726571,41.344242
76.551679,53.079755,0.701905,22.104901,18.683067,80.831115
79.519990,77.916723,1.026499,22.104901,18.589562,83.233159
18.687260,93.401068,0.803616,14.986921,25.376965,63.696730
48.976440,12.990621,0.151933,22.104901,19.035188,71.612900
44.558620,56.882366,0.479832,22.104901,19.050020,70.584666
64.631301,46.939064,0.246638,22.104901,18.246494,75.875986
70.936483,1.190207,0.367816,18.436886,2.411297,48.122781
75.468668,33.712264,0.479905,22.104901,18.879133,83.060403
63.271124,59.352496,2.000000,22.104901,18.107782,71.410283
0.000000,41.264332,1.794514,0.948467,0.000000,3637.176133
100.000000,100.000000,0.715428,22.104901,17.662618,90.690775
100.000000,23.482803,0.000000,22.104901,15.537007,80.812771
61.226025,0.000000,0.282448,4.986197,0.000000,3200.733006
7.389621,100.000000,1.749828,7.286218,46.924630,84.856294
0.000000,100.000000,1.314139,1.412832,0.000000,3626.442687
100.000000,45.072968,0.848425,22.104901,17.863413,90.012954
66.984975,85.471294,0.795150,22.104901,18.051494,76.972937
10.953460,41.531029,2.000000,7.566816,32.999492,62.473181
77.416763,10.830010,0.000000,22.104901,17.858607,81.190586
72.801822,0.000000,1.862382,4.986197,0.000000,3174.800558
38.888778,44.198842,2.000000,22.104901,16.801401,61.308604
27.398237,10.615068,2.000000,12.368514,3.642844,39.366745
0.000000,100.000000,0.000000,2.116392,0.000000,3577.452106
0.000000,28.777286,0.603867,1.340126,0.000000,3584.521137
100.000000,0.000000,0.352255,6.130599,0.000000,3207.302276
100.000000,0.000000,2.000000,6.130599,0.000000,3194.837068
95.766624,0.000000,0.000000,0.055351,0.000000,3608.188443
0.000000,11.604536,1.858758,0.637216,0.000000,3629.698732
7.225651,42.514229,0.000000,8.476789,35.095642,77.984444
0.000000,100.000000,2.000000,1.376374,0.000000,3647.512946
100.000000,66.074109,0.000000,22.104901,15.358059,80.959785
0.000000,0.000000,2.000000,0.633945,0.000000,3629.533847
0.000000,100.000000,2.000000,1.376374,0.000000,3647.512946
2.951820,100.000000,2.000000,3.872578,24.679955,78.085231
100.000000,6.210919,1.888931,22.104901,6.227391,57.532334
90.201627,0.000000,0.069883,5.772478,0.000000,3185.660898
98.051901,8.378701,1.394222,22.104901,9.721885,57.604020
6.321884,27.247251,0.270500,6.181382,38.552029,78.849986
80.946565,56.043087,0.000000,22.104901,17.013858,80.226180
0.000000,30.769447,2.000000,0.656100,0.000000,3632.583566
81.524716,81.151889,0.363793,22.104901,17.071298,79.478140
0.000000,100.000000,0.439263,2.103229,0.000000,3578.237477
50.803773,30.503648,2.000000,22.104901,16.805031,60.379583
12.718237,0.000000,0.755550,2.817893,0.000000,3189.764463
40.549474,30.988715,2.000000,22.104901,16.217210,56.542416
59.346031,35.504136,2.000000,22.104901,16.716432,63.270555
100.000000,21.361272,2.000000,22.104901,14.129049,64.936372
0.000000,58.510987,0.627484,1.355263,0.000000,3596.055531
100.000000,0.000000,0.310921,6.130599,0.000000,3154.234245
98.812635,0.000000,0.099811,6.084365,0.000000,3141.271462
73.645838,100.000000,2.000000,22.104901,18.913645,81.527402
65.408880,0.000000,0.000000,0.055351,0.000000,3608.188443
6.979685,100.000000,0.759182,7.286218,49.804273,86.371593
6.373323,63.663411,0.000000,7.286218,29.564262,77.101864
46.430524,54.376340,2.000000,22.104901,18.250338,66.038259
67.001045,64.214578,1.182494,22.104901,18.131732,75.777579
100.000000,0.000000,0.369891,6.130599,0.000000,3211.271586
100.000000,24.659007,0.352694,22.104901,17.864052,88.490000
72.521289,46.855327,0.199254,22.104901,16.856043,77.756371
100.000000,56.093896,1.861374,22.104901,18.590913,89.913251
0.000000,44.643144,0.000000,2.337087,0.000000,3584.790110
86.774960,20.562888,2.000000,22.104901,14.176256,63.108318
85.927458,16.138226,0.028591,22.104901,16.820666,82.212998
6.569340,24.302026,1.807837,4.531440,22.732312,72.599492
43.734575,93.658208,1.171398,22.104901,18.498224,69.285439
59.439160,0.000000,0.711061,4.986197,0.000000,3232.422025
86.974643,81.213996,0.904330,22.104901,18.111347,84.161742
11.300579,33.676035,1.077585,8.476789,30.200314,64.642209
26.931393,100.000000,1.549278,19.135796,26.038758,66.994496
93.690653,40.152797,0.271379,22.104901,18.029518,87.325058
71.630706,46.112101,0.000000,22.104901,16.281144,77.303988
30.623731,0.000000,0.000000,0.055351,0.000000,3608.188443
100.000000,78.071848,0.317741,22.104901,17.501310,87.342710
26.409455,70.049478,1.547254,18.430854,24.006149,65.760331
13.472811,100.000000,0.580683,11.871692,34.184307,72.864094
86.766478,32.645385,1.986338,22.104901,15.614725,67.748992
100.000000,0.000000,0.000000,0.055351,0.000000,3608.188443
93.649508,22.150574,0.820931,22.104901,17.634739,83.379569
77.053517,100.000000,0.600775,22.104901,17.985159,81.090187
6.258477,0.000000,1.814748,2.817893,0.000000,3513.109053
82.357158,0.000000,0.005213,5.444171,0.000000,3350.570816
100.000000,45.400655,1.506787,22.104901,19.013380,93.262751
100.000000,87.373691,0.000000,22.104901,15.268569,81.119574
100.000000,0.000000,1.168566,6.130599,0.000000,3455.122435
80.492762,14.749421,1.834766,22.104901,12.145623,57.509921
68.657580,38.603541,0.000000,22.104901,18.427752,79.776292
100.000000,85.331622,2.000000,22.104901,16.973412,84.497501
12.781341,25.800266,0.649415,9.617189,31.394311,62.832803
79.648915,44.548347,1.081841,22.104901,18.712799,82.818178
62.274817,0.000000,0.257554,4.986197,0.000000,3266.004864
43.464015,95.726444,0.363850,22.104901,17.906461,73.017730
8.243411,57.832981,0.572092,8.476789,49.301182,84.345609
61.040329,0.000000,0.000000,0.055351,0.000000,3608.188443
0.000000,39.921229,0.596578,1.299314,0.000000,3592.612566
70.307552,24.017804,0.000000,22.104901,17.890813,79.017125
33.328783,59.984554,1.292381,21.580172,21.129017,66.318497
96.787272,17.896453,0.656748,22.104901,18.560476,87.613695
68.528395,42.616686,0.610673,22.104901,17.265103,74.250796
0.000000,9.121441,0.088900,1.649475,0.000000,3650.563005
71.667289,2.731996,1.439007,13.237700,0.000000,56.238338
74.251743,0.000000,0.000000,0.055351,0.000000,3608.188443
49.886658,0.000000,0.000000,0.055351,0.000000,3608.188443
34.991138,0.000000,0.000000,0.055351,0.000000,3608.188443
30.995701,47.702287,0.104521,21.580172,21.687467,68.602363
44.340662,56.074983,0.949828,22.104901,19.094058,67.957933
64.898643,44.870904,1.122834,22.104901,18.747965,74.457602
64.583616,0.300786,0.000000,22.104901,11.333059,45.477175
48.888450,22.634231,0.394975,22.104901,18.291420,71.842136
92.243186,0.000000,0.000000,0.055351,0.000000,3608.188443
62.271655,5.789270,0.000000,22.104901,17.617558,76.378455
24.365702,0.000000,0.243385,3.872578,0.000000,3122.704618
84.245209,0.000000,0.000000,0.055351,0.000000,3608.188443
94.155108,16.538460,0.000000,22.104901,16.211210,82.215391
45.060872,0.000000,0.000000,0.055351,0.000000,3608.188443
66.349376,70.785144,0.000000,22.104901,15.853230,76.298832
0.000000,24.324823,1.083506,1.037475,0.000000,3639.545437
55.005178,0.000000,0.912234,4.986197,0.000000,3199.947305
52.409367,9.696627,0.000000,22.104901,17.463519,74.104243
0.000000,0.000000,2.000000,0.633945,0.000000,3629.533847
81.698682,80.003237,0.000000,22.104901,17.013858,82.386596
100.000000,25.608314,0.224177,22.104901,17.715696,85.509826
34.171774,0.000000,0.000000,0.055351,0.000000,3608.188443
42.746783,45.450190,0.387804,22.104901,19.519322,70.560480
67.825198,68.038814,1.110443,22.104901,17.730756,76.645722
0.000000,31.236790,0.908468,1.053079,0.000000,3644.569771
68.155584,5.066388,0.792507,22.104901,10.534394,53.569434
96.227597,0.000000,0.000000,0.055351,0.000000,3608.188443
100.000000,13.035199,0.000000,22.104901,15.423622,81.755006
93.566299,75.630458,0.849014,22.104901,18.130954,90.393105
41.971475,3.754289,0.000000,22.104901,17.482764,71.180331
82.175960,62.002342,0.009999,22.104901,17.013858,82.301506
94.250840,37.270822,0.000000,22.104901,16.265442,82.821176
60.043637,0.000000,0.412135,4.986197,0.000000,3181.177385
40.708095,35.918519,0.000000,22.104901,16.929283,72.047473
54.753293,31.822094,0.000000,22.104901,16.750332,74.956622
17.719424,56.676085,0.868214,14.009564,22.724310,60.744036
80.805310,100.000000,0.000000,22.104901,17.013858,80.098172
51.559991,22.616927,2.000000,22.104901,15.291249,57.081440
51.859268,23.582304,1.335805,22.104901,17.233784,61.607262
100.000000,7.557733,0.368803,22.104901,18.101721,83.924665
8.856848,56.808747,0.223910,9.617189,38.618907,77.466365
14.605178,0.000000,0.667455,3.716046,0.000000,2939.790346
72.300539,0.000000,0.000000,0.055351,0.000000,3608.188443
100.000000,36.413562,0.000000,22.104901,15.482678,79.548820
98.473719,0.000000,0.339034,6.130599,0.000000,3221.870486
7.451879,39.613456,0.126079,8.476789,47.200015,83.989920
83.108875,13.820630,0.000000,22.104901,16.819124,81.189619
100.000000,20.868616,0.053129,22.104901,17.529559,88.100857
57.425569,9.179420,0.354448,22.104901,18.677336,70.021393
38.942306,7.688086,2.000000,13.019479,3.050265,45.676911
74.918239,0.000000,0.000000,0.055351,0.000000,3608.188443
50.681166,0.000000,0.000000,0.055351,0.000000,3608.188443
65.803736,0.000000,0.000000,0.055351,0.000000,3608.188443
71.174519,0.000000,0.265733,5.262909,0.000000,3136.267636
73.446288,0.000000,0.000000,0.055351,0.000000,3608.188443
62.879548,0.000000,0.000000,0.055351,0.000000,3608.188443
77.738551,1.244383,0.379608,18.411741,2.298683,47.814262
33.659210,14.908854,0.000000,22.104901,17.545034,70.440357
100.000000,0.000000,0.000000,0.055351,0.000000,3608.188443
74.004870,0.000000,1.618753,5.068137,0.000000,3187.324652
97.817235,73.905937,0.918432,22.104901,18.635245,90.596239
81.462483,0.000000,0.000000,0.055351,0.000000,3608.188443
51.893863,1.471338,0.311652,18.486930,6.204579,45.828491
87.401557,0.000000,0.000000,0.055351,0.000000,3608.188443
90.185896,42.833506,0.178212,22.104901,18.923226,85.237391
89.541294,20.967851,0.340788,22.104901,17.703748,86.778955
76.836867,23.681437,0.438229,22.104901,19.036217,80.640415
100.000000,0.000000,2.000000,6.130599,0.000000,3194.837068
60.790874,67.844940,0.000000,22.104901,15.706112,74.413990
76.742781,28.316423,0.133962,22.104901,17.582316,80.574809
47.913736,37.251767,0.323040,22.104901,19.018658,72.370723
32.642342,0.000000,0.000000,0.055351,0.000000,3608.188443
0.000000,42.281049,0.107390,2.279130,0.000000,3574.624159
61.914891,0.421515,0.294521,10.245838,0.567884,54.259343
30.419373,0.000000,0.613237,3.976055,0.000000,3209.980694
20.155494,0.000000,0.000000,0.055351,0.000000,3608.188443
91.356135,0.000000,0.000000,0.055351,0.000000,3608.188443
95.003908,14.328658,1.072015,22.104901,16.104659,73.895455
49.537629,27.985348,0.000000,22.104901,17.646201,72.281481
54.179448,7.766920,2.000000,18.569710,3.650713,47.936444
85.184312,100.000000,0.005116,22.104901,16.472258,81.308126
55.725406,5.949312,0.754317,22.104901,12.267487,53.053940
54.109411,99.602449,0.739906,22.104901,18.588940,71.103392
53.484122,69.399824,1.341531,22.104901,19.614543,72.642065
57.775132,31.872125,0.088823,22.104901,17.920324,74.596873
36.414747,0.000000,1.597240,4.986197,0.000000,3104.846325
51.155630,5.626315,0.201364,22.104901,19.299351,68.671315
87.695577,26.730489,0.000000,22.104901,16.480724,81.698888
54.387902,0.000000,0.000000,0.055351,0.000000,3608.188443
0.000000,23.225397,1.897040,0.646961,0.000000,3630.190970
0.000000,0.000000,0.000745,0.055827,0.000000,3608.187054
29.319916,37.896827,0.406607,20.320214,22.390113,64.821918
74.941886,0.000000,0.000000,0.055351,0.000000,3608.188443
1.719605,0.000000,0.205738,1.338433,0.000000,3441.083674
94.983685,29.237524,0.701456,22.104901,17.872487,85.457913
71.827336,21.920640,0.000000,22.104901,16.343463,76.439540
75.043519,20.173406,0.452551,22.104901,18.839541,82.451124
76.245994,0.000000,0.000000,0.055351,0.000000,3608.188443
100.000000,0.000000,2.000000,6.130599,0.000000,3194.837068
39.475479,11.783929,0.000000,22.104901,16.747829,68.346852
74.247785,0.000000,0.000000,0.055351,0.000000,3608.188443
79.912999,0.000000,0.000000,0.055351,0.000000,3608.188443
66.102483,0.000000,0.000000,0.055351,0.000000,3608.188443
100.000000,5.187985,0.103104,22.104901,19.102252,96.918591
100.000000,0.000000,0.000000,0.055351,0.000000,3608.188443
60.658544,0.000000,0.000000,0.055351,0.000000,3608.188443
82.491275,1.613007,0.669430,18.026652,1.872056,53.347510
50.951865,13.700675,0.279807,22.104901,19.362166,70.972953
85.146137,0.000000,0.000000,0.055351,0.000000,3608.188443
86.497926,51.842011,2.000000,22.104901,17.000177,80.146864
79.995297,100.000000,0.825420,22.104901,16.699702,77.633223
84.405298,0.000000,0.000000,0.055351,0.000000,3608.188443
0.000000,0.000000,0.252228,0.787826,0.000000,3616.146233
58.534522,0.000000,0.000000,0.055351,0.000000,3608.188443
44.162527,5.898222,0.410580,22.104901,15.583856,57.651844
100.000000,1.530786,0.000000,22.104901,16.572951,89.624492
100.000000,40.283297,0.747562,22.104901,17.990252,92.809012
97.934974,9.224244,0.000000,22.104901,15.991972,84.679494
67.119846,100.000000,0.640031,22.104901,17.868945,78.167238
76.707621,0.000000,0.285729,5.620843,0.000000,3158.932386
24.374354,12.890084,0.298992,16.785560,23.538140,61.132704
28.078432,0.000000,0.000000,0.055351,0.000000,3608.188443
100.000000,100.000000,0.000000,22.104901,15.331377,83.138123
3.752688,0.000000,0.000000,0.055351,0.000000,3608.188443
73.478451,50.484313,0.071881,22.104901,17.138990,77.921784
0.000000,0.000000,0.000000,0.055351,0.000000,3608.188443
89.372235,0.000000,0.000000,0.055351,0.000000,3608.188443
53.667990,11.497891,1.345452,22.104901,12.598556,55.085058
12.905789,24.333120,0.299213,10.742832,29.500837,64.879409
7.626363,25.904959,0.000000,8.476789,38.912085,79.638595
80.304842,60.864665,0.000000,22.104901,16.624957,80.391316
0.000000,0.000000,1.659206,0.621676,0.000000,3628.916171
53.196727,100.000000,1.390750,22.104901,17.337847,70.887858
0.000000,43.712562,1.850519,0.912008,0.000000,3629.594366
95.677882,20.304714,0.301756,22.104901,17.954394,89.118545
100.000000,30.429638,0.849013,22.104901,18.620557,92.238127
5.169066,0.000000,0.389377,2.190334,0.000000,3331.353607
34.551021,24.090078,0.365156,22.104901,19.206876,66.108607
0.000000,0.000000,0.000379,0.055698,0.000000,3608.187744
31.265580,91.305042,1.150840,21.212890,24.293454,69.456467
0.000000,0.000000,0.000000,0.055351,0.000000,3608.188443
30.328554,58.488894,0.049387,21.580172,24.533480,70.687744
53.441926,0.000000,0.000589,1.374392,0.000000,3565.278586
0.000000,21.138625,0.464293,0.950354,0.000000,3624.959987
67.467593,88.865094,1.218102,22.104901,19.661236,81.912775
100.000000,0.000000,0.110663,6.130599,0.000000,3172.848249
41.231386,8.487988,0.878707,18.480257,13.112068,49.698541
50.116588,0.000000,0.000000,0.055351,0.000000,3608.188443
15.135418,6.488678,0.000000,14.009564,23.295195,66.527260
46.365749,8.747304,1.142763,18.753982,11.410592,47.603008
73.516955,0.000000,0.000000,0.055351,0.000000,3608.188443
100.000000,0.000000,0.000000,0.055351,0.000000,3608.188443
21.884514,0.000000,0.000000,0.055351,0.000000,3608.188443
23.569631,16.758110,0.000000,18.430854,25.399932,67.991717
51.459833,0.000000,0.000000,0.055351,0.000000,3608.188443
62.217005,0.000000,0.000000,0.055351,0.000000,3608.188443
64.037899,1.758186,0.518936,18.030576,2.297369,45.791186
97.985725,27.017753,0.468366,22.104901,17.747649,89.058235
65.839050,0.000000,0.000134,0.421596,0.000000,3596.738820
44.049908,51.713339,0.000000,22.104901,16.476247,72.500437
43.496775,0.000000,0.000000,0.055351,0.000000,3608.188443
87.391390,0.000000,0.000000,0.055351,0.000000,3608.188443
100.000000,13.363075,0.000000,22.104901,15.448122,82.440732
0.000000,0.000000,0.000128,0.055500,0.000000,3608.188320
25.302606,64.629684,0.639840,18.430854,25.265384,64.530508
18.755276,12.606566,1.768037,9.500571,8.340080,42.088308
76.884167,61.903627,0.841399,22.104901,18.543190,82.935529
88.422118,28.363774,1.298609,22.104901,17.211743,78.411654
0.000000,57.121929,0.968182,1.509471,0.000000,3635.893971
0.000000,23.860345,0.313090,1.383959,0.000000,3646.450031
63.922343,18.103762,0.179328,22.104901,17.935157,77.813840
11.307312,0.000000,0.000482,0.262428,0.000000,3600.627974
60.254950,37.412807,0.375755,22.104901,19.879004,77.088923
0.000000,0.000000,0.000000,0.055351,0.000000,3608.188443
100.000000,74.731644,0.000000,22.104901,15.321684,79.837195
20.289872,0.000000,0.000000,0.055351,0.000000,3608.188443
77.752168,0.000000,0.000296,1.035723,0.000000,3577.896639
34.012889,4.819705,0.741291,15.259381,7.189568,43.911241
0.000000,8.115252,0.315497,0.957578,0.000000,3633.249130
0.000000,18.947978,1.626652,0.634147,0.000000,3629.544029
73.524638,7.151857,0.010073,22.104901,17.620235,78.866024
44.252394,9.135117,0.077602,22.104901,18.649942,71.030035
69.797520,52.686648,2.000000,22.104901,18.111136,72.297367
47.687458,0.000000,1.891732,4.986197,0.000000,3630.448643
100.000000,0.000000,0.046393,5.905031,0.000000,3221.675776
0.000000,30.499535,0.000000,2.739830,0.000000,3673.296873
30.819299,18.828428,0.274662,20.795099,24.008045,70.400186
0.000000,45.971535,1.816373,1.010118,0.000000,3634.440043
0.000000,0.000000,0.000795,0.055834,0.000000,3608.187023
81.708190,100.000000,0.000000,22.104901,17.013858,82.027712
6.216934,0.000000,0.000401,0.138159,0.000000,3604.678659
35.768728,51.474310,0.256243,22.104901,19.022004,67.953464
29.791970,0.000000,0.001236,1.521953,0.000000,3554.848125
100.000000,21.151763,0.000000,22.104901,15.546801,82.431972
9.648643,39.365945,0.560581,8.476789,32.123544,72.930813
64.606557,100.000000,0.684152,22.104901,18.334528,78.777364
0.000000,0.000000,0.315243,0.821923,0.000000,3821.879961
56.135497,0.000000,0.000684,1.661239,0.000000,3555.370334
0.000000,8.040181,0.185571,1.205216,0.000000,3763.530199
0.000000,0.000000,1.919914,0.631062,0.000000,3629.388526
73.709345,0.000000,0.000000,0.055351,0.000000,3608.188443
15.546007,0.000000,0.000375,0.280736,0.000000,3600.242093
0.000000,0.000000,0.000000,0.055351,0.000000,3608.188443
0.000000,21.134298,0.023241,2.255706,0.000000,3575.213484
43.080045,0.000000,0.000000,0.055351,0.000000,3608.188443
52.963262,0.000000,0.000028,0.098018,0.000000,3606.151090
56.071206,1.398816,0.000000,22.104901,18.536481,80.428876
100.000000,31.222574,0.545293,22.104901,18.308702,91.012414
32.794071,0.000000,0.000716,1.017571,0.000000,3575.505234
11.004803,43.252839,0.588381,9.617189,36.837265,69.651206
3.348402,0.000000,0.000000,0.055351,0.000000,3608.188443
76.260611,0.000000,0.000116,0.422647,0.000000,3596.785364
0.000000,23.375999,0.273523,1.284711,0.000000,3626.540009
8.311964,0.000000,0.000629,0.250016,0.000000,3600.793307
25.135746,100.000000,0.757298,18.430854,23.818869,65.660152
0.000000,23.984579,1.861308,0.646222,0.000000,3630.153558
29.260305,54.117416,0.796141,20.320214,21.987802,64.848410
58.460234,28.424277,2.000000,22.104901,15.512184,61.081432
37.169422,4.934898,0.387793,18.849884,16.030541,55.132712
100.000000,48.980801,0.098058,22.104901,17.150961,85.382765
100.000000,35.925533,0.217554,22.104901,17.708662,89.753553
0.000000,0.000000,0.001012,0.055843,0.000000,3608.187125
13.433351,32.891383,0.452254,11.360348,32.658097,67.391932
46.778097,0.000000,0.000074,0.184772,0.000000,3603.660909
18.891912,46.918924,0.503516,14.986921,25.212372,62.721006
53.809717,0.000000,0.000022,0.083627,0.000000,3606.578088
42.412664,0.000000,0.001020,1.816537,0.000000,3546.760324
0.295007,0.000000,0.000000,0.055351,0.000000,3608.188443
49.739190,70.425666,0.000000,22.104901,16.995109,73.154039
3.554644,0.000000,1.683628,2.027537,0.000000,3430.029373
70.017786,41.152157,0.016584,22.104901,18.059222,76.919766
63.967278,39.257002,0.080386,22.104901,18.626013,77.565151
68.311863,28.628832,0.710980,22.104901,18.498292,77.014934
100.000000,18.583552,0.000000,22.104901,15.557591,81.393225
0.000000,1.592675,0.000000,1.836332,0.000000,3572.879106
43.817849,0.000000,0.197014,4.986197,0.000000,3132.975004
100.000000,78.468970,0.308265,22.104901,16.903254,89.385635
27.279992,4.747014,2.000000,7.857061,0.000000,54.808022
32.685312,0.000000,0.001136,1.546850,0.000000,3554.799111
62.550652,72.447238,1.669908,22.104901,19.014225,75.002892
13.055561,0.000000,0.000842,0.481488,0.000000,3592.491288
53.369967,20.497613,0.403458,22.104901,19.571101,74.151843
3.777019,0.000000,0.001948,0.304962,0.000000,3596.992438
61.003762,20.486191,0.344951,22.104901,19.088843,77.375427
2.532678,0.000000,0.000000,0.055351,0.000000,3608.188443
0.000000,0.000000,1.005884,0.730477,0.000000,3624.263438
88.631974,11.036455,0.015789,22.104901,16.889692,81.068507
32.617036,0.000000,0.001951,2.442928,0.000000,3515.427823
80.668093,0.000000,2.000000,6.130599,0.000000,3095.632965
100.000000,0.567991,1.925512,6.195542,0.000000,248.458030
0.000000,0.000000,0.000942,0.055844,0.000000,3608.187051
0.000000,0.000000,0.002038,0.055714,0.000000,3608.190539
50.047295,0.000000,0.000774,1.662381,0.000000,3554.381443
60.823534,6.822663,0.136307,22.104901,19.233698,76.640403
31.453668,0.000000,0.000345,0.496020,0.000000,3593.651623
47.380399,0.000000,0.000165,0.374933,0.000000,3597.970818
49.708679,0.509743,0.146562,15.200245,4.282027,43.523268
0.000000,0.000000,0.000000,0.055351,0.000000,3608.188443
0.000000,0.000000,0.001796,0.055743,0.000000,3608.189672
47.697974,35.075553,0.751583,22.104901,18.704815,69.832540
0.000000,0.000000,0.000898,0.055842,0.000000,3608.187025
34.480794,0.000000,0.001140,1.636788,0.000000,3551.684155
80.877073,5.295847,0.601244,22.104901,13.565574,62.084718
51.725819,0.000000,0.001663,3.217005,0.000000,3490.328433
33.326405,85.289613,0.626810,22.060149,21.343262,68.382217
49.512055,18.109514,0.172747,22.104901,19.137944,71.112400
95.140924,16.736294,1.048952,22.104901,15.664796,74.437647
80.656298,18.866843,0.000000,22.104901,16.961299,80.694659
47.374386,0.000000,0.280335,4.986197,0.000000,3211.410841
91.281670,19.791199,0.000000,22.104901,16.386462,83.449139
87.871201,23.416861,0.526960,22.104901,18.225517,83.334682
27.489559,0.000000,0.000761,0.904524,0.000000,3578.853830
15.291567,51.107445,0.326448,13.002718,27.398447,64.054821
96.894515,0.000000,0.000342,1.476030,0.000000,3564.646729
0.000000,0.000000,0.950680,0.648407,0.000000,3617.157042
90.681547,0.000000,0.000045,0.215232,0.000000,3602.860497
3.539210,0.000000,0.001815,0.273117,0.000000,3598.424430
0.000000,0.000000,0.000422,0.055722,0.000000,3608.187631
100.000000,100.000000,0.245238,22.104901,17.150961,85.447377
7.944691,11.171779,0.000000,8.476789,50.102515,87.504142
49.356468,56.200107,0.004407,22.104901,17.139214,74.220267
54.464721,7.596307,1.276389,20.662006,10.985653,49.190124
50.721578,19.066773,0.105834,22.104901,18.017715,71.705348
0.000000,28.928639,1.664930,1.116918,0.000000,3569.528989
31.892301,1.150090,0.000679,21.497681,22.512572,65.941448
83.889874,16.794091,0.813949,22.104901,17.620840,76.148883
4.109360,86.941114,0.239100,4.986197,23.855886,79.473727
53.696697,0.000000,1.213700,4.986197,0.000000,3267.093986
68.621374,0.000000,0.002334,4.536611,0.000000,3432.310555
0.000000,41.520958,1.734982,0.923647,0.000000,3628.147810
36.245578,0.000000,0.001343,1.989166,0.000000,3537.600071
0.000000,5.140072,0.470716,0.916653,0.000000,3576.213041
50.826993,0.000000,0.001432,2.845756,0.000000,3506.542062
30.750012,11.717126,0.206319,20.788804,23.222180,65.824479
0.000000,0.000000,0.000426,0.055724,0.000000,3608.187621
21.769992,99.915975,0.960885,16.785560,24.910233,62.742782
100.000000,36.328533,1.081862,22.104901,17.849096,87.040525
6.746729,0.000000,0.003345,0.795747,0.000000,3573.495533
100.000000,5.255762,0.163033,22.104901,18.264024,92.801002
0.000000,1.461820,0.000000,0.286351,0.000000,3604.183014
5.299421,0.000000,0.002320,0.473252,0.000000,3589.468342
21.286172,0.000000,0.002521,1.993363,0.000000,3527.953232
100.000000,0.000000,0.001625,4.839664,0.000000,3433.920249
99.658547,0.000000,0.093195,6.066009,0.000000,3156.848135
18.664654,0.000000,0.000724,0.590440,0.000000,3589.194021
33.979847,0.000000,0.001549,2.112750,0.000000,3531.272281
41.216536,0.000000,0.321666,4.986197,0.000000,3131.243748
11.976464,0.000000,0.001281,0.637076,0.000000,3585.610233
47.489950,0.000000,0.001978,3.383041,0.000000,3480.184345
99.518957,3.839363,0.654227,22.104901,10.636294,56.891228
2.513276,0.000000,0.002050,0.221502,0.000000,3600.299093
0.000000,0.000000,0.002736,0.055741,0.000000,3608.191937
100.000000,0.000000,0.057122,5.889689,0.000000,3201.787260
46.868673,0.000000,0.001442,2.674448,0.000000,3512.424856
41.148034,68.606004,0.291784,22.104901,15.919080,68.935594
100.000000,16.951319,0.000000,22.104901,15.564449,81.668752
100.000000,0.000000,0.521908,6.130599,0.000000,3209.899102
95.139610,0.000000,1.490859,6.130599,0.000000,3300.749505
0.000000,87.488757,0.418133,2.109867,0.000000,3577.752304
83.974733,0.000000,0.177895,5.892816,0.000000,3173.626569
47.372195,3.299861,0.647324,17.583218,6.263026,44.945136
62.902338,0.000000,0.000611,1.673675,0.000000,3555.773116
100.000000,65.741252,0.000000,22.104901,15.359458,80.208795
100.000000,0.000000,0.001209,4.194659,0.000000,3464.290128
41.435275,53.984407,1.360518,22.104901,18.119023,65.246521
79.348400,0.000000,0.000620,2.133173,0.000000,3541.438536
0.000000,0.000000,0.002573,0.055717,0.000000,3608.191786
6.903141,0.000000,0.002180,0.582284,0.000000,3585.387633
68.241582,0.000000,0.487043,4.986197,0.000000,3280.772297
44.704890,42.810116,2.000000,22.104901,17.902931,63.167500
45.611879,19.740396,0.000000,22.104901,17.213901,73.555222
81.655948,0.000000,1.376096,6.130599,0.000000,2905.209549
24.388100,9.318366,0.000000,19.135796,28.794449,71.134046
100.000000,41.690936,2.000000,22.104901,17.419633,81.512391
61.821733,0.135785,0.001471,22.104901,2.595611,37.751437
58.758237,19.898721,0.820546,22.104901,18.237614,66.811320
0.000000,76.464622,0.198799,2.127454,0.000000,3576.965998
16.105492,18.516014,0.236781,13.002718,24.717207,62.963807
12.300341,0.000000,0.002638,1.200780,0.000000,3559.107384
10.982221,0.000000,1.534560,2.817893,0.000000,2979.143618
61.754597,0.000000,0.001895,3.899406,0.000000,3462.472194
8.457006,21.993694,0.443223,7.286218,37.013849,70.704600
100.000000,0.000000,0.000864,3.446368,0.000000,3495.928746
52.569222,4.528267,0.000000,22.104901,17.455422,73.427575
53.902144,0.000000,0.001607,3.251030,0.000000,3489.867829
75.521147,100.000000,0.000000,22.104901,17.461442,80.980130
19.736833,27.621052,1.250129,12.879096,24.334555,57.694710
19.555707,0.000000,0.002754,1.964727,0.000000,3527.324745
19.269602,11.263653,0.000000,15.982395,25.422611,67.921647
69.087481,1.836882,0.000530,22.104901,18.644573,81.797506
28.308981,0.000000,0.002023,2.210484,0.000000,3523.525214
44.700961,0.000000,0.003053,3.898287,0.000000,3445.894497
93.686505,0.000000,0.001467,4.425090,0.000000,3451.255491
10.819022,3.648006,0.118528,8.052023,38.692931,69.404641
15.874520,0.000000,0.002799,1.619027,0.000000,3541.144023
17.931367,0.000000,0.003465,2.133728,0.000000,3514.778123
28.728331,1.405350,0.111743,16.084507,19.746707,55.512386
39.036466,0.000000,0.002571,3.404896,0.000000,3471.819280
54.020385,0.000000,0.001625,3.283312,0.000000,3488.471258
100.000000,57.544487,0.782548,22.104901,17.747817,90.417126
72.651412,0.000000,0.002802,4.839493,0.000000,3413.306728
87.533216,0.000000,0.002643,5.175835,0.000000,3403.622268
15.765542,13.074931,0.000000,14.009564,21.554524,66.108117
41.525813,0.000000,0.001200,2.058683,0.000000,3536.645563
45.989768,0.000000,0.000000,0.055351,0.000000,3608.188443
38.792101,26.342007,1.692534,22.104901,15.756698,56.350133
89.281680,2.561943,0.287464,22.104901,14.585615,64.532838
100.000000,26.150707,1.465720,22.104901,15.892103,77.931271
46.888584,100.000000,0.889088,22.104901,16.961567,69.269325
57.933492,26.224208,0.099694,22.104901,18.440727,76.492104
63.733275,35.456714,0.242978,22.104901,17.792445,75.413862
85.046070,0.000000,0.001083,3.575063,0.000000,3487.333746
34.088319,65.405240,0.023320,22.104901,17.660835,71.509269
86.502243,0.000000,0.002249,4.949726,0.000000,3418.720095
92.609936,54.277972,0.113483,22.104901,16.265442,82.038867
0.000000,0.000000,0.003563,0.056062,0.000000,3608.190690
59.464824,0.000000,0.000357,0.948913,0.000000,3580.006165
24.171742,0.000000,0.004463,3.084676,0.000000,3463.312892
10.361773,67.680691,0.140284,10.742832,29.666016,71.254127
12.480609,61.455828,1.646112,9.617189,32.677672,64.303143
43.338319,42.763572,0.012381,22.104901,17.291221,73.511578
37.177216,25.967890,0.752262,22.104901,18.242679,63.622176
35.045877,73.447526,1.342522,22.104901,18.340514,64.134577
9.945806,17.914935,0.707277,7.566816,35.536613,67.475141
31.878810,0.284452,0.001758,19.425493,9.331123,36.360221
6.047657,24.751733,0.050237,7.286218,30.567150,82.466561
98.987960,28.115169,0.182597,22.104901,17.687506,87.090516
0.000000,30.111283,0.000000,2.645255,0.000000,3696.064197
0.000000,0.000000,0.001977,0.055720,0.000000,3608.190334
56.891675,15.467290,0.000000,22.104901,16.744370,75.358586
34.350662,0.000000,0.002429,2.950181,0.000000,3491.226679
26.130044,17.012185,0.000000,19.761602,25.119350,70.567154
0.000000,0.000000,0.001039,0.055842,0.000000,3608.187164
83.585947,0.000000,0.252204,6.023682,0.000000,3159.144352
100.000000,0.000000,0.002663,5.516648,0.000000,3390.829367
67.065549,56.515840,0.372654,22.104901,16.718578,75.625917
17.847995,0.000000,0.000000,0.055351,0.000000,3608.188443
80.450873,0.000000,0.000167,0.620180,0.000000,3590.837847
0.000000,0.000000,0.512678,0.778905,0.000000,3613.838582
34.862570,0.634123,0.002118,21.706679,17.631462,50.847921
55.564653,0.000000,0.001693,3.464564,0.000000,3481.043095
45.321836,0.000000,0.002858,3.835365,0.000000,3451.121149
63.587219,0.000000,0.000457,1.285852,0.000000,3569.165111
0.000000,8.231368,0.004564,2.292209,0.000000,3583.060608
28.161030,0.000000,0.003962,3.254285,0.000000,3461.248668
25.681043,0.000000,0.005477,3.374943,0.000000,3439.553862
24.199944,1.569902,0.011699,18.193841,28.829661,76.560009
80.349502,0.000000,0.002005,4.671135,0.000000,3432.899352
33.503784,0.000000,0.001001,1.414427,0.000000,3560.399272
79.097150,100.000000,0.969057,22.104901,18.263826,85.544026
56.690332,0.000000,0.002063,3.846555,0.000000,3461.958244
61.958976,0.000000,0.001373,3.262508,0.000000,3492.857820
0.000000,9.723549,0.473599,1.022781,0.000000,3622.374469
42.630578,0.000000,0.001276,2.231497,0.000000,3529.850554
53.932372,0.000000,0.000326,0.789043,0.000000,3584.908164
0.000000,31.149837,2.000000,0.656374,0.000000,3634.932632
35.213171,67.136640,0.990757,22.104901,19.437961,68.086957
96.130694,12.626946,0.000000,22.104901,16.003961,82.184721
62.656734,0.000000,0.923321,4.986197,0.000000,3347.758232
70.365889,16.803961,0.060232,22.104901,17.802746,78.115936
100.000000,61.519541,0.060567,22.104901,15.488097,82.074623
71.563262,0.000000,0.001795,4.143628,0.000000,3455.265895
0.000000,32.037920,0.363084,1.743065,0.000000,3587.387455
27.869187,0.000000,0.000000,0.055351,0.000000,3608.188443
90.071203,0.000000,0.000000,0.055351,0.000000,3608.188443
80.863605,0.000000,0.002725,5.035291,0.000000,3407.333988
94.959152,0.000000,0.000000,0.055351,0.000000,3608.188443
63.378102,0.000000,0.002770,4.568946,0.000000,3424.012162
0.000000,100.000000,0.000000,2.116392,0.000000,3577.452106
0.000000,0.000000,0.000000,0.055351,0.000000,3608.188443
84.261405,35.807902,0.008584,22.104901,16.870817,80.413776
53.837193,33.866901,0.571166,22.104901,19.928307,75.851003
65.581310,54.783949,1.535036,22.104901,18.878243,74.747040
0.000000,3.777465,0.000000,2.331069,0.000000,3694.806251
0.000000,2.192853,0.000951,2.023448,0.000000,3580.031219
4.439970,8.927446,0.000000,6.095673,20.926294,77.086868
100.000000,0.000000,0.192452,6.130599,0.000000,3240.319025
57.471349,45.629303,0.707598,22.104901,19.100429,75.750081
57.492951,0.000000,0.000838,2.052366,0.000000,3541.085868
69.090342,72.264328,0.589195,22.104901,19.816957,81.536800
25.317069,0.000000,0.001016,1.086862,0.000000,3571.299391
42.779346,22.433024,0.254383,22.104901,19.161221,69.314214
39.581907,0.000000,0.001584,2.485420,0.000000,3517.528844
82.134226,4.317996,0.257651,22.104901,17.991052,74.484384
72.801008,0.000000,0.000000,0.055351,0.000000,3608.188443
14.031461,0.000000,0.714099,3.423416,0.000000,3223.398685
30.745284,0.000000,0.000953,1.242458,0.000000,3566.514494
100.000000,0.000000,0.000000,0.055351,0.000000,3608.188443
77.633259,4.320445,2.000000,15.623885,1.321605,51.224643
1.266299,0.000000,0.001659,0.112062,0.000000,3604.942226
49.215827,0.000000,0.001673,3.096917,0.000000,3494.511012
15.961192,0.000000,0.000932,0.636499,0.000000,3586.843324
2.128175,0.000000,0.000784,0.100649,0.000000,3605.695686
18.531897,18.355408,0.048960,15.912678,26.617219,65.780402
36.115445,0.000000,0.002205,2.886096,0.000000,3496.138709
31.346389,0.000000,0.005151,3.728933,0.000000,3425.588000
39.545491,0.170938,0.174204,6.304459,0.289721,61.186239
0.000000,0.000000,0.000380,0.055699,0.000000,3608.187739
0.000000,0.000000,0.001293,0.055820,0.000000,3608.187779
5.864091,0.000000,0.428933,2.508857,0.000000,3300.968970
0.000000,0.000000,0.002370,0.055702,0.000000,3608.191443
0.000000,0.000000,0.001386,0.055806,0.000000,3608.188097
61.862778,7.020594,0.872158,22.104901,12.723187,54.405268
52.507628,0.000000,0.001670,3.268318,0.000000,3488.394485
38.189453,0.000000,0.001458,2.249363,0.000000,3527.279019
55.265046,28.346544,0.000000,22.104901,16.798207,74.600959
0.000000,83.275174,1.764773,1.411005,0.000000,3651.496267
43.770020,0.000000,1.951496,4.986197,0.000000,3291.454855
28.322330,100.000000,0.920011,20.320214,25.340187,66.209454
85.985136,0.000000,0.015743,5.922844,0.000000,3278.876201
59.982440,37.370027,0.000000,22.104901,16.201156,75.729476
46.932011,0.000000,0.000000,0.055351,0.000000,3608.188443
90.633091,15.777239,0.212067,22.104901,17.696298,86.404461
55.822695,0.000000,0.002462,4.092367,0.000000,3446.954348
56.608829,0.000000,0.000525,1.306473,0.000000,3567.940062
100.000000,0.000000,0.000000,0.055351,0.000000,3608.188443
94.679496,0.000000,0.001647,4.708179,0.000000,3438.044419
48.466567,0.000000,0.000000,0.055351,0.000000,3608.188443
63.853269,0.000000,0.304933,4.986197,0.000000,3149.850804
11.919499,0.000000,0.002655,1.170166,0.000000,3560.274486
97.595137,13.855202,0.000000,22.104901,16.226400,83.840359
81.594796,19.675745,1.227015,22.104901,15.672513,67.846352
75.916274,20.098305,0.163427,22.104901,18.573077,80.827194
92.898788,0.000000,2.000000,6.130599,0.000000,3252.154339
6.817629,2.735993,0.001831,7.841840,58.398186,95.862123
33.966123,4.454385,0.862779,13.274714,5.120302,41.011207
44.969596,24.869855,0.425713,22.104901,19.201739,72.036901
92.989577,31.255671,1.199981,22.104901,17.199883,82.350471
99.913997,0.000000,0.000392,1.735016,0.000000,3556.462435
0.000000,100.000000,1.805059,1.412293,0.000000,3627.327611
49.245225,0.000000,0.000000,0.055351,0.000000,3608.188443
61.445462,20.009651,0.506413,22.104901,18.575988,74.681319
83.037246,0.000000,0.002838,5.145162,0.000000,3401.276589
42.910718,31.257998,0.159375,22.104901,18.157626,68.508926
0.000000,0.000000,0.001955,0.055722,0.000000,3608.190259
0.000000,41.044490,0.397041,1.302576,0.000000,3586.362629
49.193490,0.000000,0.002427,3.782546,0.000000,3459.232644
25.268454,0.000000,0.003112,2.663436,0.000000,3495.495751
86.629237,11.771469,1.733470,22.104901,10.615722,53.891575
0.000000,1.600607,0.002601,1.414093,0.000000,3570.847904
21.468633,0.000000,0.002293,1.863536,0.000000,3534.737829
13.687441,0.000000,0.000594,0.372245,0.000000,3596.839659
0.000000,0.000000,0.001562,0.055779,0.000000,3608.188762
72.411386,19.500532,0.081563,22.104901,17.067543,78.453135
44.865302,0.000000,0.000273,0.561554,0.000000,3591.972108
6.898910,0.000000,0.002531,0.656385,0.000000,3581.611973
93.697633,0.000000,0.145703,6.130599,0.000000,3206.242351
2.102625,0.000000,0.000424,0.069837,0.000000,3606.858351
65.137138,0.000000,0.002139,4.230094,0.000000,3446.734993
56.426171,9.936364,0.994632,22.104901,13.608718,56.755281
21.651059,0.000000,0.002827,2.209819,0.000000,3516.758307
62.474602,0.000000,0.001929,3.953327,0.000000,3460.017593
100.000000,2.654902,0.799231,22.104901,4.997778,55.295058
37.335840,0.000000,0.003570,3.702981,0.000000,3446.841943
11.252240,0.000000,0.003030,1.224444,0.000000,3556.314177
100.000000,26.233244,1.672319,22.104901,16.000022,76.241866
71.368234,58.875084,1.018779,22.104901,19.132835,80.813708
12.508183,1.793186,2.000000,3.872578,0.000000,231.348689
10.640364,81.312009,0.524774,9.617189,42.607062,77.272361
34.439774,3.060817,0.156789,19.986301,21.465720,61.336854
8.848584,15.547046,0.658972,6.861875,41.531753,74.485579
27.866195,0.000000,0.003135,2.907659,0.000000,3485.140347
100.000000,48.475415,0.000000,22.104901,15.432000,83.365914
100.000000,0.000000,0.002076,5.152982,0.000000,3414.598271
9.576070,0.000000,0.002718,0.959847,0.000000,3568.634227
1.258048,0.000000,0.002748,0.151849,0.000000,3602.814594
23.686678,0.000000,0.002876,2.403374,0.000000,3508.439285
2.634361,0.000000,0.002746,0.282522,0.000000,3597.034461
97.237294,75.709859,0.134048,22.104901,17.212425,83.718806
48.928477,0.000000,0.005096,4.511093,0.000000,3391.107752
64.117729,0.000000,0.012696,5.530926,0.000000,3301.877660
88.690766,0.000000,1.166193,6.130599,0.000000,3173.044662
41.131921,62.198488,0.000000,22.104901,16.749205,69.803692
100.000000,3.137629,0.000000,22.104901,16.074761,84.381115
43.140207,1.146952,0.001566,22.104901,18.671420,68.885571
71.086465,17.232695,1.778885,22.104901,12.875285,58.527181
4.587581,50.208958,0.551372,4.986197,33.162620,83.471062
60.103870,0.000000,0.995544,4.986197,0.000000,2967.388392
67.842132,0.000000,0.001565,3.795492,0.000000,3471.259217
47.878192,18.573686,0.700171,22.104901,18.601453,65.090355
60.120145,0.000000,0.002903,4.514261,0.000000,3423.955693
71.382481,34.006932,0.440030,22.104901,18.802611,82.590097
82.988865,0.000000,0.001773,4.498530,0.000000,3443.063337
11.807367,58.563740,0.000000,11.871692,33.204505,75.028504
34.013788,0.000000,0.002576,3.041086,0.000000,3486.014234
17.092830,70.218569,0.807645,14.009564,24.011299,63.333348
50.780194,0.000000,0.002943,4.151588,0.000000,3437.443261
0.000000,0.000000,0.006536,0.058713,0.000000,3608.162963
11.602536,9.734041,1.296490,6.590565,17.320944,45.167400
33.123457,1.349963,0.002705,21.824536,22.235483,71.181030
0.598269,0.000000,0.003762,0.103792,0.000000,3604.634907
58.417421,0.000000,0.001705,3.629165,0.000000,3474.968844
27.782627,0.000000,0.002161,2.291294,0.000000,3519.259753
100.000000,15.937681,0.085957,22.104901,17.356808,87.333174
31.316538,0.000000,0.001464,1.855385,0.000000,3541.246384
49.722790,0.000000,0.000000,0.055351,0.000000,3608.188443
64.101109,0.409720,0.256915,11.380592,0.568394,51.682042
33.127145,0.000000,0.002099,2.597129,0.000000,3508.209687
100.000000,0.000000,0.001693,4.894412,0.000000,3430.721395
100.000000,35.572663,1.068055,22.104901,17.849096,89.833858
59.225658,0.000000,0.001476,3.311128,0.000000,3489.609132
69.769426,0.000000,0.001905,4.190453,0.000000,3451.826559
0.000000,0.000000,0.354842,0.744790,0.000000,3611.450039
25.279243,0.000000,0.003538,2.881121,0.000000,3481.988212
14.544873,0.000000,0.004431,2.052132,0.000000,3511.194631
0.000000,25.506449,0.849049,1.112009,0.000000,3634.540089
100.000000,18.494125,0.490344,22.104901,18.224144,89.903650
22.349707,27.893321,0.990758,14.986921,21.662581,56.310372
29.784570,28.948490,0.000000,21.212890,25.830307,70.751831
19.349062,23.740632,0.147192,15.912678,25.926809,64.536876
21.451847,0.000000,1.320859,3.872578,0.000000,3102.900100
42.095191,0.000000,0.004553,4.168984,0.000000,3413.767522
47.475649,42.896902,0.119641,22.104901,17.948636,71.242622
69.211601,0.000000,0.000909,2.634803,0.000000,3521.200780
0.000000,0.000000,0.001959,0.055722,0.000000,3608.190274
29.370422,0.000000,0.002189,2.416945,0.000000,3514.211429
0.000000,0.000000,0.003280,0.055916,0.000000,3608.191527
0.000000,0.000000,0.004259,0.056554,0.000000,3608.186722
34.399584,100.000000,0.000000,22.104901,17.660835,71.391957
81.249406,0.000000,0.001878,4.561441,0.000000,3439.012451
24.448304,80.816166,0.018165,19.135796,25.691298,68.975666
58.803554,33.435183,0.876705,22.104901,19.674532,74.955127
2.536918,88.209369,0.456555,3.872578,14.180530,82.022029
17.974286,33.762207,2.000000,11.499595,21.644844,53.098446
25.662322,0.000000,0.001205,1.283836,0.000000,3563.336067
45.155470,15.488799,0.000000,22.104901,16.718509,72.756202
61.404930,25.122666,0.217131,22.104901,18.353655,77.527860
0.000000,20.615043,0.000000,2.646427,0.000000,3689.684241
14.916471,0.000000,0.003637,1.854002,0.000000,3525.712492
53.695442,0.000000,0.000000,0.055351,0.000000,3608.188443
36.386098,0.000000,0.004751,3.947321,0.000000,3420.844162
6.238862,42.087751,0.000000,7.286218,23.623480,74.711672
7.482703,0.000000,0.000484,0.185092,0.000000,3603.104639
83.195042,0.000000,0.316445,6.121554,0.000000,3054.181735
55.445087,0.000000,0.001612,3.338149,0.000000,3486.694488
83.099975,80.399654,0.633512,22.104901,18.739871,86.220722
42.377944,0.000000,0.000000,0.055351,0.000000,3608.188443
35.526365,0.000000,0.004405,3.848263,0.000000,3429.753811
0.000000,0.000000,0.000000,0.055351,0.000000,3608.188443
85.171682,1.249577,0.001207,22.104901,17.296442,93.914311
22.599691,0.000000,0.002907,2.327239,0.000000,3511.274499
26.218717,0.000000,0.005323,3.373055,0.000000,3440.445981
59.676079,0.000000,0.002796,4.472424,0.000000,3427.245241
0.000000,6.674167,0.071220,1.394163,0.000000,3766.459870
20.171586,0.000000,0.003209,2.248507,0.000000,3511.952911
60.095412,0.000000,0.003142,4.576847,0.000000,3417.716782
28.531279,1.769179,0.275551,12.895080,7.363728,41.344090
85.919861,0.000000,0.003313,5.402580,0.000000,3383.058984
10.104027,0.000000,0.001118,0.482603,0.000000,3591.664738
56.808964,40.419132,0.232250,22.104901,19.261892,74.459918
71.062854,0.000000,0.002417,4.652069,0.000000,3426.665415
0.000000,0.000000,0.002677,0.055731,0.000000,3608.191895
21.701630,2.863765,0.000000,17.531427,32.504744,73.244192
42.360936,0.000000,0.000000,0.055351,0.000000,3608.188443
22.381770,0.000000,0.004056,2.812068,0.000000,3479.768291
25.761776,0.995280,0.000000,19.281058,25.899551,60.170398
19.080427,0.000000,0.625856,3.872578,0.000000,3256.979926
70.611534,21.926668,0.000000,22.104901,18.148063,78.152845
46.837412,0.000000,1.291795,4.986197,0.000000,3053.481620
100.000000,32.726420,0.043417,22.104901,16.427172,83.107039
62.697635,65.377941,0.360006,22.104901,18.315536,77.590929
55.524309,0.000000,0.002252,3.936312,0.000000,3455.916649
0.000000,50.585567,0.160533,2.309341,0.000000,3564.300969
10.226131,0.000000,0.002167,0.854011,0.000000,3574.768764
64.114528,0.000000,0.001217,3.069526,0.000000,3501.911860
57.523236,0.000000,0.001750,3.636579,0.000000,3474.043737
45.390610,0.000000,0.003415,4.102736,0.000000,3432.428013
15.623778,0.000000,0.005141,2.348436,0.000000,3491.523396
5.667099,0.000000,0.314893,2.354748,0.000000,3093.528086
52.548972,0.000000,0.000000,0.055351,0.000000,3608.188443
63.220964,81.690661,0.006231,22.104901,17.360296,76.718995
41.058014,30.899682,0.421563,22.104901,18.830315,68.570298
0.000000,30.537861,1.927928,1.069899,0.000000,3585.730633
0.000000,26.090044,0.724569,1.295015,0.000000,3587.669334
6.274284,0.000000,0.002345,0.562369,0.000000,3585.823802
0.000000,11.323241,0.999509,0.958478,0.000000,3599.444489
100.000000,26.004373,0.000000,22.104901,15.526412,80.025352
52.961143,23.066335,0.278313,22.104901,18.767400,71.879088
0.000000,0.000000,0.005623,0.057832,0.000000,3608.173150
49.832600,0.000000,0.001756,3.239711,0.000000,3488.292752
5.456692,0.000000,0.002342,0.489667,0.000000,3588.735812
0.000000,33.603031,0.411474,1.294252,0.000000,3586.065733
0.000000,0.000000,0.000999,0.055844,0.000000,3608.187108
100.000000,7.285778,0.510390,22.104901,16.425952,74.242129
17.003661,0.000000,0.000000,0.055351,0.000000,3608.188443
71.173896,11.798395,0.369606,22.104901,18.557604,77.246773
19.639333,0.000000,0.001203,0.983431,0.000000,3573.783962
53.276747,0.000000,0.000000,0.055351,0.000000,3608.188443
12.927143,0.000000,0.000787,0.450397,0.000000,3593.714822
33.584891,0.000000,0.002009,2.551439,0.000000,3510.811148
47.767694,0.000000,0.002059,3.498026,0.000000,3474.862822
0.000000,0.000000,0.006304,0.058495,0.000000,3608.165499
54.813166,0.000000,0.002945,4.354527,0.000000,3429.443035
19.083298,0.000000,0.034195,3.878054,0.000000,3294.049874
35.143938,0.000000,0.003950,3.692015,0.000000,3442.427758
37.772320,0.000000,0.006830,4.337636,0.000000,3385.991138
39.178644,1.714652,0.049656,22.104901,21.022731,80.079973
54.458538,0.000000,0.002075,3.770890,0.000000,3464.566201
0.000000,0.000000,0.002761,0.055746,0.000000,3608.191950
28.755933,76.104121,0.648800,20.320214,24.557048,66.594364
21.197586,0.000000,0.004418,2.815853,0.000000,3476.031881
33.280739,0.000000,0.003390,3.411270,0.000000,3461.278047
56.321782,5.920470,0.274348,22.104901,18.556040,68.097387
62.962944,0.000000,0.006405,5.119123,0.000000,3353.508603
23.464565,0.000000,0.002893,2.393661,0.000000,3508.677021
60.114146,0.000000,1.110599,4.986197,0.000000,2954.359802
33.239399,87.101241,0.848596,21.978005,21.804141,67.326905
100.000000,0.000000,1.544445,6.130599,0.000000,3111.676250
9.466340,100.000000,1.098060,8.476789,32.075131,67.619107
12.473366,0.483695,0.000000,11.414353,20.338393,41.834045
100.000000,100.000000,0.000000,22.104901,15.331377,83.138123
65.405472,0.000000,0.000000,0.055351,0.000000,3608.188443
100.000000,11.307394,0.077676,22.104901,17.195620,88.495949
24.216951,0.000000,0.002986,2.505124,0.000000,3503.258360
89.552817,0.000000,0.002328,5.063239,0.000000,3413.248791
12.698067,0.000000,0.001499,0.774989,0.000000,3579.937524
70.197254,0.000000,0.002171,4.455359,0.000000,3437.954012
45.360222,0.000000,0.001862,3.117156,0.000000,3491.426778
22.902943,51.952561,0.383628,17.643609,24.925410,65.077801
0.000000,0.000000,0.006097,0.058297,0.000000,3608.167798
91.326667,6.469419,0.000000,22.104901,16.021290,82.054176
64.657788,10.811904,0.104827,22.104901,18.106463,75.181138
94.761227,33.868606,1.078761,22.104901,17.926799,82.804923
100.000000,0.000000,0.031002,5.948185,0.000000,3252.769868
19.160906,0.000000,0.003073,2.094934,0.000000,3519.503258
67.572759,9.048579,0.800543,22.104901,14.998868,63.702320
83.286814,65.403361,0.623074,22.104901,17.626761,82.680216
75.356967,11.475300,1.161001,22.104901,14.040554,59.488505
1.350551,0.000000,0.003288,0.179032,0.000000,3601.257005
46.172109,0.000000,0.003201,4.046442,0.000000,3437.815576
14.407447,0.000000,0.000000,0.055351,0.000000,3608.188443
15.881946,17.373313,0.515898,11.458391,27.623619,60.240998
100.000000,0.000000,0.004102,5.757202,0.000000,3356.357384
18.713238,22.917146,0.379742,14.009564,22.099388,60.773946
0.000000,0.000000,0.003133,0.055855,0.000000,3608.191787
29.848482,0.000000,0.247914,4.128614,0.000000,3143.892756
4.190751,0.000000,0.004114,0.577074,0.000000,3581.426694
36.498372,0.000000,0.004149,3.838210,0.000000,3433.536237
28.816123,0.000000,0.003440,3.170975,0.000000,3470.723716
0.000000,0.000000,0.003822,0.056224,0.000000,3608.189532
43.314680,0.000000,0.002985,3.795551,0.000000,3450.934508
43.891020,0.000000,0.004401,4.226441,0.000000,3413.366582
18.510902,0.000000,0.002844,1.907822,0.000000,3528.986330
61.002124,6.405453,0.049016,22.104901,18.496822,76.601317
40.619784,0.000000,0.003266,3.774656,0.000000,3447.927997
0.000000,0.000000,0.004454,0.056719,0.000000,3608.185153
87.211264,0.825396,0.205801,22.104901,8.366443,55.104547
0.000000,0.000000,0.001970,0.055720,0.000000,3608.190309
34.310506,0.000000,0.004782,3.861373,0.000000,3424.262557
8.177461,63.463851,1.724297,7.022415,38.830109,71.406181
0.000000,0.000000,0.004222,0.056524,0.000000,3608.186999
64.043370,0.000000,0.001735,3.837914,0.000000,3467.085992
68.664967,11.358284,0.296244,22.104901,18.766696,78.102401
41.360862,0.000000,0.008197,4.636182,0.000000,3364.116222
25.753166,0.000000,0.001640,1.686999,0.000000,3545.961761
61.741165,16.830388,1.378263,22.104901,15.010153,59.127757
100.000000,100.000000,0.654236,22.104901,17.662618,88.763925
80.055379,20.366932,1.067203,22.104901,16.580758,71.412308
0.000000,51.169429,0.504554,1.345464,0.000000,3595.555811
0.000000,0.000000,0.216084,0.700745,0.000000,3558.857972
58.268832,0.000000,0.195888,4.986197,0.000000,3197.626459
26.060196,0.000000,0.002110,2.108710,0.000000,3526.672838
27.200265,40.069711,0.088226,20.320214,25.742007,68.085538
39.832756,0.000000,0.004016,4.008968,0.000000,3427.924972
81.479615,0.000000,0.002726,5.052233,0.000000,3406.701105
0.000000,0.000000,0.004004,0.056354,0.000000,3608.188492
39.124206,0.000000,0.002376,3.249340,0.000000,3480.283577
30.597008,0.000000,0.000000,0.055351,0.000000,3608.188443
98.791956,64.233914,0.000000,22.104901,15.544484,80.595801
44.019592,0.000000,0.007670,4.686773,0.000000,3364.901984
24.992013,17.582927,0.006069,19.135796,26.026835,69.024153
82.280988,0.000000,0.928399,6.130599,0.000000,3271.446862
76.805856,45.948861,0.143977,22.104901,17.461442,80.093206
0.000000,10.105683,0.532675,0.867430,0.000000,3619.421203
39.023891,0.000000,0.003877,3.910657,0.000000,3434.001608
72.902138,19.772651,0.000000,22.104901,16.831642,75.776251
0.000000,56.477240,0.779338,1.696090,0.000000,3590.061319
3.717344,8.093643,2.000000,2.711424,11.617698,148.312389
40.779338,0.000000,0.000738,1.299358,0.000000,3566.336522
42.477008,0.000000,0.004303,4.160994,0.000000,3417.519240
45.238465,0.000000,0.004531,4.293986,0.000000,3408.654635
34.516404,23.893949,0.394944,22.104901,18.814314,65.711324
12.061489,0.000000,0.003161,1.354486,0.000000,3550.164211
0.000000,26.897748,0.000000,2.737707,0.000000,3677.474670
24.480821,0.000000,0.004949,3.181617,0.000000,3453.573025
0.000000,44.237288,0.412096,1.279076,0.000000,3589.269546
9.076663,0.000000,0.005952,1.620132,0.000000,3524.894839
0.000000,0.000000,0.007289,0.059377,0.000000,3608.155167
42.378426,0.000000,0.003894,4.115425,0.000000,3425.077659
65.700898,0.000000,0.004602,5.037288,0.000000,3376.184740
6.023860,0.000000,0.004007,0.810461,0.000000,3570.883452
58.226603,0.000000,0.000000,0.055351,0.000000,3608.188443
0.000000,0.000000,0.002361,0.055702,0.000000,3608.191424
64.984212,17.432921,0.040432,22.104901,17.986131,78.468711
38.205996,0.000000,0.001634,2.466824,0.000000,3517.672053
39.757472,0.000000,0.000069,0.153029,0.000000,3604.564388
61.996726,0.000000,0.300995,4.986197,0.000000,3175.081488
30.479602,0.000000,0.002637,2.812456,0.000000,3494.358427
60.001794,0.000000,0.001376,3.179683,0.000000,3495.681340
24.657060,47.578957,1.653797,15.912678,23.981519,60.076206
25.279350,0.000000,0.001947,1.915120,0.000000,3535.266239
32.519891,0.000000,0.001064,1.451319,0.000000,3558.641590
66.718292,4.324355,0.198460,22.104901,19.226597,73.097315
12.036257,0.000000,0.000000,0.055351,0.000000,3608.188443
27.150562,0.000000,0.002002,2.102778,0.000000,3527.768455
49.541701,51.477402,0.000000,22.104901,17.438311,74.028965
38.678786,38.479982,0.000000,22.104901,17.699231,69.650820
41.184208,21.570417,0.373799,22.104901,18.479689,68.280162
26.825907,0.000000,0.000000,0.055351,0.000000,3608.188443
30.474739,29.102246,0.435310,20.788804,24.059185,69.634402
24.470143,34.851809,0.481404,17.643609,23.064624,64.031081
0.000000,0.000000,0.004931,0.057157,0.000000,3608.180662
0.000000,76.350519,0.206992,2.127213,0.000000,3576.976564
47.103132,0.000000,0.004119,4.317649,0.000000,3413.454226
35.373771,0.000000,0.002638,3.194881,0.000000,3479.226900
67.352869,0.000000,0.006193,5.205481,0.000000,3351.187073
0.000000,0.000000,0.003222,0.055890,0.000000,3608.191644
0.000000,0.000000,0.006226,0.058420,0.000000,3608.166368
78.303798,41.153411,0.195138,22.104901,16.772788,78.685060
51.330644,0.000000,0.000566,1.273811,0.000000,3568.583973
0.000000,62.758999,0.013163,2.669979,0.000000,3669.376529
68.018002,4.054437,1.326317,17.149372,1.868441,47.110574
39.431989,87.403414,0.617029,22.104901,18.146167,67.170953
96.454650,38.270238,1.524943,22.104901,18.769633,84.607038
24.497523,0.000000,0.004135,3.052131,0.000000,3468.240831
8.635808,6.838073,0.352107,6.354868,36.223413,64.661597
47.608437,0.000000,0.505283,4.986197,0.000000,3036.116402
0.000000,29.471309,0.000000,2.621629,0.000000,3681.338194
73.776596,0.000000,0.004220,5.213398,0.000000,3375.133106
18.024112,0.000000,0.000000,0.055351,0.000000,3608.188443
60.403670,0.000000,0.003658,4.713710,0.000000,3404.082999
12.431410,51.812253,0.000000,11.871692,34.446403,73.156974
0.000000,0.000000,0.000000,0.055351,0.000000,3608.188443
25.062436,0.000000,0.382278,3.872578,0.000000,3177.954772
31.319258,0.000000,0.002599,2.850700,0.000000,3493.262258
45.157352,94.809123,0.991387,22.104901,18.532807,70.885141
30.093588,0.000000,0.005660,3.744355,0.000000,3420.848286
59.183340,0.000000,0.002875,4.479671,0.000000,3425.717481
17.919345,0.000000,0.002435,1.635385,0.000000,3542.755820
69.832014,0.000000,0.001010,2.869201,0.000000,3511.931492
0.000000,0.000000,0.003937,0.056305,0.000000,3608.188895
24.095512,0.000000,0.004281,3.049998,0.000000,3466.804952
28.996089,0.000000,0.002127,2.348246,0.000000,3517.387667
18.925076,11.000334,0.124910,14.986921,25.519452,63.283091
28.503497,0.000000,0.001872,2.086334,0.000000,3529.444707
57.397480,0.000000,0.003710,4.621398,0.000000,3406.987287
14.019414,1.639556,0.084109,9.517168,29.989290,64.167842
63.967717,0.000000,0.003208,4.714642,0.000000,3411.295818
33.240656,0.000000,0.000740,1.064249,0.000000,3573.846652
55.430946,14.116184,0.000000,22.104901,17.095614,73.754345
37.835196,0.000000,0.002593,3.347412,0.000000,3473.794410
12.829894,0.000000,0.000981,0.540157,0.000000,3590.013756
62.609415,1.792811,0.106501,22.104901,19.528644,74.445054
43.281851,0.000000,0.001947,3.090109,0.000000,3491.403326
22.299757,0.000000,0.002516,2.083813,0.000000,3524.401253
40.488263,31.652268,1.349447,22.104901,18.223001,62.319344
0.060552,12.009680,1.331809,0.975980,0.000000,3588.368316
71.140067,1.940959,0.000000,22.104901,18.378785,82.078657
41.448590,0.000000,0.002026,3.061303,0.000000,3491.552640
100.000000,8.397664,0.308965,22.104901,18.440456,87.191521
35.460768,29.773834,0.327089,22.104901,19.437541,68.566976
32.664169,0.000000,0.004645,3.712792,0.000000,3432.744632
100.000000,34.668491,0.190119,22.104901,17.458284,88.989181
0.000000,0.000000,0.002803,0.055755,0.000000,3608.191965
4.687833,0.000000,0.002566,0.454722,0.000000,3589.790013
28.749279,0.000000,0.000918,1.123690,0.000000,3570.704977
34.818460,0.000000,0.003501,3.533821,0.000000,3454.799698
25.864850,0.000000,0.001307,1.390190,0.000000,3558.935806
14.720195,7.167873,0.111266,11.871692,33.258336,67.829797
0.000000,0.000000,0.001768,0.055747,0.000000,3608.189566
69.364303,15.913050,0.005823,22.104901,18.250609,77.202029
27.214106,17.877472,0.781639,16.712827,20.375841,57.893036
30.315213,14.942086,1.929559,14.680280,12.162444,47.132749
88.008972,52.806450,1.441834,22.104901,17.163488,80.056933
15.858398,0.000000,0.002304,1.385959,0.000000,3553.351025
0.000000,1.708985,1.000842,0.553800,0.000000,3617.549851
80.777084,39.149315,0.248230,22.104901,16.699702,76.627021
52.788492,11.879852,0.307180,22.104901,19.428406,72.489712
69.813736,0.000000,0.005136,5.134459,0.000000,3364.190379
49.104204,0.000000,0.000456,0.993141,0.000000,3578.003512
24.476153,0.000000,0.000000,0.055351,0.000000,3608.188443
0.000000,0.001046,0.575876,0.855572,0.000000,3617.650386
46.262381,0.000000,0.005573,4.474302,0.000000,3387.306805
53.193506,4.413482,0.000000,22.104901,17.922080,74.254665
0.000000,0.000000,0.000000,0.055351,0.000000,3608.188443
59.174442,14.095736,0.733163,22.104901,17.632594,66.002918
18.564499,0.000000,0.002519,1.739942,0.000000,3538.056653
39.285358,0.000000,0.000773,1.307003,0.000000,3565.802425
11.148488,0.000000,0.002382,1.004450,0.000000,3568.080843
2.084568,0.000000,0.001043,0.119463,0.000000,3604.907355
24.035291,0.000000,0.002510,2.237832,0.000000,3518.347273
2.276417,0.000000,0.005364,0.387214,0.000000,3589.042545
40.537820,0.000000,0.002536,3.457287,0.000000,3470.241556
27.507693,7.351784,0.032229,20.077605,26.855389,69.749482
24.079761,0.000000,0.003795,2.880890,0.000000,3479.355999
1.560376,0.000000,0.004962,0.255199,0.000000,3596.024515
46.838656,0.266196,0.133549,10.755693,0.447371,46.176103
26.352631,0.000000,0.003075,2.739582,0.000000,3492.714386
23.812826,0.000000,0.003209,2.581190,0.000000,3497.983078
87.569803,52.438904,2.000000,22.104901,17.873394,81.978131
15.282586,0.000000,0.002871,1.590469,0.000000,3541.879959
18.024595,0.000000,0.001880,1.330386,0.000000,3557.715683
15.481995,10.769835,0.303057,11.047457,25.509489,58.310960
40.973395,0.000000,0.002581,3.497223,0.000000,3468.116825
26.058443,0.000000,0.003617,2.997275,0.000000,3476.163481
53.957633,1.719003,0.795936,12.990480,0.220277,47.904109
100.000000,35.809355,0.000000,22.104901,15.485217,80.519557
61.555526,14.257703,1.408756,22.104901,14.436549,55.738660
20.454366,0.000000,0.001115,0.956234,0.000000,3575.181678
72.681867,15.950542,0.000000,22.104901,16.081758,76.725378
41.243655,33.989633,0.000000,22.104901,16.674355,71.021106
32.712144,0.000000,0.001578,2.067061,0.000000,3532.660866
0.000000,28.006243,0.038816,2.296656,0.000000,3640.005158
40.449094,0.000000,0.002761,3.552547,0.000000,3463.575844
67.369066,0.000000,0.001638,3.853281,0.000000,3468.054408
17.786073,0.000000,0.000132,0.134586,0.000000,3605.014985
32.427561,0.000000,0.003109,3.277063,0.000000,3470.213620
32.485345,0.000000,0.002359,2.760139,0.000000,3499.344356
64.072688,80.542565,0.001491,22.104901,17.088963,76.926952
43.342804,0.000000,0.004209,4.185059,0.000000,3417.782640
96.378122,74.901738,0.005976,22.104901,16.154990,82.847442
77.520580,10.138507,0.578269,22.104901,16.996294,71.379336
30.584365,0.000000,1.497904,3.872578,0.000000,3068.040541
26.245349,0.000000,0.000000,0.055351,0.000000,3608.188443
24.602934,0.000000,0.003284,2.690875,0.000000,3492.648560
44.271144,25.140647,0.802417,22.104901,18.682817,65.911336
78.799259,52.018671,0.193293,22.104901,16.772788,80.176942
4.317182,20.970314,1.324801,3.493504,13.112075,59.606693
0.000000,0.000000,0.003655,0.056116,0.000000,3608.190324
22.380166,0.000000,0.003146,2.421289,0.000000,3505.259704
26.682487,0.000000,0.002395,2.366715,0.000000,3514.286798
28.425488,36.303532,0.520456,19.761602,26.299300,67.536468
56.141678,0.000000,0.000000,0.055351,0.000000,3608.188443
71.229037,34.324493,0.361372,22.104901,17.717174,80.815408
20.508031,0.000000,0.002175,1.706077,0.000000,3541.648868
42.023854,73.626991,0.230165,22.104901,18.932068,72.532492
2.713556,0.000000,0.006242,0.517631,0.000000,3581.609859
2.118552,0.000000,0.002534,0.221404,0.000000,3599.911374
33.020153,0.000000,0.003277,3.361628,0.000000,3464.716357
35.597277,0.000000,0.002034,2.700000,0.000000,3504.985636
31.625276,0.000000,0.002911,3.092024,0.000000,3480.088041
21.628494,0.000000,0.001386,1.226576,0.000000,3564.218671
23.733330,0.000000,0.002696,2.314330,0.000000,3513.673238
37.474636,0.000000,0.006142,4.186943,0.000000,3397.139375
39.222783,0.000000,0.003252,3.692810,0.000000,3451.457153
14.914300,0.000000,0.005000,2.227016,0.000000,3498.567385
65.596991,0.658258,0.096190,22.104901,14.133790,60.933130
23.416199,0.000000,0.002288,2.027206,0.000000,3528.403587
22.871620,0.000000,0.003441,2.601551,0.000000,3494.915440
42.026373,18.747951,0.000000,22.104901,16.036321,69.517502
31.569331,0.000000,0.003029,3.167729,0.000000,3475.629233
30.084788,0.000000,0.001438,1.755432,0.000000,3545.026869
73.428945,0.000000,0.219962,5.426209,0.000000,3169.406749
27.189127,0.000000,0.002216,2.287859,0.000000,3518.914322
25.462401,0.000000,0.003094,2.670781,0.000000,3495.376326
35.272028,30.898307,0.555335,22.104901,18.335155,67.220133
79.880401,29.770150,1.179501,22.104901,17.165994,75.034315
13.577629,1.946102,0.651112,6.352969,24.411128,60.096802
18.231344,0.000000,0.003629,2.220197,0.000000,3509.724232
15.872578,9.284977,0.039330,14.009564,23.932376,63.791428
100.000000,32.363362,0.111124,22.104901,17.450171,87.136797
22.369633,0.000000,0.001739,1.542725,0.000000,3550.601354
54.193370,36.291899,0.319886,22.104901,18.518858,73.488878
1.045401,0.000000,0.003301,0.146202,0.000000,3602.787018
45.304429,0.000000,0.001257,2.339212,0.000000,3526.337219
30.023705,0.000000,0.003398,3.229125,0.000000,3468.767239
16.597446,0.000000,0.002942,1.758288,0.000000,3534.479190
24.609194,0.000000,0.003114,2.605460,0.000000,3497.887606
23.802129,0.000000,0.144898,3.920084,0.000000,3156.630910
17.475748,0.000000,0.003030,1.892625,0.000000,3528.274883
91.443416,42.098037,0.004077,22.104901,16.219684,82.124695
57.845735,12.167944,1.360209,22.104901,13.140044,54.574960
32.923606,100.000000,0.000000,22.060149,18.989127,71.084878
16.709557,0.000000,0.001583,1.066053,0.000000,3568.992978
24.767237,0.000000,0.003199,2.663462,0.000000,3494.631852
28.396783,0.000000,0.000000,0.055351,0.000000,3608.188443
48.529844,49.366236,0.182019,22.104901,17.739110,71.110520
16.686100,48.609903,0.690076,13.002718,26.050978,64.419374
43.485475,0.000000,0.002792,3.713453,0.000000,3456.818192
20.885478,0.000000,0.003490,2.430367,0.000000,3501.799372
24.974770,0.000000,0.002887,2.517817,0.000000,3503.664208
0.000000,28.922113,0.388661,1.653593,0.000000,3620.535722
13.658355,0.000000,0.002331,1.206487,0.000000,3560.282215
19.442504,24.450023,0.204626,15.912678,25.484997,63.710800
25.829955,0.000000,0.003046,2.677445,0.000000,3495.576506
13.839929,47.341927,0.566696,11.871692,32.892309,67.287851
19.335923,0.000000,0.004009,2.465979,0.000000,3495.675056
33.842142,0.000000,0.003957,3.612086,0.000000,3445.788859
24.863114,0.000000,0.002526,2.309488,0.000000,3515.374646
31.348113,0.000000,0.003041,3.156260,0.000000,3475.962407
25.629487,0.000000,0.003117,2.698251,0.000000,3494.001830
24.714233,0.000000,0.002673,2.380523,0.000000,3511.218071
22.431518,0.000000,0.002723,2.223892,0.000000,3517.072840
27.822811,18.446002,0.013394,20.320214,23.399116,69.452386
28.739839,0.000000,0.002010,2.231872,0.000000,3522.827549
21.755095,0.000000,0.002954,2.277422,0.000000,3512.914939
13.475616,0.371695,0.371326,3.872578,0.000000,130.653357
26.496314,0.000000,0.002137,2.166146,0.000000,3524.257234
26.463168,0.000000,0.003241,2.840100,0.000000,3486.825190
84.417330,76.768533,1.391089,22.104901,19.072221,84.984046
18.479811,0.000000,0.003028,1.998886,0.000000,3523.857732
28.472978,0.000000,0.003471,3.155852,0.000000,3471.008396
15.959629,1.121310,0.224815,7.506749,9.630649,41.379990
48.820282,0.000000,0.002797,3.973807,0.000000,3446.570688
24.564036,0.000000,0.003146,2.618097,0.000000,3497.044754
52.275693,3.342295,1.167820,12.884755,0.408174,43.709812
70.013594,34.592870,0.146054,22.104901,17.297331,76.611139
71.655254,19.337411,1.399336,22.104901,15.686255,62.882117
18.575015,0.000000,0.003579,2.237062,0.000000,3509.394967
20.612211,11.007405,0.146614,15.912678,25.513875,63.219759
73.509413,42.111853,0.373943,22.104901,18.278419,80.568814
23.801312,0.000000,0.003221,2.585952,0.000000,3497.669501
45.942491,60.930345,0.166968,22.104901,17.098069,70.950672
34.834215,0.000000,0.003323,3.477001,0.000000,3459.385650
46.509224,0.000000,0.001310,2.482494,0.000000,3520.750182
25.078454,0.000000,0.003058,2.618130,0.000000,3497.902907
29.538410,0.000000,0.003116,3.045159,0.000000,3479.668047
22.398447,0.000000,0.003601,2.625689,0.000000,3492.359056
73.415180,86.956275,0.019359,22.104901,16.779351,78.875827
18.142482,0.000000,0.003117,2.006436,0.000000,3522.872855
73.199906,24.286024,0.005412,22.104901,16.741633,76.830100
38.582604,1.043798,1.064386,6.073819,0.000000,118.361740
29.326534,13.329948,2.000000,13.336433,7.455779,42.867037
23.958271,0.000000,0.002272,2.061309,0.000000,3527.209497
24.783668,0.000000,0.003191,2.660656,0.000000,3494.832481
22.994253,0.000000,0.004233,2.949659,0.000000,3471.806307
37.660127,0.000000,0.085920,4.594214,0.000000,3123.953687
28.644849,34.586762,0.776005,19.135796,21.655591,62.719262
6.091862,0.000000,0.003517,0.746516,0.000000,3575.165522
22.931649,0.000000,0.003354,2.567882,0.000000,3497.169423
24.541473,0.000000,0.003091,2.587977,0.000000,3498.829063
38.231853,4.377542,0.067821,22.104901,20.195825,69.826249
21.321055,0.000000,0.003012,2.266516,0.000000,3512.865787
70.119907,8.906852,0.122755,22.104901,18.782045,79.610484
24.457438,0.000000,0.003400,2.734117,0.000000,3489.670117
39.565621,49.345245,0.808892,22.104901,18.271692,67.672052
24.086802,0.000000,0.003492,2.742502,0.000000,3488.394544
28.102172,0.000000,0.003621,3.173122,0.000000,3468.586081
21.877628,0.000000,0.002947,2.284640,0.000000,3512.678607
29.661437,0.000000,0.002482,2.643335,0.000000,3502.638256
25.029908,0.000000,0.003138,2.655544,0.000000,3495.569801
25.042918,0.000000,0.002853,2.505205,0.000000,3504.503506
26.306184,0.000000,0.003187,2.796760,0.000000,3489.192263
52.184107,0.000000,0.097044,5.037867,0.000000,3117.860944
34.733969,0.000000,0.003311,3.467263,0.000000,3459.945128
14.304159,0.000000,0.003722,1.808755,0.000000,3527.143627
58.412169,0.335613,0.014666,22.104901,11.088947,45.491508
28.971201,0.000000,0.002231,2.419643,0.000000,3513.722586
26.543067,0.000000,0.003260,2.857924,0.000000,3485.876117
7.598517,0.000000,0.000000,0.055351,0.000000,3608.188443
31.325564,0.000000,0.002814,3.001300,0.000000,3484.864074
26.142747,0.000000,0.002610,2.456793,0.000000,3508.760132
34.333882,7.850641,0.146156,22.040289,20.555035,67.128820
28.129549,0.000000,0.002094,2.260006,0.000000,3521.041552
25.645648,0.000000,0.003050,2.663251,0.000000,3496.126078
55.247558,2.349870,0.000000,22.104901,18.813977,76.176345
63.127271,7.881933,0.452739,22.104901,17.710494,68.524822
100.000000,20.645668,0.020430,22.104901,16.137631,85.652837
26.521716,0.000000,0.003333,2.895103,0.000000,3483.546102
30.192595,25.768904,0.005774,21.429422,21.858898,70.888808
9.857778,12.677216,0.331103,7.943551,35.133992,67.644877
25.127226,0.000000,0.003339,2.767225,0.000000,3488.881893
63.914606,4.247968,0.070582,22.104901,20.287921,81.450463
30.049311,0.000000,0.003050,3.049267,0.000000,3480.234850
60.196142,0.000000,0.003295,4.618870,0.000000,3413.624942
24.708932,0.000000,0.003037,2.574319,0.000000,3499.922974
23.397604,0.000000,0.003125,2.502749,0.000000,3502.053636
23.070408,0.000000,0.003438,2.619310,0.000000,3494.185907
74.100872,0.000000,0.162625,5.477657,0.000000,3178.748481
19.021564,0.000000,0.003124,2.106237,0.000000,3518.624535
72.607025,76.970531,0.004150,22.104901,16.805017,77.183815
84.883536,10.930029,0.412210,22.104901,18.543547,81.428042
79.967548,8.476903,1.611673,22.104901,9.404546,54.578045
25.106745,0.000000,0.003217,2.703385,0.000000,3492.788185
25.983034,0.000000,0.003170,2.758316,0.000000,3490.969302
26.373548,0.000000,0.002591,2.463314,0.000000,3508.682279
76.009139,54.760977,0.457077,22.104901,17.267391,79.971835
15.794451,3.927570,1.346879,6.344947,15.097227,49.324155
24.666432,0.000000,0.003603,2.852016,0.000000,3482.568522
26.097960,0.000000,0.003137,2.750848,0.000000,3491.617065
23.634001,0.000000,0.003226,2.573321,0.000000,3498.146295
3.925413,9.485403,0.290188,3.872578,27.762805,71.488333
33.281198,0.000000,0.001326,1.807786,0.000000,3544.119706
62.538149,3.266583,0.140628,22.104901,19.984750,75.891069
27.523523,0.000000,0.002821,2.692642,0.000000,3497.229042
20.232939,44.889962,1.248490,14.009564,20.053837,56.691545
20.965108,0.000000,0.003881,2.592510,0.000000,3491.200676
21.563164,0.000000,0.002928,2.249321,0.000000,3514.285350
22.296103,0.000000,0.003057,2.372621,0.000000,3508.078530
22.275806,0.000000,0.002743,2.220889,0.000000,3517.027169
25.955183,0.000000,0.003116,2.726497,0.000000,3492.845101
25.600688,0.000000,0.002916,2.586376,0.000000,3500.592583
23.781829,0.000000,0.002779,2.361832,0.000000,3511.008644
22.463098,3.918454,0.032160,17.252415,29.937434,69.745253
35.806383,0.000000,0.002396,3.028991,0.000000,3488.539287
24.738316,0.000000,0.003880,2.987916,0.000000,3473.777537
22.650142,0.005123,0.023168,4.214678,0.000000,1533.241163
31.513640,0.000000,0.002730,2.958242,0.000000,3487.544174
23.807838,0.000000,0.003217,2.584626,0.000000,3497.762850
8.842045,0.000000,0.002234,0.758214,0.000000,3578.328468
15.087051,0.000000,0.003126,1.675733,0.000000,3536.742768
25.239155,0.000000,0.003233,2.723898,0.000000,3491.766214
63.303223,10.558386,0.253386,22.104901,19.138397,76.371536
28.600467,0.000000,0.001240,1.465654,0.000000,3556.776286
25.489587,0.000000,0.003159,2.708115,0.000000,3493.168010
15.720807,30.991014,1.363111,11.019082,22.488224,54.500084
34.802328,70.096661,1.071359,22.104901,18.398159,67.657953
83.562504,9.175238,0.996709,22.104901,12.982544,58.641526
17.531652,0.000000,0.003579,2.133326,0.000000,3513.905400
85.966998,0.000000,0.157442,5.925258,0.000000,3145.430057
78.003632,22.437249,0.344595,22.104901,18.673233,83.046422
25.118206,0.000000,0.003157,2.673116,0.000000,3494.654851
83.095582,16.725317,0.191987,22.104901,18.699201,84.232933
18.283570,0.000000,0.002960,1.943743,0.000000,3526.658707
24.757227,0.000000,0.002322,2.167617,0.000000,3522.671832
25.336929,0.000000,0.003101,2.663299,0.000000,3495.618127
22.565653,0.000000,0.003431,2.568035,0.000000,3496.433350
23.137604,0.000000,0.003421,2.618316,0.000000,3494.384501
50.154039,100.000000,0.139197,22.104901,17.748084,72.738732
25.646576,0.000000,0.003123,2.702595,0.000000,3493.768639
69.020006,26.466351,0.004217,22.104901,18.677200,78.731480
92.113620,0.000000,1.584995,6.130599,0.000000,3181.880391
64.710662,100.000000,0.000000,22.104901,17.825183,77.760897
22.429659,0.000000,0.003170,2.436802,0.000000,3504.394625
25.319259,0.000000,0.003134,2.679160,0.000000,3494.631837
25.845093,0.000000,0.003463,2.898487,0.000000,3482.032286
49.419083,17.810946,0.000000,22.104901,17.608317,74.020362
28.057454,25.151741,1.383785,15.912678,18.598911,55.858434
23.102008,0.000000,0.003473,2.638597,0.000000,3493.018332
23.149673,0.000000,0.003128,2.482166,0.000000,3502.879808
25.331479,0.000000,0.003103,2.663882,0.000000,3495.573950
1.162307,47.660448,0.082623,3.103623,0.000000,139.446624
39.913703,0.000000,0.001784,2.716052,0.000000,3507.023792
57.396752,18.346437,0.055615,22.104901,17.197339,73.815934
25.669480,0.000000,0.003273,2.783889,0.000000,3488.852474
32.905493,29.723031,0.000000,22.060149,19.264329,70.543169
26.311092,0.000000,0.003392,2.906328,0.000000,3482.449988
31.751997,0.000000,0.002998,3.162449,0.000000,3476.211104
25.689707,0.000000,0.003132,2.711233,0.000000,3493.319939
29.745038,0.000000,0.002817,2.873562,0.000000,3489.966735
25.634316,0.000000,0.003114,2.697173,0.000000,3494.074835
25.657788,0.000000,0.003060,2.670134,0.000000,3495.734865
23.627496,0.000000,0.002788,2.353771,0.000000,3511.254776
29.672861,7.870579,0.050940,20.854333,26.170118,69.713422
32.599028,0.000000,0.002795,3.092041,0.000000,3481.446692
18.510311,0.000000,0.003632,2.249386,0.000000,3508.423430
31.372973,1.352933,0.186696,14.619687,11.934257,44.715718
29.043874,0.000000,0.002679,2.727255,0.000000,3497.306159
24.887889,0.000000,0.003510,2.829097,0.000000,3484.506636
13.796637,0.000000,0.002713,1.375174,0.000000,3551.626226
28.454495,0.000000,0.002725,2.709802,0.000000,3497.523076
26.835608,0.000000,0.002807,2.627878,0.000000,3499.984440
36.923246,10.342988,0.048115,22.104901,18.001846,68.057323
48.635169,0.000000,0.002360,3.719922,0.000000,3462.527600
25.506970,0.000000,0.003035,2.643335,0.000000,3497.090075
20.619480,0.000000,0.000000,0.055351,0.000000,3608.188443
82.297178,0.869313,1.133988,8.693175,0.000000,81.220013
36.538889,14.659367,0.755441,21.253630,17.996587,58.456767
22.602776,0.000000,0.003105,2.422311,0.000000,3505.583602
46.823631,7.929180,0.084763,22.104901,18.797549,71.397009
55.564566,50.317104,0.417052,22.104901,18.533356,74.009917
25.136731,0.000000,0.003095,2.642688,0.000000,3496.525407
55.270653,10.163756,0.047806,22.104901,18.514577,74.691102
28.765029,0.000000,0.003186,3.018350,0.000000,3479.992116
24.517756,0.000000,0.002182,2.040632,0.000000,3528.710180
25.518811,0.000000,0.003128,2.693867,0.000000,3494.080350
23.782195,0.000000,0.003300,2.622202,0.000000,3495.389690
24.431643,0.000000,0.003124,2.594771,0.000000,3498.233899
43.567368,0.000000,0.158189,4.986197,0.000000,3124.293170
24.676529,0.000000,0.003121,2.615350,0.000000,3497.403302
14.053479,18.430016,0.003692,13.002718,28.079301,70.477317
38.443800,12.383404,1.047981,19.135796,16.024816,53.875746
18.864986,78.286805,0.232134,15.912678,24.800937,65.813134
24.758201,0.000000,0.003087,2.605135,0.000000,3498.156371
25.476543,0.000000,0.003116,2.683965,0.000000,3494.606737
26.216482,0.000000,0.002573,2.440201,0.000000,3509.772678
35.292517,0.000000,0.264329,4.759243,0.000000,3183.888203
15.830997,17.150777,1.248850,9.875758,20.740774,49.609485
21.668566,0.000000,0.003656,2.575993,0.000000,3493.992790
25.225877,0.000000,0.003379,2.796681,0.000000,3487.229077
25.635122,0.000000,0.003103,2.691176,0.000000,3494.436913
4.606261,56.122793,0.482495,4.986197,27.130561,85.989132
44.111067,0.000000,0.001841,3.019867,0.000000,3495.247310
17.712221,0.000000,0.191191,3.864485,0.000000,3153.757518
25.539002,0.000000,0.003156,2.710975,0.000000,3493.079266
31.021747,54.470567,1.599422,19.802446,23.416897,64.605597
20.364987,0.000000,0.003681,2.454018,0.000000,3499.086979
22.811702,0.000000,0.003137,2.456145,0.000000,3503.881620
23.122169,0.000000,0.003050,2.441783,0.000000,3505.279110
28.687914,0.000000,0.003129,2.977655,0.000000,3482.306119
25.595606,0.000000,0.003117,2.695168,0.000000,3494.130899
25.651513,0.000000,0.003109,2.695919,0.000000,3494.178947
24.498333,0.000000,0.003068,2.572006,0.000000,3499.718298
34.698091,9.025643,0.123168,22.104901,19.073090,66.834825
31.693450,0.000000,0.002668,2.929204,0.000000,3489.389512
20.684071,0.000000,0.003268,2.319967,0.000000,3508.441767
51.690423,0.000000,0.324713,4.986197,0.000000,3149.900214
27.443611,0.000000,0.003040,2.815094,0.000000,3489.970846
23.030943,0.000000,0.003058,2.438034,0.000000,3505.353809
30.922843,0.000000,0.002909,3.031733,0.000000,3482.549636
28.599836,0.000000,0.002687,2.696945,0.000000,3498.436003
25.213747,0.000000,0.002911,2.551170,0.000000,3502.072732
48.948373,3.713766,0.031777,22.104901,20.030703,74.884394
18.002872,0.000000,0.002835,1.851561,0.000000,3531.360196
25.558468,0.000000,0.003095,2.679908,0.000000,3494.987003
21.972900,0.000000,0.002812,2.229117,0.000000,3516.106724
75.622689,46.823507,0.859985,22.104901,18.913852,82.737133
51.496230,2.900603,0.385480,22.104901,11.832350,53.067952
23.585559,0.000000,0.003347,2.626277,0.000000,3494.761143
70.640823,25.773017,0.156639,22.104901,17.297810,77.313592
39.024461,6.210653,0.454497,20.869898,15.580732,56.541822
25.121730,0.000000,0.003231,2.711889,0.000000,3492.293461
46.283712,14.166422,0.034303,22.104901,18.020110,71.380190
16.939789,0.000000,0.003411,2.005859,0.000000,3520.701331
34.726942,0.000000,0.003129,3.405772,0.000000,3464.733261
24.632550,0.000000,0.003793,2.937263,0.000000,3476.905974
26.622922,0.000000,0.003157,2.808949,0.000000,3488.996409
22.838611,0.000000,0.003206,2.490913,0.000000,3501.793824
32.535544,100.000000,0.100408,22.010745,19.785820,67.944230
25.352876,0.000000,0.003121,2.675304,0.000000,3494.921578
8.664268,67.892069,0.011439,9.617189,36.011857,77.329341
32.640746,18.406398,0.787324,19.761602,19.561284,58.243711
18.194248,0.000000,0.580947,3.872578,0.000000,3332.518436
25.347217,0.000000,0.003091,2.659341,0.000000,3495.873116
23.731700,0.000000,0.003477,2.701395,0.000000,3490.293666
26.223945,0.000000,0.002715,2.524590,0.000000,3505.049114
22.531493,89.017490,0.237797,17.643609,25.200584,70.276760
18.371566,24.310251,0.723052,13.002718,23.437566,59.801864
21.525222,0.000000,0.003675,2.569018,0.000000,3494.126962
23.501820,0.000000,0.003372,2.630191,0.000000,3494.352935
24.952577,0.000000,0.003841,2.992276,0.000000,3474.000446
10.694893,42.464221,0.363730,9.617189,47.437506,80.291542
21.406099,0.000000,0.001738,1.475979,0.000000,3553.080019
100.000000,8.551390,0.115067,22.104901,18.797171,95.195726
25.865322,0.000000,0.003038,2.676080,0.000000,3495.714339
24.547707,25.901527,0.867626,15.912678,23.836863,59.116904
23.669522,0.000000,0.003122,2.525514,0.000000,3501.135863
26.035571,0.000000,0.003135,2.744282,0.000000,3491.908152
22.793878,0.000000,0.003242,2.503611,0.000000,3500.926830
22.542394,0.000000,0.003264,2.490583,0.000000,3501.271347
25.651947,0.000000,0.003118,2.700421,0.000000,3493.908662
25.650885,0.000000,0.003114,2.698485,0.000000,3494.023491
26.188399,0.000000,0.003129,2.754317,0.000000,3491.559981
35.362701,0.000000,0.075034,4.489358,0.000000,3151.418018
35.065308,0.000000,0.003280,3.475443,0.000000,3459.988930
18.862424,0.000000,0.005387,2.818672,0.000000,3466.972947
38.190655,0.745479,0.000000,22.104901,16.528384,54.929164
28.479827,0.000000,0.003008,2.886422,0.000000,3487.378010
24.131981,0.000000,0.003292,2.650989,0.000000,3494.251506
8.566216,0.000000,0.002857,0.893855,0.000000,3570.875069
21.648126,0.000000,0.003124,2.345719,0.000000,3508.606751
26.729876,0.000000,0.002911,2.679200,0.000000,3496.854499
41.876354,10.476831,0.050101,22.104901,18.167486,69.959497
48.323119,0.000000,0.001998,3.458675,0.000000,3477.127731
23.439722,0.000000,0.003151,2.519417,0.000000,3501.110392
21.897380,0.000000,0.003563,2.559923,0.000000,3495.555669
68.910832,18.846870,0.000000,22.104901,18.266379,79.503885
68.638018,23.033811,0.910341,22.104901,17.502552,72.833036
22.766113,0.000000,0.003557,2.643033,0.000000,3492.028547
60.971602,0.000000,0.121977,5.123016,0.000000,3122.343663
49.003796,51.027834,0.438709,22.104901,19.469472,72.791258
20.571043,0.000000,0.003698,2.481681,0.000000,3497.723184
86.613529,50.026146,0.393334,22.104901,18.174902,84.224261
24.059012,0.000000,0.002670,2.326650,0.000000,3513.408172
51.929225,0.000000,0.000945,2.071494,0.000000,3539.134669
24.659199,0.000000,0.003037,2.570163,0.000000,3500.090928
25.440981,0.000000,0.003176,2.712519,0.000000,3492.816582
25.191788,0.000000,0.003382,2.795140,0.000000,3487.260071
41.133724,0.000000,0.086349,4.730303,0.000000,3128.121186
25.838081,0.000000,0.003119,2.717844,0.000000,3493.170515
72.789792,56.960097,0.011188,22.104901,16.867677,78.416306
64.106834,19.568338,1.059672,22.104901,17.105853,66.362236
41.902395,38.365217,1.071240,22.104901,18.111570,65.810677
25.453365,0.000000,0.003118,2.683024,0.000000,3494.624596
26.700397,0.000000,0.002882,2.659752,0.000000,3497.939488
23.122789,0.000000,0.003635,2.712664,0.000000,3488.270341
68.982262,6.621543,0.129161,22.104901,19.837463,81.936716
19.451883,51.964507,0.901420,14.986921,23.559789,61.845602
21.674821,0.000000,0.003650,2.574120,0.000000,3494.130645
23.368268,0.000000,0.003112,2.494052,0.000000,3502.531943
25.915140,0.000000,0.002602,2.434349,0.000000,3509.728785
21.676745,22.819395,0.192520,16.785560,25.305451,65.802613
48.951354,0.000000,0.001987,3.483355,0.000000,3476.365203
36.563837,34.413671,0.057710,22.104901,17.418991,69.940447
25.718361,0.000000,0.003163,2.730578,0.000000,3492.197666
29.474216,56.801786,0.382747,20.788804,24.762481,67.425564
23.304003,0.000000,0.003272,2.564664,0.000000,3498.078212
24.860532,0.000000,0.003140,2.641184,0.000000,3496.151307
25.100417,0.000000,0.003149,2.667371,0.000000,3494.973124
25.558355,0.000000,0.003088,2.676295,0.000000,3495.203720
25.657581,0.000000,0.003118,2.700947,0.000000,3493.886437
25.651030,0.000000,0.003117,2.699917,0.000000,3493.937520
25.529019,0.000000,0.003041,2.648695,0.000000,3496.806250
36.435197,4.423363,0.028764,22.104901,18.803095,68.650656
36.105720,0.000000,0.002864,3.381937,0.000000,3468.988954
17.247487,0.000000,0.004273,2.319602,0.000000,3500.068263
41.596415,0.480804,0.253697,9.671272,0.484015,47.811382
26.007078,0.000000,0.002876,2.598300,0.000000,3500.496579
21.819148,0.000000,0.003519,2.533837,0.000000,3497.081278
34.778689,0.000000,0.003138,3.411698,0.000000,3464.376720
30.295628,0.000000,0.003312,3.221051,0.000000,3470.104670
25.674363,0.000000,0.003399,2.849660,0.000000,3484.773006
61.442047,0.000000,0.400334,4.986197,0.000000,3226.446681
27.265203,0.000000,0.001422,1.577655,0.000000,3551.478500
26.467982,0.000000,0.003061,2.741877,0.000000,3492.763937
24.374327,0.000000,0.003292,2.673697,0.000000,3493.291240
66.329755,30.107252,0.210424,22.104901,18.280369,75.145190
27.273054,8.581275,1.392007,12.438388,5.870767,41.252319
24.874591,0.000000,0.003313,2.730685,0.000000,3490.682273
96.153505,24.094970,0.003684,22.104901,15.699669,82.602563
55.442913,18.818404,0.000000,22.104901,16.820396,73.676248
26.377147,0.000000,0.002307,2.289879,0.000000,3518.050300
36.198023,66.621461,0.286955,22.104901,19.022004,68.015176
26.748010,0.000000,0.003229,2.859508,0.000000,3486.142511
51.042017,0.000000,0.003295,4.325925,0.000000,3425.163248
25.849170,0.000000,0.003138,2.729234,0.000000,3492.502036
24.693772,0.000000,0.003340,2.727191,0.000000,3490.559555
25.475670,0.000000,0.003135,2.693951,0.000000,3494.002368
69.762916,81.894147,0.031108,22.104901,18.059222,78.787554
24.491391,0.000000,0.003319,2.697930,0.000000,3492.002779
45.177707,45.299945,0.009488,22.104901,17.190704,72.793018
21.220935,8.697242,1.456227,10.206026,4.088043,43.697113
63.126496,14.116963,0.897672,22.104901,16.471865,64.928404
25.469321,0.000000,0.003121,2.685870,0.000000,3494.479710
26.544158,0.000000,0.003281,2.869359,0.000000,3485.176208
26.102040,0.000000,0.002443,2.353855,0.000000,3514.359580
24.304641,30.922674,0.370141,17.643609,22.028201,62.954815
19.515472,50.038597,0.985241,14.986921,23.941051,61.782299
21.682938,0.000000,0.003650,2.574993,0.000000,3494.091451
23.806025,0.000000,0.003454,2.697552,0.000000,3490.689834
25.632213,0.000000,0.003235,2.760622,0.000000,3490.214891
1.742964,47.519564,0.390757,2.817893,10.569613,97.135547
28.007371,0.000000,0.002683,2.647725,0.000000,3500.436153
72.628654,0.000000,0.145206,5.431514,0.000000,3187.363231
24.648979,0.000000,0.003384,2.744665,0.000000,3489.379185
20.885285,41.324173,0.615746,15.912678,25.270959,62.540504
22.612400,0.000000,0.004048,2.833527,0.000000,3478.896775
24.979379,0.000000,0.003127,2.645095,0.000000,3496.116565
24.180237,0.000000,0.003231,2.625473,0.000000,3495.917637
24.512173,0.000000,0.003344,2.712287,0.000000,3491.145727
25.658145,0.000000,0.003118,2.700999,0.000000,3493.884214
25.651044,0.000000,0.003117,2.700060,0.000000,3493.928922
25.425983,0.000000,0.003139,2.691814,0.000000,3494.047378
52.191179,7.252764,0.129699,22.104901,19.354241,72.964816
31.248571,0.000000,0.002407,2.706769,0.000000,3500.923053
17.425274,0.000000,0.003571,2.120116,0.000000,3514.541663
78.497992,0.572176,0.044044,22.104901,15.129965,63.195611
28.028151,0.000000,0.002701,2.660338,0.000000,3499.753699
25.866106,0.000000,0.003388,2.862288,0.000000,3484.351159
0.000000,0.000000,0.002950,0.055793,0.000000,3608.191954
29.477996,0.000000,0.003162,3.068177,0.000000,3478.194622
25.197000,0.000000,0.003045,2.621734,0.000000,3497.879691
49.874763,12.981496,0.119899,22.104901,18.193415,71.638689
26.185188,0.000000,0.001488,1.576809,0.000000,3551.031421
24.818012,0.000000,0.003268,2.702906,0.000000,3492.298598
22.093830,0.000000,0.003521,2.561372,0.000000,3495.882694
93.660970,44.292011,1.885775,22.104901,17.761127,83.375116
81.781441,12.898245,0.628485,22.104901,17.661119,75.875791
24.122510,0.000000,0.003082,2.546292,0.000000,3500.643146
7.461339,0.000000,0.072048,2.610198,0.000000,3293.455836
47.960283,41.468006,0.569331,22.104901,19.168602,72.484914
25.933014,0.000000,0.003842,3.089131,0.000000,3469.752935
23.560071,43.500364,0.000000,18.430854,28.333178,69.645531
23.818808,0.000000,0.003030,2.493242,0.000000,3503.330360
42.685445,0.000000,0.003089,3.809962,0.000000,3448.926575
20.622891,0.000000,0.003838,2.540420,0.000000,3493.891604
24.577288,0.000000,0.003008,2.548065,0.000000,3501.276576
25.767757,0.000000,0.003096,2.699047,0.000000,3494.183614
53.288383,56.170877,0.202090,22.104901,16.720785,72.152894
24.716218,0.000000,0.002984,2.547681,0.000000,3501.518733
38.010550,43.497589,0.002051,22.104901,16.359568,71.215072
59.250093,12.610264,0.000000,22.104901,16.781631,76.294302
42.566823,84.539209,1.151766,22.104901,20.370951,73.157293
25.475162,0.000000,0.003118,2.684889,0.000000,3494.548728
25.544707,0.000000,0.003190,2.729369,0.000000,3491.970726
25.955355,0.000000,0.003216,2.780194,0.000000,3489.589335
71.837835,32.952828,0.500324,22.104901,19.162221,79.482568
26.645019,40.924198,1.490802,16.785560,19.733081,56.700098
21.653070,0.000000,0.003655,2.573982,0.000000,3494.090407
25.114832,0.000000,0.003059,2.621965,0.000000,3497.732656
25.604310,0.000000,0.003198,2.738857,0.000000,3491.496298
3.351677,31.999147,0.314021,3.872578,23.534108,82.188739
23.542609,0.000000,0.004022,2.923251,0.000000,3475.158749
30.629771,39.998566,0.102035,21.580172,22.703347,68.516989
26.914743,0.000000,0.003080,2.791949,0.000000,3490.500744
34.782847,20.431437,0.222921,22.104901,19.140733,66.439951
22.014835,0.000000,0.003447,2.521793,0.000000,3498.266158
25.904916,0.000000,0.003096,2.711560,0.000000,3493.659092
25.199450,0.000000,0.003167,2.685784,0.000000,3494.024911
26.310255,0.000000,0.002827,2.595794,0.000000,3501.087412
25.658201,0.000000,0.003118,2.701004,0.000000,3493.883992
25.651046,0.000000,0.003117,2.700074,0.000000,3493.928062
25.548630,0.000000,0.003129,2.697195,0.000000,3493.929668
37.932703,13.171739,0.168250,22.104901,18.500121,67.694752
25.907321,0.000000,0.002459,2.348744,0.000000,3514.422052
19.928302,0.000000,0.003968,2.514878,0.000000,3493.858425
66.407556,0.530550,0.000000,22.104901,15.313525,56.896640
26.785970,0.000000,0.004091,3.193108,0.000000,3462.491476
24.009349,0.000000,0.003259,2.623630,0.000000,3495.721116
39.638121,0.000000,0.002700,3.487845,0.000000,3466.918668
20.437753,0.000000,0.003101,2.227216,0.000000,3513.753831
23.322133,0.000000,0.004265,2.995646,0.000000,3469.402173
52.394538,4.292057,0.267274,22.104901,17.355345,62.868991
41.813189,0.000000,0.003807,4.056170,0.000000,3428.790440
25.413440,0.000000,0.003140,2.690974,0.000000,3494.076872
20.051070,0.000000,0.004153,2.593655,0.000000,3488.651603
38.747132,30.565252,0.000000,22.104901,17.435272,70.087630
87.676721,6.190775,1.063266,22.104901,9.917052,55.417043
24.501402,0.000000,0.003443,2.759164,0.000000,3488.173562
100.000000,21.696393,0.081234,22.104901,17.477104,86.749332
30.571358,32.003215,0.477680,20.788804,23.478368,65.746123
25.054246,0.000000,0.002570,2.349279,0.000000,3513.403417
50.114919,47.724422,0.019031,22.104901,16.916771,73.698907
23.984196,0.000000,0.003138,2.561719,0.000000,3499.475114
67.060041,0.000000,0.002251,4.401470,0.000000,3438.658492
20.100263,0.000000,0.003908,2.511528,0.000000,3494.542390
23.556789,0.000000,0.003236,2.570880,0.000000,3498.156996
25.505818,0.000000,0.003121,2.689323,0.000000,3494.332749
14.886229,48.926060,0.121622,13.002718,20.399187,64.208411
26.113949,0.000000,0.003013,2.683875,0.000000,3495.645075
61.168010,1.591121,0.010605,22.104901,19.609760,91.388932
46.758725,10.656589,0.998240,22.104901,13.996189,55.545240
44.937609,2.347894,1.161337,10.032853,0.000000,48.664406
18.910392,0.000000,0.003672,2.303700,0.000000,3505.724848
25.491674,0.000000,0.003133,2.694378,0.000000,3494.003702
26.204291,0.000000,0.004067,3.150661,0.000000,3464.625279
36.615164,12.428517,0.290486,22.104901,18.902164,64.368659
24.154886,2.895009,1.146565,8.129604,0.000000,49.276374
21.668944,0.000000,0.003658,2.576744,0.000000,3493.944026
23.256159,0.000000,0.003369,2.605560,0.000000,3495.426482
25.268525,0.000000,0.003767,2.990352,0.000000,3474.866677
20.372306,6.856141,0.000000,16.785560,26.468078,68.237859
30.486801,0.000000,0.002154,2.466599,0.000000,3512.634348
85.147775,0.000000,0.169265,5.922314,0.000000,3163.854786
26.315777,0.000000,0.003024,2.708003,0.000000,3494.533812
25.428991,31.691614,0.937820,16.785560,24.148900,61.121157
21.241734,0.000000,0.003831,2.602172,0.000000,3491.233813
25.771529,0.000000,0.003123,2.713765,0.000000,3493.304780
23.106337,0.000000,0.004010,2.871432,0.000000,3477.583365
18.731824,0.000000,0.003367,2.175818,0.000000,3513.741730
25.658207,0.000000,0.003118,2.701005,0.000000,3493.883970
25.651046,0.000000,0.003117,2.700076,0.000000,3493.927976
23.394125,0.000000,0.003845,2.832183,0.000000,3480.976334
25.149883,1.835272,0.124983,14.839192,21.755000,55.974088
36.040583,0.000000,0.002291,2.955181,0.000000,3492.569314
20.178604,0.000000,0.004007,2.555919,0.000000,3491.671229
32.780066,0.167908,0.536852,4.986197,0.000000,489.453338
26.824023,0.000000,0.002355,2.351606,0.000000,3515.235400
22.756784,0.000000,0.003316,2.534042,0.000000,3498.960065
12.904831,0.000000,0.003041,1.406031,0.000000,3548.610572
25.021971,0.000000,0.003928,3.039357,0.000000,3471.010339
30.953154,0.000000,0.002435,2.705813,0.000000,3500.671908
18.467733,8.327902,0.000000,15.912678,26.575134,68.857089
36.781964,0.000000,0.003126,3.514067,0.000000,3460.368074
21.881753,0.000000,0.003667,2.601741,0.000000,3492.776771
27.230531,0.000000,0.002593,2.531018,0.000000,3505.973041
72.926353,19.775550,1.568857,22.104901,15.185509,62.624238
51.997405,4.563044,0.716318,20.117171,8.639318,46.673754
23.209625,0.000000,0.003988,2.873376,0.000000,3477.718141
56.560609,0.726412,0.022296,22.104901,17.148178,62.415768
100.000000,22.312195,0.116811,22.104901,17.176013,86.119189
18.964548,0.000000,0.004377,2.546070,0.000000,3488.798944
31.000233,51.916555,0.040925,21.580172,21.490658,68.322091
26.289664,0.000000,0.003142,2.770760,0.000000,3490.738721
48.754456,0.000000,0.001758,3.183102,0.000000,3490.310766
20.499070,0.000000,0.003936,2.564137,0.000000,3491.951490
22.979480,0.000000,0.003898,2.811242,0.000000,3481.371703
25.482106,0.000000,0.003124,2.688459,0.000000,3494.344992
89.170138,38.900813,0.047617,22.104901,16.252172,78.225869
20.334421,0.000000,0.003227,2.270546,0.000000,3510.879404
48.500578,8.281248,0.002933,22.104901,17.735464,73.650946
47.330452,3.265643,0.667197,18.030576,6.362679,44.458995
46.910504,92.372483,0.000000,22.104901,17.243292,72.100752
19.835721,0.000000,0.003703,2.408944,0.000000,3500.856721
18.447892,0.000000,0.003424,2.169147,0.000000,3513.578371
24.049330,0.000000,0.001973,1.843130,0.000000,3537.792075
31.726594,65.378392,0.474229,21.580172,21.508312,66.081087
20.924408,0.000000,0.215593,3.872578,0.000000,3281.794690
21.670532,0.000000,0.003658,2.577020,0.000000,3493.929384
23.266719,0.000000,0.003431,2.634965,0.000000,3493.585144
23.408572,0.000000,0.003751,2.792705,0.000000,3483.645830
21.457407,51.580263,0.042210,17.643609,23.794743,67.090507
26.747639,0.000000,0.004043,3.180939,0.000000,3463.559441
30.047571,19.231574,0.239076,20.788804,23.834222,65.914482
18.116427,0.000000,0.004099,2.363034,0.000000,3499.539137
33.986255,64.695246,0.499932,22.104901,16.573188,63.520112
22.716443,0.000000,0.003861,2.767930,0.000000,3483.651688
23.204762,0.000000,0.003705,2.751850,0.000000,3485.879640
21.228264,0.000000,0.003468,2.454769,0.000000,3500.944368
23.734754,0.000000,0.003936,2.907155,0.000000,3476.751909
25.658207,0.000000,0.003118,2.701005,0.000000,3493.883968
25.651046,0.000000,0.003117,2.700076,0.000000,3493.927968
24.239472,0.000000,0.002916,2.470793,0.000000,3505.318683
58.165144,14.633568,0.025038,22.104901,16.804739,74.320611
22.473006,0.000000,0.004415,2.960480,0.000000,3469.445370
19.871930,0.000000,0.003999,2.520003,0.000000,3493.350257
61.806188,1.228927,0.342830,18.093326,3.901965,47.348384
27.659442,0.000000,0.002739,2.654517,0.000000,3499.595399
23.165557,0.000000,0.003098,2.468855,0.000000,3503.716018
11.320567,0.000000,0.003079,1.246965,0.000000,3555.133052
27.595350,0.000000,0.003853,3.194726,0.000000,3465.064120
23.694075,0.000000,0.004140,2.988939,0.000000,3471.008812
64.769725,1.257812,0.248217,22.104901,10.137594,52.682546
34.453271,0.000000,0.001764,2.388201,0.000000,3519.235858
24.306798,0.000000,0.003178,2.610585,0.000000,3497.055918
23.164356,0.000000,0.003731,2.759114,0.000000,3485.306984
35.589482,22.316247,1.077873,20.988214,19.796347,60.669693
58.409613,16.216850,0.497705,22.104901,19.673061,75.437859
25.318695,0.000000,0.002669,2.425783,0.000000,3509.450337
56.672910,15.958899,0.199872,22.104901,18.620093,75.557749
66.808741,21.969372,0.250568,22.104901,17.453235,75.349295
28.431292,0.000000,0.002810,2.760692,0.000000,3494.596920
87.475768,61.735315,0.146358,22.104901,16.534341,83.031535
23.509556,0.000000,0.003163,2.531155,0.000000,3500.514914
53.205335,0.000000,0.000997,2.227925,0.000000,3533.311086
23.277998,0.000000,0.003011,2.436732,0.000000,3505.836480
22.019792,0.000000,0.003712,2.634256,0.000000,3490.940501
25.402385,0.000000,0.003826,3.031946,0.000000,3472.424113
0.000000,27.422051,0.143133,1.833846,0.000000,3563.417496
27.163559,0.000000,0.003144,2.850034,0.000000,3487.430767
66.028518,78.135762,0.005993,22.104901,16.894199,76.814171
26.381468,27.488290,0.690294,17.643609,21.792950,59.830842
28.920921,10.073248,0.382232,18.183934,21.383696,58.976580
26.685980,0.000000,0.003550,3.024724,0.000000,3475.718323
23.485214,0.000000,0.003250,2.571078,0.000000,3498.014064
27.806310,0.000000,0.002183,2.307726,0.000000,3518.439869
40.588630,0.000000,0.000000,0.055351,0.000000,3608.188443
21.955107,16.526167,1.458388,12.621096,12.489949,43.751364
19.553652,0.000000,0.004014,2.491044,0.000000,3494.512207
23.267776,0.000000,0.003437,2.637891,0.000000,3493.401054
24.501657,0.000000,0.002887,2.477754,0.000000,3505.302186
0.000000,7.092379,0.449477,1.000294,0.000000,3625.957767
26.482743,0.000000,0.002695,2.533718,0.000000,3504.875409
26.013567,16.447271,0.174964,19.135796,24.897756,67.331828
30.628044,0.000000,0.003487,3.287633,0.000000,3465.280606
31.522871,59.515882,1.322274,20.788804,23.375850,65.989151
18.343978,0.000000,0.003942,2.337194,0.000000,3502.002585
27.105332,0.000000,0.002593,2.521218,0.000000,3506.363671
28.449794,0.000000,0.003011,2.885512,0.000000,3487.385338
28.262632,0.000000,0.002378,2.470146,0.000000,3510.411707
25.658207,0.000000,0.003118,2.701005,0.000000,3493.883967
21.513483,0.000000,0.004150,2.753673,0.000000,3481.465615
24.685803,0.000000,0.003207,2.660070,0.000000,3494.695540
49.137863,0.171121,0.157323,7.758034,0.450776,57.657093
33.377926,0.000000,0.002989,3.288055,0.000000,3471.209526
19.841262,0.000000,0.003998,2.516416,0.000000,3493.517905
27.122216,0.165708,0.098583,6.591682,0.041525,45.603892
27.162079,0.000000,0.003023,2.781029,0.000000,3491.542619
24.957555,0.000000,0.003203,2.682579,0.000000,3493.797934
20.901628,0.000000,0.003403,2.396676,0.000000,3504.004059
28.352295,0.000000,0.001150,1.358401,0.000000,3561.151230
21.564267,0.000000,0.003442,2.476329,0.000000,3500.255134
22.937584,9.823832,0.138422,16.785560,24.731881,63.827507
32.507479,0.000000,0.003705,3.458727,0.000000,3455.449446
24.560235,0.000000,0.003447,2.766676,0.000000,3487.814859
23.684795,0.000000,0.003002,2.467456,0.000000,3504.655038
90.302906,15.226470,0.000000,22.104901,16.453783,81.755407
97.494502,5.679536,0.091625,22.104901,19.085611,94.546432
24.200858,0.000000,0.003658,2.831189,0.000000,3482.907442
54.263402,17.201110,0.110543,22.104901,18.003763,73.477643
25.919900,13.633472,0.146066,19.113717,26.006300,67.666599
22.888805,0.000000,0.003438,2.601949,0.000000,3494.924968
71.403338,90.769198,0.312242,22.104901,17.352455,79.439545
20.434525,0.000000,0.003888,2.539551,0.000000,3493.476171
42.786684,0.000000,0.003882,4.128997,0.000000,3424.678229
21.757532,0.000000,0.004211,2.803535,0.000000,3478.625831
24.646769,0.000000,0.002835,2.462579,0.000000,3506.406904
25.735332,0.000000,0.002675,2.462612,0.000000,3507.913934
100.000000,23.638483,0.033599,22.104901,16.276405,83.263341
25.405141,0.000000,0.003289,2.767870,0.000000,3489.358954
71.853840,83.620320,0.005617,22.104901,16.221404,75.492697
46.754615,0.000000,1.179003,4.986197,0.000000,2991.889686
37.540364,87.192968,1.370752,22.104901,18.630068,67.358520
25.836576,0.000000,0.003190,2.755756,0.000000,3490.871674
25.148426,0.000000,0.003292,2.745781,0.000000,3490.253560
23.147692,0.000000,0.004517,3.021945,0.000000,3465.597031
34.007470,0.000000,0.001979,2.551946,0.000000,3511.087911
20.581923,9.299477,0.000000,16.785560,25.883157,68.851866
24.824154,0.000000,0.003633,2.882093,0.000000,3480.959233
20.306037,0.000000,0.003442,2.355040,0.000000,3505.450810
23.687552,0.000000,0.003620,2.762596,0.000000,3486.253285
29.952345,59.827656,0.362442,21.212890,25.665186,69.560552
19.907888,0.000000,0.004483,2.688947,0.000000,3481.247366
50.238369,7.879198,0.122019,22.104901,19.006036,72.057295
26.375525,0.000000,0.003097,2.753579,0.000000,3491.914635
19.334184,2.551619,0.000000,16.288199,31.529530,71.513952
27.011508,0.000000,0.002771,2.621152,0.000000,3500.615644
20.524899,0.000000,0.004168,2.651132,0.000000,3485.921123
24.242361,0.000000,0.003756,2.879967,0.000000,3479.795808
19.685951,0.000000,0.003244,2.217680,0.000000,3512.969378
18.020150,0.000000,0.004258,2.401958,0.000000,3496.432449
26.456232,0.000000,0.003021,2.718429,0.000000,3494.137437
22.969454,0.000000,0.003690,2.721489,0.000000,3487.346580
31.963639,3.052157,0.000000,21.838289,22.825952,71.505412
31.720052,0.000000,0.002746,2.986484,0.000000,3486.228415
19.875770,0.000000,0.003999,2.520388,0.000000,3493.333728
57.216675,0.918939,0.459757,12.538919,0.243642,47.954261
28.461866,0.000000,0.002877,2.804696,0.000000,3492.102932
25.136755,0.000000,0.003214,2.704328,0.000000,3492.783566
25.007174,0.000000,0.003484,2.828171,0.000000,3484.808874
28.476996,0.000000,0.004375,3.363239,0.000000,3451.732342
25.347512,0.000000,0.003322,2.779365,0.000000,3488.540114
33.300200,11.046005,0.107763,22.018026,21.468819,69.060159
22.457448,0.000000,0.000701,0.686023,0.000000,3586.176026
26.007501,0.000000,0.003261,2.809019,0.000000,3487.916889
20.692602,0.000000,0.004242,2.696168,0.000000,3483.188621
69.539890,64.293345,0.907784,22.104901,18.538820,78.194950
0.858801,7.675862,0.944636,1.409945,20.355638,293.429378
24.275393,0.000000,0.003565,2.795287,0.000000,3485.400004
33.412712,19.823986,0.085685,22.091345,19.640445,67.699506
98.030338,31.359854,0.185570,22.104901,17.806859,87.556680
19.513499,0.000000,0.003373,2.252301,0.000000,3510.427486
Kpx,Kpa,Kda,MaxAngle, Overshoot, J
81.472369,27.602508,0.324365,22.104901,18.956872,84.175691
90.579194,67.970268,1.588569,22.104901,17.849776,85.818192
12.698682,65.509800,0.622430,10.742832,28.081586,66.193725
91.337586,16.261174,1.057066,22.104901,16.158269,74.096154
63.235925,11.899768,0.331297,22.104901,19.374226,74.231932
9.754040,49.836405,1.203964,8.476789,32.859644,65.163828
27.849822,95.974396,0.525943,20.320214,24.557048,68.023677
54.688152,34.038573,1.308158,22.104901,18.547589,68.427751
95.750684,58.526775,1.378429,22.104901,17.381516,86.980793
96.488854,22.381194,1.496303,22.104901,15.995560,75.544324
15.761308,75.126706,0.901083,13.002718,25.799007,62.225060
97.059278,25.509512,0.167643,22.104901,17.682460,87.943864
95.716695,50.595705,0.457954,22.104901,17.744961,84.862285
48.537565,69.907672,1.826675,22.104901,17.975060,69.340548
80.028047,89.090325,0.304756,22.104901,16.779777,79.188451
14.188634,95.929143,1.651634,11.871692,31.793120,63.955859
42.176128,54.721553,1.076685,22.104901,17.388371,67.037410
91.573553,13.862444,1.992269,22.104901,10.664250,55.976921
79.220733,14.929401,0.156351,22.104901,18.303780,81.609588
95.949243,25.750825,0.885357,22.104901,18.185522,83.290969
65.574070,84.071726,0.213306,22.104901,17.636624,74.943847
3.571168,25.428218,1.923796,2.817893,3.950141,73.033473
84.912931,81.428483,0.009268,22.104901,16.871523,81.070236
93.399325,24.352497,1.549821,22.104901,16.708592,75.580429
67.873515,92.926362,1.634606,22.104901,17.551441,75.290498
75.774013,34.998377,1.737389,22.104901,17.294988,75.546602
74.313247,19.659525,0.168872,22.104901,18.325804,78.794186
39.222702,25.108386,0.799565,22.104901,18.582860,64.044837
65.547789,61.604468,0.519741,22.104901,18.246494,77.679209
17.118669,47.328885,1.600137,11.871692,27.073544,61.710106
70.604609,35.165951,0.862828,22.104901,18.317744,77.241037
3.183285,83.082863,1.821295,3.872578,29.162742,77.518793
27.692298,58.526409,0.363694,20.320214,25.092448,68.092720
4.617139,54.972361,0.527606,4.986197,31.299692,80.848588
9.713178,91.719366,0.291078,9.617189,37.531205,74.892421
82.345783,28.583902,0.272137,22.104901,18.403314,84.796636
69.482862,75.720023,1.738584,22.104901,19.025350,78.254571
31.709948,75.372909,1.159409,21.212890,24.666379,68.022709
95.022205,38.044585,1.099720,22.104901,17.617706,83.872478
3.444608,56.782164,0.289910,4.986197,22.520612,84.469791
43.874436,7.585429,1.706062,15.457426,3.863404,43.205459
38.155846,5.395012,1.244110,12.884755,1.726571,41.344242
76.551679,53.079755,0.701905,22.104901,18.683067,80.831115
79.519990,77.916723,1.026499,22.104901,18.589562,83.233159
18.687260,93.401068,0.803616,14.986921,25.376965,63.696730
48.976440,12.990621,0.151933,22.104901,19.035188,71.612900
44.558620,56.882366,0.479832,22.104901,19.050020,70.584666
64.631301,46.939064,0.246638,22.104901,18.246494,75.875986
70.936483,1.190207,0.367816,18.436886,2.411297,48.122781
75.468668,33.712264,0.479905,22.104901,18.879133,83.060403
63.271124,59.352496,2.000000,22.104901,18.107782,71.410283
0.000000,41.264332,1.794514,0.948467,0.000000,3637.176133
100.000000,100.000000,0.715428,22.104901,17.662618,90.690775
100.000000,23.482803,0.000000,22.104901,15.537007,80.812771
61.226025,0.000000,0.282448,4.986197,0.000000,3200.733006
7.389621,100.000000,1.749828,7.286218,46.924630,84.856294
0.000000,100.000000,1.314139,1.412832,0.000000,3626.442687
100.000000,45.072968,0.848425,22.104901,17.863413,90.012954
66.984975,85.471294,0.795150,22.104901,18.051494,76.972937
10.953460,41.531029,2.000000,7.566816,32.999492,62.473181
77.416763,10.830010,0.000000,22.104901,17.858607,81.190586
72.801822,0.000000,1.862382,4.986197,0.000000,3174.800558
38.888778,44.198842,2.000000,22.104901,16.801401,61.308604
27.398237,10.615068,2.000000,12.368514,3.642844,39.366745
0.000000,100.000000,0.000000,2.116392,0.000000,3577.452106
0.000000,28.777286,0.603867,1.340126,0.000000,3584.521137
100.000000,0.000000,0.352255,6.130599,0.000000,3207.302276
100.000000,0.000000,2.000000,6.130599,0.000000,3194.837068
95.766624,0.000000,0.000000,0.055351,0.000000,3608.188443
0.000000,11.604536,1.858758,0.637216,0.000000,3629.698732
7.225651,42.514229,0.000000,8.476789,35.095642,77.984444
0.000000,100.000000,2.000000,1.376374,0.000000,3647.512946
100.000000,66.074109,0.000000,22.104901,15.358059,80.959785
0.000000,0.000000,2.000000,0.633945,0.000000,3629.533847
0.000000,100.000000,2.000000,1.376374,0.000000,3647.512946
2.951820,100.000000,2.000000,3.872578,24.679955,78.085231
100.000000,6.210919,1.888931,22.104901,6.227391,57.532334
90.201627,0.000000,0.069883,5.772478,0.000000,3185.660898
98.051901,8.378701,1.394222,22.104901,9.721885,57.604020
6.321884,27.247251,0.270500,6.181382,38.552029,78.849986
80.946565,56.043087,0.000000,22.104901,17.013858,80.226180
0.000000,30.769447,2.000000,0.656100,0.000000,3632.583566
81.524716,81.151889,0.363793,22.104901,17.071298,79.478140
0.000000,100.000000,0.439263,2.103229,0.000000,3578.237477
50.803773,30.503648,2.000000,22.104901,16.805031,60.379583
12.718237,0.000000,0.755550,2.817893,0.000000,3189.764463
40.549474,30.988715,2.000000,22.104901,16.217210,56.542416
59.346031,35.504136,2.000000,22.104901,16.716432,63.270555
100.000000,21.361272,2.000000,22.104901,14.129049,64.936372
0.000000,58.510987,0.627484,1.355263,0.000000,3596.055531
100.000000,0.000000,0.310921,6.130599,0.000000,3154.234245
98.812635,0.000000,0.099811,6.084365,0.000000,3141.271462
73.645838,100.000000,2.000000,22.104901,18.913645,81.527402
65.408880,0.000000,0.000000,0.055351,0.000000,3608.188443
6.979685,100.000000,0.759182,7.286218,49.804273,86.371593
6.373323,63.663411,0.000000,7.286218,29.564262,77.101864
46.430524,54.376340,2.000000,22.104901,18.250338,66.038259
67.001045,64.214578,1.182494,22.104901,18.131732,75.777579
100.000000,0.000000,0.369891,6.130599,0.000000,3211.271586
100.000000,24.659007,0.352694,22.104901,17.864052,88.490000
72.521289,46.855327,0.199254,22.104901,16.856043,77.756371
100.000000,56.093896,1.861374,22.104901,18.590913,89.913251
0.000000,44.643144,0.000000,2.337087,0.000000,3584.790110
86.774960,20.562888,2.000000,22.104901,14.176256,63.108318
85.927458,16.138226,0.028591,22.104901,16.820666,82.212998
6.569340,24.302026,1.807837,4.531440,22.732312,72.599492
43.734575,93.658208,1.171398,22.104901,18.498224,69.285439
59.439160,0.000000,0.711061,4.986197,0.000000,3232.422025
86.974643,81.213996,0.904330,22.104901,18.111347,84.161742
11.300579,33.676035,1.077585,8.476789,30.200314,64.642209
26.931393,100.000000,1.549278,19.135796,26.038758,66.994496
93.690653,40.152797,0.271379,22.104901,18.029518,87.325058
71.630706,46.112101,0.000000,22.104901,16.281144,77.303988
30.623731,0.000000,0.000000,0.055351,0.000000,3608.188443
100.000000,78.071848,0.317741,22.104901,17.501310,87.342710
26.409455,70.049478,1.547254,18.430854,24.006149,65.760331
13.472811,100.000000,0.580683,11.871692,34.184307,72.864094
86.766478,32.645385,1.986338,22.104901,15.614725,67.748992
100.000000,0.000000,0.000000,0.055351,0.000000,3608.188443
93.649508,22.150574,0.820931,22.104901,17.634739,83.379569
77.053517,100.000000,0.600775,22.104901,17.985159,81.090187
6.258477,0.000000,1.814748,2.817893,0.000000,3513.109053
82.357158,0.000000,0.005213,5.444171,0.000000,3350.570816
100.000000,45.400655,1.506787,22.104901,19.013380,93.262751
100.000000,87.373691,0.000000,22.104901,15.268569,81.119574
100.000000,0.000000,1.168566,6.130599,0.000000,3455.122435
80.492762,14.749421,1.834766,22.104901,12.145623,57.509921
68.657580,38.603541,0.000000,22.104901,18.427752,79.776292
100.000000,85.331622,2.000000,22.104901,16.973412,84.497501
12.781341,25.800266,0.649415,9.617189,31.394311,62.832803
79.648915,44.548347,1.081841,22.104901,18.712799,82.818178
62.274817,0.000000,0.257554,4.986197,0.000000,3266.004864
43.464015,95.726444,0.363850,22.104901,17.906461,73.017730
8.243411,57.832981,0.572092,8.476789,49.301182,84.345609
61.040329,0.000000,0.000000,0.055351,0.000000,3608.188443
0.000000,39.921229,0.596578,1.299314,0.000000,3592.612566
70.307552,24.017804,0.000000,22.104901,17.890813,79.017125
33.328783,59.984554,1.292381,21.580172,21.129017,66.318497
96.787272,17.896453,0.656748,22.104901,18.560476,87.613695
68.528395,42.616686,0.610673,22.104901,17.265103,74.250796
0.000000,9.121441,0.088900,1.649475,0.000000,3650.563005
71.667289,2.731996,1.439007,13.237700,0.000000,56.238338
74.251743,0.000000,0.000000,0.055351,0.000000,3608.188443
49.886658,0.000000,0.000000,0.055351,0.000000,3608.188443
34.991138,0.000000,0.000000,0.055351,0.000000,3608.188443
30.995701,47.702287,0.104521,21.580172,21.687467,68.602363
44.340662,56.074983,0.949828,22.104901,19.094058,67.957933
64.898643,44.870904,1.122834,22.104901,18.747965,74.457602
64.583616,0.300786,0.000000,22.104901,11.333059,45.477175
48.888450,22.634231,0.394975,22.104901,18.291420,71.842136
92.243186,0.000000,0.000000,0.055351,0.000000,3608.188443
62.271655,5.789270,0.000000,22.104901,17.617558,76.378455
24.365702,0.000000,0.243385,3.872578,0.000000,3122.704618
84.245209,0.000000,0.000000,0.055351,0.000000,3608.188443
94.155108,16.538460,0.000000,22.104901,16.211210,82.215391
45.060872,0.000000,0.000000,0.055351,0.000000,3608.188443
66.349376,70.785144,0.000000,22.104901,15.853230,76.298832
0.000000,24.324823,1.083506,1.037475,0.000000,3639.545437
55.005178,0.000000,0.912234,4.986197,0.000000,3199.947305
52.409367,9.696627,0.000000,22.104901,17.463519,74.104243
0.000000,0.000000,2.000000,0.633945,0.000000,3629.533847
81.698682,80.003237,0.000000,22.104901,17.013858,82.386596
100.000000,25.608314,0.224177,22.104901,17.715696,85.509826
34.171774,0.000000,0.000000,0.055351,0.000000,3608.188443
42.746783,45.450190,0.387804,22.104901,19.519322,70.560480
67.825198,68.038814,1.110443,22.104901,17.730756,76.645722
0.000000,31.236790,0.908468,1.053079,0.000000,3644.569771
68.155584,5.066388,0.792507,22.104901,10.534394,53.569434
96.227597,0.000000,0.000000,0.055351,0.000000,3608.188443
100.000000,13.035199,0.000000,22.104901,15.423622,81.755006
93.566299,75.630458,0.849014,22.104901,18.130954,90.393105
41.971475,3.754289,0.000000,22.104901,17.482764,71.180331
82.175960,62.002342,0.009999,22.104901,17.013858,82.301506
94.250840,37.270822,0.000000,22.104901,16.265442,82.821176
60.043637,0.000000,0.412135,4.986197,0.000000,3181.177385
40.708095,35.918519,0.000000,22.104901,16.929283,72.047473
54.753293,31.822094,0.000000,22.104901,16.750332,74.956622
17.719424,56.676085,0.868214,14.009564,22.724310,60.744036
80.805310,100.000000,0.000000,22.104901,17.013858,80.098172
51.559991,22.616927,2.000000,22.104901,15.291249,57.081440
51.859268,23.582304,1.335805,22.104901,17.233784,61.607262
100.000000,7.557733,0.368803,22.104901,18.101721,83.924665
8.856848,56.808747,0.223910,9.617189,38.618907,77.466365
14.605178,0.000000,0.667455,3.716046,0.000000,2939.790346
72.300539,0.000000,0.000000,0.055351,0.000000,3608.188443
100.000000,36.413562,0.000000,22.104901,15.482678,79.548820
98.473719,0.000000,0.339034,6.130599,0.000000,3221.870486
7.451879,39.613456,0.126079,8.476789,47.200015,83.989920
83.108875,13.820630,0.000000,22.104901,16.819124,81.189619
100.000000,20.868616,0.053129,22.104901,17.529559,88.100857
57.425569,9.179420,0.354448,22.104901,18.677336,70.021393
38.942306,7.688086,2.000000,13.019479,3.050265,45.676911
74.918239,0.000000,0.000000,0.055351,0.000000,3608.188443
50.681166,0.000000,0.000000,0.055351,0.000000,3608.188443
65.803736,0.000000,0.000000,0.055351,0.000000,3608.188443
71.174519,0.000000,0.265733,5.262909,0.000000,3136.267636
73.446288,0.000000,0.000000,0.055351,0.000000,3608.188443
62.879548,0.000000,0.000000,0.055351,0.000000,3608.188443
77.738551,1.244383,0.379608,18.411741,2.298683,47.814262
33.659210,14.908854,0.000000,22.104901,17.545034,70.440357
100.000000,0.000000,0.000000,0.055351,0.000000,3608.188443
74.004870,0.000000,1.618753,5.068137,0.000000,3187.324652
97.817235,73.905937,0.918432,22.104901,18.635245,90.596239
81.462483,0.000000,0.000000,0.055351,0.000000,3608.188443
51.893863,1.471338,0.311652,18.486930,6.204579,45.828491
87.401557,0.000000,0.000000,0.055351,0.000000,3608.188443
90.185896,42.833506,0.178212,22.104901,18.923226,85.237391
89.541294,20.967851,0.340788,22.104901,17.703748,86.778955
76.836867,23.681437,0.438229,22.104901,19.036217,80.640415
100.000000,0.000000,2.000000,6.130599,0.000000,3194.837068
60.790874,67.844940,0.000000,22.104901,15.706112,74.413990
76.742781,28.316423,0.133962,22.104901,17.582316,80.574809
47.913736,37.251767,0.323040,22.104901,19.018658,72.370723
32.642342,0.000000,0.000000,0.055351,0.000000,3608.188443
0.000000,42.281049,0.107390,2.279130,0.000000,3574.624159
61.914891,0.421515,0.294521,10.245838,0.567884,54.259343
30.419373,0.000000,0.613237,3.976055,0.000000,3209.980694
20.155494,0.000000,0.000000,0.055351,0.000000,3608.188443
91.356135,0.000000,0.000000,0.055351,0.000000,3608.188443
95.003908,14.328658,1.072015,22.104901,16.104659,73.895455
49.537629,27.985348,0.000000,22.104901,17.646201,72.281481
54.179448,7.766920,2.000000,18.569710,3.650713,47.936444
85.184312,100.000000,0.005116,22.104901,16.472258,81.308126
55.725406,5.949312,0.754317,22.104901,12.267487,53.053940
54.109411,99.602449,0.739906,22.104901,18.588940,71.103392
53.484122,69.399824,1.341531,22.104901,19.614543,72.642065
57.775132,31.872125,0.088823,22.104901,17.920324,74.596873
36.414747,0.000000,1.597240,4.986197,0.000000,3104.846325
51.155630,5.626315,0.201364,22.104901,19.299351,68.671315
87.695577,26.730489,0.000000,22.104901,16.480724,81.698888
54.387902,0.000000,0.000000,0.055351,0.000000,3608.188443
0.000000,23.225397,1.897040,0.646961,0.000000,3630.190970
0.000000,0.000000,0.000745,0.055827,0.000000,3608.187054
29.319916,37.896827,0.406607,20.320214,22.390113,64.821918
74.941886,0.000000,0.000000,0.055351,0.000000,3608.188443
1.719605,0.000000,0.205738,1.338433,0.000000,3441.083674
94.983685,29.237524,0.701456,22.104901,17.872487,85.457913
71.827336,21.920640,0.000000,22.104901,16.343463,76.439540
75.043519,20.173406,0.452551,22.104901,18.839541,82.451124
76.245994,0.000000,0.000000,0.055351,0.000000,3608.188443
100.000000,0.000000,2.000000,6.130599,0.000000,3194.837068
39.475479,11.783929,0.000000,22.104901,16.747829,68.346852
74.247785,0.000000,0.000000,0.055351,0.000000,3608.188443
79.912999,0.000000,0.000000,0.055351,0.000000,3608.188443
66.102483,0.000000,0.000000,0.055351,0.000000,3608.188443
100.000000,5.187985,0.103104,22.104901,19.102252,96.918591
100.000000,0.000000,0.000000,0.055351,0.000000,3608.188443
60.658544,0.000000,0.000000,0.055351,0.000000,3608.188443
82.491275,1.613007,0.669430,18.026652,1.872056,53.347510
50.951865,13.700675,0.279807,22.104901,19.362166,70.972953
85.146137,0.000000,0.000000,0.055351,0.000000,3608.188443
86.497926,51.842011,2.000000,22.104901,17.000177,80.146864
79.995297,100.000000,0.825420,22.104901,16.699702,77.633223
84.405298,0.000000,0.000000,0.055351,0.000000,3608.188443
0.000000,0.000000,0.252228,0.787826,0.000000,3616.146233
58.534522,0.000000,0.000000,0.055351,0.000000,3608.188443
44.162527,5.898222,0.410580,22.104901,15.583856,57.651844
100.000000,1.530786,0.000000,22.104901,16.572951,89.624492
100.000000,40.283297,0.747562,22.104901,17.990252,92.809012
97.934974,9.224244,0.000000,22.104901,15.991972,84.679494
67.119846,100.000000,0.640031,22.104901,17.868945,78.167238
76.707621,0.000000,0.285729,5.620843,0.000000,3158.932386
24.374354,12.890084,0.298992,16.785560,23.538140,61.132704
28.078432,0.000000,0.000000,0.055351,0.000000,3608.188443
100.000000,100.000000,0.000000,22.104901,15.331377,83.138123
3.752688,0.000000,0.000000,0.055351,0.000000,3608.188443
73.478451,50.484313,0.071881,22.104901,17.138990,77.921784
0.000000,0.000000,0.000000,0.055351,0.000000,3608.188443
89.372235,0.000000,0.000000,0.055351,0.000000,3608.188443
53.667990,11.497891,1.345452,22.104901,12.598556,55.085058
12.905789,24.333120,0.299213,10.742832,29.500837,64.879409
7.626363,25.904959,0.000000,8.476789,38.912085,79.638595
80.304842,60.864665,0.000000,22.104901,16.624957,80.391316
0.000000,0.000000,1.659206,0.621676,0.000000,3628.916171
53.196727,100.000000,1.390750,22.104901,17.337847,70.887858
0.000000,43.712562,1.850519,0.912008,0.000000,3629.594366
95.677882,20.304714,0.301756,22.104901,17.954394,89.118545
100.000000,30.429638,0.849013,22.104901,18.620557,92.238127
5.169066,0.000000,0.389377,2.190334,0.000000,3331.353607
34.551021,24.090078,0.365156,22.104901,19.206876,66.108607
0.000000,0.000000,0.000379,0.055698,0.000000,3608.187744
31.265580,91.305042,1.150840,21.212890,24.293454,69.456467
0.000000,0.000000,0.000000,0.055351,0.000000,3608.188443
30.328554,58.488894,0.049387,21.580172,24.533480,70.687744
53.441926,0.000000,0.000589,1.374392,0.000000,3565.278586
0.000000,21.138625,0.464293,0.950354,0.000000,3624.959987
67.467593,88.865094,1.218102,22.104901,19.661236,81.912775
100.000000,0.000000,0.110663,6.130599,0.000000,3172.848249
41.231386,8.487988,0.878707,18.480257,13.112068,49.698541
50.116588,0.000000,0.000000,0.055351,0.000000,3608.188443
15.135418,6.488678,0.000000,14.009564,23.295195,66.527260
46.365749,8.747304,1.142763,18.753982,11.410592,47.603008
73.516955,0.000000,0.000000,0.055351,0.000000,3608.188443
100.000000,0.000000,0.000000,0.055351,0.000000,3608.188443
21.884514,0.000000,0.000000,0.055351,0.000000,3608.188443
23.569631,16.758110,0.000000,18.430854,25.399932,67.991717
51.459833,0.000000,0.000000,0.055351,0.000000,3608.188443
62.217005,0.000000,0.000000,0.055351,0.000000,3608.188443
64.037899,1.758186,0.518936,18.030576,2.297369,45.791186
97.985725,27.017753,0.468366,22.104901,17.747649,89.058235
65.839050,0.000000,0.000134,0.421596,0.000000,3596.738820
44.049908,51.713339,0.000000,22.104901,16.476247,72.500437
43.496775,0.000000,0.000000,0.055351,0.000000,3608.188443
87.391390,0.000000,0.000000,0.055351,0.000000,3608.188443
100.000000,13.363075,0.000000,22.104901,15.448122,82.440732
0.000000,0.000000,0.000128,0.055500,0.000000,3608.188320
25.302606,64.629684,0.639840,18.430854,25.265384,64.530508
18.755276,12.606566,1.768037,9.500571,8.340080,42.088308
76.884167,61.903627,0.841399,22.104901,18.543190,82.935529
88.422118,28.363774,1.298609,22.104901,17.211743,78.411654
0.000000,57.121929,0.968182,1.509471,0.000000,3635.893971
0.000000,23.860345,0.313090,1.383959,0.000000,3646.450031
63.922343,18.103762,0.179328,22.104901,17.935157,77.813840
11.307312,0.000000,0.000482,0.262428,0.000000,3600.627974
60.254950,37.412807,0.375755,22.104901,19.879004,77.088923
0.000000,0.000000,0.000000,0.055351,0.000000,3608.188443
100.000000,74.731644,0.000000,22.104901,15.321684,79.837195
20.289872,0.000000,0.000000,0.055351,0.000000,3608.188443
77.752168,0.000000,0.000296,1.035723,0.000000,3577.896639
34.012889,4.819705,0.741291,15.259381,7.189568,43.911241
0.000000,8.115252,0.315497,0.957578,0.000000,3633.249130
0.000000,18.947978,1.626652,0.634147,0.000000,3629.544029
73.524638,7.151857,0.010073,22.104901,17.620235,78.866024
44.252394,9.135117,0.077602,22.104901,18.649942,71.030035
69.797520,52.686648,2.000000,22.104901,18.111136,72.297367
47.687458,0.000000,1.891732,4.986197,0.000000,3630.448643
100.000000,0.000000,0.046393,5.905031,0.000000,3221.675776
0.000000,30.499535,0.000000,2.739830,0.000000,3673.296873
30.819299,18.828428,0.274662,20.795099,24.008045,70.400186
0.000000,45.971535,1.816373,1.010118,0.000000,3634.440043
0.000000,0.000000,0.000795,0.055834,0.000000,3608.187023
81.708190,100.000000,0.000000,22.104901,17.013858,82.027712
6.216934,0.000000,0.000401,0.138159,0.000000,3604.678659
35.768728,51.474310,0.256243,22.104901,19.022004,67.953464
29.791970,0.000000,0.001236,1.521953,0.000000,3554.848125
100.000000,21.151763,0.000000,22.104901,15.546801,82.431972
9.648643,39.365945,0.560581,8.476789,32.123544,72.930813
64.606557,100.000000,0.684152,22.104901,18.334528,78.777364
0.000000,0.000000,0.315243,0.821923,0.000000,3821.879961
56.135497,0.000000,0.000684,1.661239,0.000000,3555.370334
0.000000,8.040181,0.185571,1.205216,0.000000,3763.530199
0.000000,0.000000,1.919914,0.631062,0.000000,3629.388526
73.709345,0.000000,0.000000,0.055351,0.000000,3608.188443
15.546007,0.000000,0.000375,0.280736,0.000000,3600.242093
0.000000,0.000000,0.000000,0.055351,0.000000,3608.188443
0.000000,21.134298,0.023241,2.255706,0.000000,3575.213484
43.080045,0.000000,0.000000,0.055351,0.000000,3608.188443
52.963262,0.000000,0.000028,0.098018,0.000000,3606.151090
56.071206,1.398816,0.000000,22.104901,18.536481,80.428876
100.000000,31.222574,0.545293,22.104901,18.308702,91.012414
32.794071,0.000000,0.000716,1.017571,0.000000,3575.505234
11.004803,43.252839,0.588381,9.617189,36.837265,69.651206
3.348402,0.000000,0.000000,0.055351,0.000000,3608.188443
76.260611,0.000000,0.000116,0.422647,0.000000,3596.785364
0.000000,23.375999,0.273523,1.284711,0.000000,3626.540009
8.311964,0.000000,0.000629,0.250016,0.000000,3600.793307
25.135746,100.000000,0.757298,18.430854,23.818869,65.660152
0.000000,23.984579,1.861308,0.646222,0.000000,3630.153558
29.260305,54.117416,0.796141,20.320214,21.987802,64.848410
58.460234,28.424277,2.000000,22.104901,15.512184,61.081432
37.169422,4.934898,0.387793,18.849884,16.030541,55.132712
100.000000,48.980801,0.098058,22.104901,17.150961,85.382765
100.000000,35.925533,0.217554,22.104901,17.708662,89.753553
0.000000,0.000000,0.001012,0.055843,0.000000,3608.187125
13.433351,32.891383,0.452254,11.360348,32.658097,67.391932
46.778097,0.000000,0.000074,0.184772,0.000000,3603.660909
18.891912,46.918924,0.503516,14.986921,25.212372,62.721006
53.809717,0.000000,0.000022,0.083627,0.000000,3606.578088
42.412664,0.000000,0.001020,1.816537,0.000000,3546.760324
0.295007,0.000000,0.000000,0.055351,0.000000,3608.188443
49.739190,70.425666,0.000000,22.104901,16.995109,73.154039
3.554644,0.000000,1.683628,2.027537,0.000000,3430.029373
70.017786,41.152157,0.016584,22.104901,18.059222,76.919766
63.967278,39.257002,0.080386,22.104901,18.626013,77.565151
68.311863,28.628832,0.710980,22.104901,18.498292,77.014934
100.000000,18.583552,0.000000,22.104901,15.557591,81.393225
0.000000,1.592675,0.000000,1.836332,0.000000,3572.879106
43.817849,0.000000,0.197014,4.986197,0.000000,3132.975004
100.000000,78.468970,0.308265,22.104901,16.903254,89.385635
27.279992,4.747014,2.000000,7.857061,0.000000,54.808022
32.685312,0.000000,0.001136,1.546850,0.000000,3554.799111
62.550652,72.447238,1.669908,22.104901,19.014225,75.002892
13.055561,0.000000,0.000842,0.481488,0.000000,3592.491288
53.369967,20.497613,0.403458,22.104901,19.571101,74.151843
3.777019,0.000000,0.001948,0.304962,0.000000,3596.992438
61.003762,20.486191,0.344951,22.104901,19.088843,77.375427
2.532678,0.000000,0.000000,0.055351,0.000000,3608.188443
0.000000,0.000000,1.005884,0.730477,0.000000,3624.263438
88.631974,11.036455,0.015789,22.104901,16.889692,81.068507
32.617036,0.000000,0.001951,2.442928,0.000000,3515.427823
80.668093,0.000000,2.000000,6.130599,0.000000,3095.632965
100.000000,0.567991,1.925512,6.195542,0.000000,248.458030
0.000000,0.000000,0.000942,0.055844,0.000000,3608.187051
0.000000,0.000000,0.002038,0.055714,0.000000,3608.190539
50.047295,0.000000,0.000774,1.662381,0.000000,3554.381443
60.823534,6.822663,0.136307,22.104901,19.233698,76.640403
31.453668,0.000000,0.000345,0.496020,0.000000,3593.651623
47.380399,0.000000,0.000165,0.374933,0.000000,3597.970818
49.708679,0.509743,0.146562,15.200245,4.282027,43.523268
0.000000,0.000000,0.000000,0.055351,0.000000,3608.188443
0.000000,0.000000,0.001796,0.055743,0.000000,3608.189672
47.697974,35.075553,0.751583,22.104901,18.704815,69.832540
0.000000,0.000000,0.000898,0.055842,0.000000,3608.187025
34.480794,0.000000,0.001140,1.636788,0.000000,3551.684155
80.877073,5.295847,0.601244,22.104901,13.565574,62.084718
51.725819,0.000000,0.001663,3.217005,0.000000,3490.328433
33.326405,85.289613,0.626810,22.060149,21.343262,68.382217
49.512055,18.109514,0.172747,22.104901,19.137944,71.112400
95.140924,16.736294,1.048952,22.104901,15.664796,74.437647
80.656298,18.866843,0.000000,22.104901,16.961299,80.694659
47.374386,0.000000,0.280335,4.986197,0.000000,3211.410841
91.281670,19.791199,0.000000,22.104901,16.386462,83.449139
87.871201,23.416861,0.526960,22.104901,18.225517,83.334682
27.489559,0.000000,0.000761,0.904524,0.000000,3578.853830
15.291567,51.107445,0.326448,13.002718,27.398447,64.054821
96.894515,0.000000,0.000342,1.476030,0.000000,3564.646729
0.000000,0.000000,0.950680,0.648407,0.000000,3617.157042
90.681547,0.000000,0.000045,0.215232,0.000000,3602.860497
3.539210,0.000000,0.001815,0.273117,0.000000,3598.424430
0.000000,0.000000,0.000422,0.055722,0.000000,3608.187631
100.000000,100.000000,0.245238,22.104901,17.150961,85.447377
7.944691,11.171779,0.000000,8.476789,50.102515,87.504142
49.356468,56.200107,0.004407,22.104901,17.139214,74.220267
54.464721,7.596307,1.276389,20.662006,10.985653,49.190124
50.721578,19.066773,0.105834,22.104901,18.017715,71.705348
0.000000,28.928639,1.664930,1.116918,0.000000,3569.528989
31.892301,1.150090,0.000679,21.497681,22.512572,65.941448
83.889874,16.794091,0.813949,22.104901,17.620840,76.148883
4.109360,86.941114,0.239100,4.986197,23.855886,79.473727
53.696697,0.000000,1.213700,4.986197,0.000000,3267.093986
68.621374,0.000000,0.002334,4.536611,0.000000,3432.310555
0.000000,41.520958,1.734982,0.923647,0.000000,3628.147810
36.245578,0.000000,0.001343,1.989166,0.000000,3537.600071
0.000000,5.140072,0.470716,0.916653,0.000000,3576.213041
50.826993,0.000000,0.001432,2.845756,0.000000,3506.542062
30.750012,11.717126,0.206319,20.788804,23.222180,65.824479
0.000000,0.000000,0.000426,0.055724,0.000000,3608.187621
21.769992,99.915975,0.960885,16.785560,24.910233,62.742782
100.000000,36.328533,1.081862,22.104901,17.849096,87.040525
6.746729,0.000000,0.003345,0.795747,0.000000,3573.495533
100.000000,5.255762,0.163033,22.104901,18.264024,92.801002
0.000000,1.461820,0.000000,0.286351,0.000000,3604.183014
5.299421,0.000000,0.002320,0.473252,0.000000,3589.468342
21.286172,0.000000,0.002521,1.993363,0.000000,3527.953232
100.000000,0.000000,0.001625,4.839664,0.000000,3433.920249
99.658547,0.000000,0.093195,6.066009,0.000000,3156.848135
18.664654,0.000000,0.000724,0.590440,0.000000,3589.194021
33.979847,0.000000,0.001549,2.112750,0.000000,3531.272281
41.216536,0.000000,0.321666,4.986197,0.000000,3131.243748
11.976464,0.000000,0.001281,0.637076,0.000000,3585.610233
47.489950,0.000000,0.001978,3.383041,0.000000,3480.184345
99.518957,3.839363,0.654227,22.104901,10.636294,56.891228
2.513276,0.000000,0.002050,0.221502,0.000000,3600.299093
0.000000,0.000000,0.002736,0.055741,0.000000,3608.191937
100.000000,0.000000,0.057122,5.889689,0.000000,3201.787260
46.868673,0.000000,0.001442,2.674448,0.000000,3512.424856
41.148034,68.606004,0.291784,22.104901,15.919080,68.935594
100.000000,16.951319,0.000000,22.104901,15.564449,81.668752
100.000000,0.000000,0.521908,6.130599,0.000000,3209.899102
95.139610,0.000000,1.490859,6.130599,0.000000,3300.749505
0.000000,87.488757,0.418133,2.109867,0.000000,3577.752304
83.974733,0.000000,0.177895,5.892816,0.000000,3173.626569
47.372195,3.299861,0.647324,17.583218,6.263026,44.945136
62.902338,0.000000,0.000611,1.673675,0.000000,3555.773116
100.000000,65.741252,0.000000,22.104901,15.359458,80.208795
100.000000,0.000000,0.001209,4.194659,0.000000,3464.290128
41.435275,53.984407,1.360518,22.104901,18.119023,65.246521
79.348400,0.000000,0.000620,2.133173,0.000000,3541.438536
0.000000,0.000000,0.002573,0.055717,0.000000,3608.191786
6.903141,0.000000,0.002180,0.582284,0.000000,3585.387633
68.241582,0.000000,0.487043,4.986197,0.000000,3280.772297
44.704890,42.810116,2.000000,22.104901,17.902931,63.167500
45.611879,19.740396,0.000000,22.104901,17.213901,73.555222
81.655948,0.000000,1.376096,6.130599,0.000000,2905.209549
24.388100,9.318366,0.000000,19.135796,28.794449,71.134046
100.000000,41.690936,2.000000,22.104901,17.419633,81.512391
61.821733,0.135785,0.001471,22.104901,2.595611,37.751437
58.758237,19.898721,0.820546,22.104901,18.237614,66.811320
0.000000,76.464622,0.198799,2.127454,0.000000,3576.965998
16.105492,18.516014,0.236781,13.002718,24.717207,62.963807
12.300341,0.000000,0.002638,1.200780,0.000000,3559.107384
10.982221,0.000000,1.534560,2.817893,0.000000,2979.143618
61.754597,0.000000,0.001895,3.899406,0.000000,3462.472194
8.457006,21.993694,0.443223,7.286218,37.013849,70.704600
100.000000,0.000000,0.000864,3.446368,0.000000,3495.928746
52.569222,4.528267,0.000000,22.104901,17.455422,73.427575
53.902144,0.000000,0.001607,3.251030,0.000000,3489.867829
75.521147,100.000000,0.000000,22.104901,17.461442,80.980130
19.736833,27.621052,1.250129,12.879096,24.334555,57.694710
19.555707,0.000000,0.002754,1.964727,0.000000,3527.324745
19.269602,11.263653,0.000000,15.982395,25.422611,67.921647
69.087481,1.836882,0.000530,22.104901,18.644573,81.797506
28.308981,0.000000,0.002023,2.210484,0.000000,3523.525214
44.700961,0.000000,0.003053,3.898287,0.000000,3445.894497
93.686505,0.000000,0.001467,4.425090,0.000000,3451.255491
10.819022,3.648006,0.118528,8.052023,38.692931,69.404641
15.874520,0.000000,0.002799,1.619027,0.000000,3541.144023
17.931367,0.000000,0.003465,2.133728,0.000000,3514.778123
28.728331,1.405350,0.111743,16.084507,19.746707,55.512386
39.036466,0.000000,0.002571,3.404896,0.000000,3471.819280
54.020385,0.000000,0.001625,3.283312,0.000000,3488.471258
100.000000,57.544487,0.782548,22.104901,17.747817,90.417126
72.651412,0.000000,0.002802,4.839493,0.000000,3413.306728
87.533216,0.000000,0.002643,5.175835,0.000000,3403.622268
15.765542,13.074931,0.000000,14.009564,21.554524,66.108117
41.525813,0.000000,0.001200,2.058683,0.000000,3536.645563
45.989768,0.000000,0.000000,0.055351,0.000000,3608.188443
38.792101,26.342007,1.692534,22.104901,15.756698,56.350133
89.281680,2.561943,0.287464,22.104901,14.585615,64.532838
100.000000,26.150707,1.465720,22.104901,15.892103,77.931271
46.888584,100.000000,0.889088,22.104901,16.961567,69.269325
57.933492,26.224208,0.099694,22.104901,18.440727,76.492104
63.733275,35.456714,0.242978,22.104901,17.792445,75.413862
85.046070,0.000000,0.001083,3.575063,0.000000,3487.333746
34.088319,65.405240,0.023320,22.104901,17.660835,71.509269
86.502243,0.000000,0.002249,4.949726,0.000000,3418.720095
92.609936,54.277972,0.113483,22.104901,16.265442,82.038867
0.000000,0.000000,0.003563,0.056062,0.000000,3608.190690
59.464824,0.000000,0.000357,0.948913,0.000000,3580.006165
24.171742,0.000000,0.004463,3.084676,0.000000,3463.312892
10.361773,67.680691,0.140284,10.742832,29.666016,71.254127
12.480609,61.455828,1.646112,9.617189,32.677672,64.303143
43.338319,42.763572,0.012381,22.104901,17.291221,73.511578
37.177216,25.967890,0.752262,22.104901,18.242679,63.622176
35.045877,73.447526,1.342522,22.104901,18.340514,64.134577
9.945806,17.914935,0.707277,7.566816,35.536613,67.475141
31.878810,0.284452,0.001758,19.425493,9.331123,36.360221
6.047657,24.751733,0.050237,7.286218,30.567150,82.466561
98.987960,28.115169,0.182597,22.104901,17.687506,87.090516
0.000000,30.111283,0.000000,2.645255,0.000000,3696.064197
0.000000,0.000000,0.001977,0.055720,0.000000,3608.190334
56.891675,15.467290,0.000000,22.104901,16.744370,75.358586
34.350662,0.000000,0.002429,2.950181,0.000000,3491.226679
26.130044,17.012185,0.000000,19.761602,25.119350,70.567154
0.000000,0.000000,0.001039,0.055842,0.000000,3608.187164
83.585947,0.000000,0.252204,6.023682,0.000000,3159.144352
100.000000,0.000000,0.002663,5.516648,0.000000,3390.829367
67.065549,56.515840,0.372654,22.104901,16.718578,75.625917
17.847995,0.000000,0.000000,0.055351,0.000000,3608.188443
80.450873,0.000000,0.000167,0.620180,0.000000,3590.837847
0.000000,0.000000,0.512678,0.778905,0.000000,3613.838582
34.862570,0.634123,0.002118,21.706679,17.631462,50.847921
55.564653,0.000000,0.001693,3.464564,0.000000,3481.043095
45.321836,0.000000,0.002858,3.835365,0.000000,3451.121149
63.587219,0.000000,0.000457,1.285852,0.000000,3569.165111
0.000000,8.231368,0.004564,2.292209,0.000000,3583.060608
28.161030,0.000000,0.003962,3.254285,0.000000,3461.248668
25.681043,0.000000,0.005477,3.374943,0.000000,3439.553862
24.199944,1.569902,0.011699,18.193841,28.829661,76.560009
80.349502,0.000000,0.002005,4.671135,0.000000,3432.899352
33.503784,0.000000,0.001001,1.414427,0.000000,3560.399272
79.097150,100.000000,0.969057,22.104901,18.263826,85.544026
56.690332,0.000000,0.002063,3.846555,0.000000,3461.958244
61.958976,0.000000,0.001373,3.262508,0.000000,3492.857820
0.000000,9.723549,0.473599,1.022781,0.000000,3622.374469
42.630578,0.000000,0.001276,2.231497,0.000000,3529.850554
53.932372,0.000000,0.000326,0.789043,0.000000,3584.908164
0.000000,31.149837,2.000000,0.656374,0.000000,3634.932632
35.213171,67.136640,0.990757,22.104901,19.437961,68.086957
96.130694,12.626946,0.000000,22.104901,16.003961,82.184721
62.656734,0.000000,0.923321,4.986197,0.000000,3347.758232
70.365889,16.803961,0.060232,22.104901,17.802746,78.115936
100.000000,61.519541,0.060567,22.104901,15.488097,82.074623
71.563262,0.000000,0.001795,4.143628,0.000000,3455.265895
0.000000,32.037920,0.363084,1.743065,0.000000,3587.387455
27.869187,0.000000,0.000000,0.055351,0.000000,3608.188443
90.071203,0.000000,0.000000,0.055351,0.000000,3608.188443
80.863605,0.000000,0.002725,5.035291,0.000000,3407.333988
94.959152,0.000000,0.000000,0.055351,0.000000,3608.188443
63.378102,0.000000,0.002770,4.568946,0.000000,3424.012162
0.000000,100.000000,0.000000,2.116392,0.000000,3577.452106
0.000000,0.000000,0.000000,0.055351,0.000000,3608.188443
84.261405,35.807902,0.008584,22.104901,16.870817,80.413776
53.837193,33.866901,0.571166,22.104901,19.928307,75.851003
65.581310,54.783949,1.535036,22.104901,18.878243,74.747040
0.000000,3.777465,0.000000,2.331069,0.000000,3694.806251
0.000000,2.192853,0.000951,2.023448,0.000000,3580.031219
4.439970,8.927446,0.000000,6.095673,20.926294,77.086868
100.000000,0.000000,0.192452,6.130599,0.000000,3240.319025
57.471349,45.629303,0.707598,22.104901,19.100429,75.750081
57.492951,0.000000,0.000838,2.052366,0.000000,3541.085868
69.090342,72.264328,0.589195,22.104901,19.816957,81.536800
25.317069,0.000000,0.001016,1.086862,0.000000,3571.299391
42.779346,22.433024,0.254383,22.104901,19.161221,69.314214
39.581907,0.000000,0.001584,2.485420,0.000000,3517.528844
82.134226,4.317996,0.257651,22.104901,17.991052,74.484384
72.801008,0.000000,0.000000,0.055351,0.000000,3608.188443
14.031461,0.000000,0.714099,3.423416,0.000000,3223.398685
30.745284,0.000000,0.000953,1.242458,0.000000,3566.514494
100.000000,0.000000,0.000000,0.055351,0.000000,3608.188443
77.633259,4.320445,2.000000,15.623885,1.321605,51.224643
1.266299,0.000000,0.001659,0.112062,0.000000,3604.942226
49.215827,0.000000,0.001673,3.096917,0.000000,3494.511012
15.961192,0.000000,0.000932,0.636499,0.000000,3586.843324
2.128175,0.000000,0.000784,0.100649,0.000000,3605.695686
18.531897,18.355408,0.048960,15.912678,26.617219,65.780402
36.115445,0.000000,0.002205,2.886096,0.000000,3496.138709
31.346389,0.000000,0.005151,3.728933,0.000000,3425.588000
39.545491,0.170938,0.174204,6.304459,0.289721,61.186239
0.000000,0.000000,0.000380,0.055699,0.000000,3608.187739
0.000000,0.000000,0.001293,0.055820,0.000000,3608.187779
5.864091,0.000000,0.428933,2.508857,0.000000,3300.968970
0.000000,0.000000,0.002370,0.055702,0.000000,3608.191443
0.000000,0.000000,0.001386,0.055806,0.000000,3608.188097
61.862778,7.020594,0.872158,22.104901,12.723187,54.405268
52.507628,0.000000,0.001670,3.268318,0.000000,3488.394485
38.189453,0.000000,0.001458,2.249363,0.000000,3527.279019
55.265046,28.346544,0.000000,22.104901,16.798207,74.600959
0.000000,83.275174,1.764773,1.411005,0.000000,3651.496267
43.770020,0.000000,1.951496,4.986197,0.000000,3291.454855
28.322330,100.000000,0.920011,20.320214,25.340187,66.209454
85.985136,0.000000,0.015743,5.922844,0.000000,3278.876201
59.982440,37.370027,0.000000,22.104901,16.201156,75.729476
46.932011,0.000000,0.000000,0.055351,0.000000,3608.188443
90.633091,15.777239,0.212067,22.104901,17.696298,86.404461
55.822695,0.000000,0.002462,4.092367,0.000000,3446.954348
56.608829,0.000000,0.000525,1.306473,0.000000,3567.940062
100.000000,0.000000,0.000000,0.055351,0.000000,3608.188443
94.679496,0.000000,0.001647,4.708179,0.000000,3438.044419
48.466567,0.000000,0.000000,0.055351,0.000000,3608.188443
63.853269,0.000000,0.304933,4.986197,0.000000,3149.850804
11.919499,0.000000,0.002655,1.170166,0.000000,3560.274486
97.595137,13.855202,0.000000,22.104901,16.226400,83.840359
81.594796,19.675745,1.227015,22.104901,15.672513,67.846352
75.916274,20.098305,0.163427,22.104901,18.573077,80.827194
92.898788,0.000000,2.000000,6.130599,0.000000,3252.154339
6.817629,2.735993,0.001831,7.841840,58.398186,95.862123
33.966123,4.454385,0.862779,13.274714,5.120302,41.011207
44.969596,24.869855,0.425713,22.104901,19.201739,72.036901
92.989577,31.255671,1.199981,22.104901,17.199883,82.350471
99.913997,0.000000,0.000392,1.735016,0.000000,3556.462435
0.000000,100.000000,1.805059,1.412293,0.000000,3627.327611
49.245225,0.000000,0.000000,0.055351,0.000000,3608.188443
61.445462,20.009651,0.506413,22.104901,18.575988,74.681319
83.037246,0.000000,0.002838,5.145162,0.000000,3401.276589
42.910718,31.257998,0.159375,22.104901,18.157626,68.508926
0.000000,0.000000,0.001955,0.055722,0.000000,3608.190259
0.000000,41.044490,0.397041,1.302576,0.000000,3586.362629
49.193490,0.000000,0.002427,3.782546,0.000000,3459.232644
25.268454,0.000000,0.003112,2.663436,0.000000,3495.495751
86.629237,11.771469,1.733470,22.104901,10.615722,53.891575
0.000000,1.600607,0.002601,1.414093,0.000000,3570.847904
21.468633,0.000000,0.002293,1.863536,0.000000,3534.737829
13.687441,0.000000,0.000594,0.372245,0.000000,3596.839659
0.000000,0.000000,0.001562,0.055779,0.000000,3608.188762
72.411386,19.500532,0.081563,22.104901,17.067543,78.453135
44.865302,0.000000,0.000273,0.561554,0.000000,3591.972108
6.898910,0.000000,0.002531,0.656385,0.000000,3581.611973
93.697633,0.000000,0.145703,6.130599,0.000000,3206.242351
2.102625,0.000000,0.000424,0.069837,0.000000,3606.858351
65.137138,0.000000,0.002139,4.230094,0.000000,3446.734993
56.426171,9.936364,0.994632,22.104901,13.608718,56.755281
21.651059,0.000000,0.002827,2.209819,0.000000,3516.758307
62.474602,0.000000,0.001929,3.953327,0.000000,3460.017593
100.000000,2.654902,0.799231,22.104901,4.997778,55.295058
37.335840,0.000000,0.003570,3.702981,0.000000,3446.841943
11.252240,0.000000,0.003030,1.224444,0.000000,3556.314177
100.000000,26.233244,1.672319,22.104901,16.000022,76.241866
71.368234,58.875084,1.018779,22.104901,19.132835,80.813708
12.508183,1.793186,2.000000,3.872578,0.000000,231.348689
10.640364,81.312009,0.524774,9.617189,42.607062,77.272361
34.439774,3.060817,0.156789,19.986301,21.465720,61.336854
8.848584,15.547046,0.658972,6.861875,41.531753,74.485579
27.866195,0.000000,0.003135,2.907659,0.000000,3485.140347
100.000000,48.475415,0.000000,22.104901,15.432000,83.365914
100.000000,0.000000,0.002076,5.152982,0.000000,3414.598271
9.576070,0.000000,0.002718,0.959847,0.000000,3568.634227
1.258048,0.000000,0.002748,0.151849,0.000000,3602.814594
23.686678,0.000000,0.002876,2.403374,0.000000,3508.439285
2.634361,0.000000,0.002746,0.282522,0.000000,3597.034461
97.237294,75.709859,0.134048,22.104901,17.212425,83.718806
48.928477,0.000000,0.005096,4.511093,0.000000,3391.107752
64.117729,0.000000,0.012696,5.530926,0.000000,3301.877660
88.690766,0.000000,1.166193,6.130599,0.000000,3173.044662
41.131921,62.198488,0.000000,22.104901,16.749205,69.803692
100.000000,3.137629,0.000000,22.104901,16.074761,84.381115
43.140207,1.146952,0.001566,22.104901,18.671420,68.885571
71.086465,17.232695,1.778885,22.104901,12.875285,58.527181
4.587581,50.208958,0.551372,4.986197,33.162620,83.471062
60.103870,0.000000,0.995544,4.986197,0.000000,2967.388392
67.842132,0.000000,0.001565,3.795492,0.000000,3471.259217
47.878192,18.573686,0.700171,22.104901,18.601453,65.090355
60.120145,0.000000,0.002903,4.514261,0.000000,3423.955693
71.382481,34.006932,0.440030,22.104901,18.802611,82.590097
82.988865,0.000000,0.001773,4.498530,0.000000,3443.063337
11.807367,58.563740,0.000000,11.871692,33.204505,75.028504
34.013788,0.000000,0.002576,3.041086,0.000000,3486.014234
17.092830,70.218569,0.807645,14.009564,24.011299,63.333348
50.780194,0.000000,0.002943,4.151588,0.000000,3437.443261
0.000000,0.000000,0.006536,0.058713,0.000000,3608.162963
11.602536,9.734041,1.296490,6.590565,17.320944,45.167400
33.123457,1.349963,0.002705,21.824536,22.235483,71.181030
0.598269,0.000000,0.003762,0.103792,0.000000,3604.634907
58.417421,0.000000,0.001705,3.629165,0.000000,3474.968844
27.782627,0.000000,0.002161,2.291294,0.000000,3519.259753
100.000000,15.937681,0.085957,22.104901,17.356808,87.333174
31.316538,0.000000,0.001464,1.855385,0.000000,3541.246384
49.722790,0.000000,0.000000,0.055351,0.000000,3608.188443
64.101109,0.409720,0.256915,11.380592,0.568394,51.682042
33.127145,0.000000,0.002099,2.597129,0.000000,3508.209687
100.000000,0.000000,0.001693,4.894412,0.000000,3430.721395
100.000000,35.572663,1.068055,22.104901,17.849096,89.833858
59.225658,0.000000,0.001476,3.311128,0.000000,3489.609132
69.769426,0.000000,0.001905,4.190453,0.000000,3451.826559
0.000000,0.000000,0.354842,0.744790,0.000000,3611.450039
25.279243,0.000000,0.003538,2.881121,0.000000,3481.988212
14.544873,0.000000,0.004431,2.052132,0.000000,3511.194631
0.000000,25.506449,0.849049,1.112009,0.000000,3634.540089
100.000000,18.494125,0.490344,22.104901,18.224144,89.903650
22.349707,27.893321,0.990758,14.986921,21.662581,56.310372
29.784570,28.948490,0.000000,21.212890,25.830307,70.751831
19.349062,23.740632,0.147192,15.912678,25.926809,64.536876
21.451847,0.000000,1.320859,3.872578,0.000000,3102.900100
42.095191,0.000000,0.004553,4.168984,0.000000,3413.767522
47.475649,42.896902,0.119641,22.104901,17.948636,71.242622
69.211601,0.000000,0.000909,2.634803,0.000000,3521.200780
0.000000,0.000000,0.001959,0.055722,0.000000,3608.190274
29.370422,0.000000,0.002189,2.416945,0.000000,3514.211429
0.000000,0.000000,0.003280,0.055916,0.000000,3608.191527
0.000000,0.000000,0.004259,0.056554,0.000000,3608.186722
34.399584,100.000000,0.000000,22.104901,17.660835,71.391957
81.249406,0.000000,0.001878,4.561441,0.000000,3439.012451
24.448304,80.816166,0.018165,19.135796,25.691298,68.975666
58.803554,33.435183,0.876705,22.104901,19.674532,74.955127
2.536918,88.209369,0.456555,3.872578,14.180530,82.022029
17.974286,33.762207,2.000000,11.499595,21.644844,53.098446
25.662322,0.000000,0.001205,1.283836,0.000000,3563.336067
45.155470,15.488799,0.000000,22.104901,16.718509,72.756202
61.404930,25.122666,0.217131,22.104901,18.353655,77.527860
0.000000,20.615043,0.000000,2.646427,0.000000,3689.684241
14.916471,0.000000,0.003637,1.854002,0.000000,3525.712492
53.695442,0.000000,0.000000,0.055351,0.000000,3608.188443
36.386098,0.000000,0.004751,3.947321,0.000000,3420.844162
6.238862,42.087751,0.000000,7.286218,23.623480,74.711672
7.482703,0.000000,0.000484,0.185092,0.000000,3603.104639
83.195042,0.000000,0.316445,6.121554,0.000000,3054.181735
55.445087,0.000000,0.001612,3.338149,0.000000,3486.694488
83.099975,80.399654,0.633512,22.104901,18.739871,86.220722
42.377944,0.000000,0.000000,0.055351,0.000000,3608.188443
35.526365,0.000000,0.004405,3.848263,0.000000,3429.753811
0.000000,0.000000,0.000000,0.055351,0.000000,3608.188443
85.171682,1.249577,0.001207,22.104901,17.296442,93.914311
22.599691,0.000000,0.002907,2.327239,0.000000,3511.274499
26.218717,0.000000,0.005323,3.373055,0.000000,3440.445981
59.676079,0.000000,0.002796,4.472424,0.000000,3427.245241
0.000000,6.674167,0.071220,1.394163,0.000000,3766.459870
20.171586,0.000000,0.003209,2.248507,0.000000,3511.952911
60.095412,0.000000,0.003142,4.576847,0.000000,3417.716782
28.531279,1.769179,0.275551,12.895080,7.363728,41.344090
85.919861,0.000000,0.003313,5.402580,0.000000,3383.058984
10.104027,0.000000,0.001118,0.482603,0.000000,3591.664738
56.808964,40.419132,0.232250,22.104901,19.261892,74.459918
71.062854,0.000000,0.002417,4.652069,0.000000,3426.665415
0.000000,0.000000,0.002677,0.055731,0.000000,3608.191895
21.701630,2.863765,0.000000,17.531427,32.504744,73.244192
42.360936,0.000000,0.000000,0.055351,0.000000,3608.188443
22.381770,0.000000,0.004056,2.812068,0.000000,3479.768291
25.761776,0.995280,0.000000,19.281058,25.899551,60.170398
19.080427,0.000000,0.625856,3.872578,0.000000,3256.979926
70.611534,21.926668,0.000000,22.104901,18.148063,78.152845
46.837412,0.000000,1.291795,4.986197,0.000000,3053.481620
100.000000,32.726420,0.043417,22.104901,16.427172,83.107039
62.697635,65.377941,0.360006,22.104901,18.315536,77.590929
55.524309,0.000000,0.002252,3.936312,0.000000,3455.916649
0.000000,50.585567,0.160533,2.309341,0.000000,3564.300969
10.226131,0.000000,0.002167,0.854011,0.000000,3574.768764
64.114528,0.000000,0.001217,3.069526,0.000000,3501.911860
57.523236,0.000000,0.001750,3.636579,0.000000,3474.043737
45.390610,0.000000,0.003415,4.102736,0.000000,3432.428013
15.623778,0.000000,0.005141,2.348436,0.000000,3491.523396
5.667099,0.000000,0.314893,2.354748,0.000000,3093.528086
52.548972,0.000000,0.000000,0.055351,0.000000,3608.188443
63.220964,81.690661,0.006231,22.104901,17.360296,76.718995
41.058014,30.899682,0.421563,22.104901,18.830315,68.570298
0.000000,30.537861,1.927928,1.069899,0.000000,3585.730633
0.000000,26.090044,0.724569,1.295015,0.000000,3587.669334
6.274284,0.000000,0.002345,0.562369,0.000000,3585.823802
0.000000,11.323241,0.999509,0.958478,0.000000,3599.444489
100.000000,26.004373,0.000000,22.104901,15.526412,80.025352
52.961143,23.066335,0.278313,22.104901,18.767400,71.879088
0.000000,0.000000,0.005623,0.057832,0.000000,3608.173150
49.832600,0.000000,0.001756,3.239711,0.000000,3488.292752
5.456692,0.000000,0.002342,0.489667,0.000000,3588.735812
0.000000,33.603031,0.411474,1.294252,0.000000,3586.065733
0.000000,0.000000,0.000999,0.055844,0.000000,3608.187108
100.000000,7.285778,0.510390,22.104901,16.425952,74.242129
17.003661,0.000000,0.000000,0.055351,0.000000,3608.188443
71.173896,11.798395,0.369606,22.104901,18.557604,77.246773
19.639333,0.000000,0.001203,0.983431,0.000000,3573.783962
53.276747,0.000000,0.000000,0.055351,0.000000,3608.188443
12.927143,0.000000,0.000787,0.450397,0.000000,3593.714822
33.584891,0.000000,0.002009,2.551439,0.000000,3510.811148
47.767694,0.000000,0.002059,3.498026,0.000000,3474.862822
0.000000,0.000000,0.006304,0.058495,0.000000,3608.165499
54.813166,0.000000,0.002945,4.354527,0.000000,3429.443035
19.083298,0.000000,0.034195,3.878054,0.000000,3294.049874
35.143938,0.000000,0.003950,3.692015,0.000000,3442.427758
37.772320,0.000000,0.006830,4.337636,0.000000,3385.991138
39.178644,1.714652,0.049656,22.104901,21.022731,80.079973
54.458538,0.000000,0.002075,3.770890,0.000000,3464.566201
0.000000,0.000000,0.002761,0.055746,0.000000,3608.191950
28.755933,76.104121,0.648800,20.320214,24.557048,66.594364
21.197586,0.000000,0.004418,2.815853,0.000000,3476.031881
33.280739,0.000000,0.003390,3.411270,0.000000,3461.278047
56.321782,5.920470,0.274348,22.104901,18.556040,68.097387
62.962944,0.000000,0.006405,5.119123,0.000000,3353.508603
23.464565,0.000000,0.002893,2.393661,0.000000,3508.677021
60.114146,0.000000,1.110599,4.986197,0.000000,2954.359802
33.239399,87.101241,0.848596,21.978005,21.804141,67.326905
100.000000,0.000000,1.544445,6.130599,0.000000,3111.676250
9.466340,100.000000,1.098060,8.476789,32.075131,67.619107
12.473366,0.483695,0.000000,11.414353,20.338393,41.834045
100.000000,100.000000,0.000000,22.104901,15.331377,83.138123
65.405472,0.000000,0.000000,0.055351,0.000000,3608.188443
100.000000,11.307394,0.077676,22.104901,17.195620,88.495949
24.216951,0.000000,0.002986,2.505124,0.000000,3503.258360
89.552817,0.000000,0.002328,5.063239,0.000000,3413.248791
12.698067,0.000000,0.001499,0.774989,0.000000,3579.937524
70.197254,0.000000,0.002171,4.455359,0.000000,3437.954012
45.360222,0.000000,0.001862,3.117156,0.000000,3491.426778
22.902943,51.952561,0.383628,17.643609,24.925410,65.077801
0.000000,0.000000,0.006097,0.058297,0.000000,3608.167798
91.326667,6.469419,0.000000,22.104901,16.021290,82.054176
64.657788,10.811904,0.104827,22.104901,18.106463,75.181138
94.761227,33.868606,1.078761,22.104901,17.926799,82.804923
100.000000,0.000000,0.031002,5.948185,0.000000,3252.769868
19.160906,0.000000,0.003073,2.094934,0.000000,3519.503258
67.572759,9.048579,0.800543,22.104901,14.998868,63.702320
83.286814,65.403361,0.623074,22.104901,17.626761,82.680216
75.356967,11.475300,1.161001,22.104901,14.040554,59.488505
1.350551,0.000000,0.003288,0.179032,0.000000,3601.257005
46.172109,0.000000,0.003201,4.046442,0.000000,3437.815576
14.407447,0.000000,0.000000,0.055351,0.000000,3608.188443
15.881946,17.373313,0.515898,11.458391,27.623619,60.240998
100.000000,0.000000,0.004102,5.757202,0.000000,3356.357384
18.713238,22.917146,0.379742,14.009564,22.099388,60.773946
0.000000,0.000000,0.003133,0.055855,0.000000,3608.191787
29.848482,0.000000,0.247914,4.128614,0.000000,3143.892756
4.190751,0.000000,0.004114,0.577074,0.000000,3581.426694
36.498372,0.000000,0.004149,3.838210,0.000000,3433.536237
28.816123,0.000000,0.003440,3.170975,0.000000,3470.723716
0.000000,0.000000,0.003822,0.056224,0.000000,3608.189532
43.314680,0.000000,0.002985,3.795551,0.000000,3450.934508
43.891020,0.000000,0.004401,4.226441,0.000000,3413.366582
18.510902,0.000000,0.002844,1.907822,0.000000,3528.986330
61.002124,6.405453,0.049016,22.104901,18.496822,76.601317
40.619784,0.000000,0.003266,3.774656,0.000000,3447.927997
0.000000,0.000000,0.004454,0.056719,0.000000,3608.185153
87.211264,0.825396,0.205801,22.104901,8.366443,55.104547
0.000000,0.000000,0.001970,0.055720,0.000000,3608.190309
34.310506,0.000000,0.004782,3.861373,0.000000,3424.262557
8.177461,63.463851,1.724297,7.022415,38.830109,71.406181
0.000000,0.000000,0.004222,0.056524,0.000000,3608.186999
64.043370,0.000000,0.001735,3.837914,0.000000,3467.085992
68.664967,11.358284,0.296244,22.104901,18.766696,78.102401
41.360862,0.000000,0.008197,4.636182,0.000000,3364.116222
25.753166,0.000000,0.001640,1.686999,0.000000,3545.961761
61.741165,16.830388,1.378263,22.104901,15.010153,59.127757
100.000000,100.000000,0.654236,22.104901,17.662618,88.763925
80.055379,20.366932,1.067203,22.104901,16.580758,71.412308
0.000000,51.169429,0.504554,1.345464,0.000000,3595.555811
0.000000,0.000000,0.216084,0.700745,0.000000,3558.857972
58.268832,0.000000,0.195888,4.986197,0.000000,3197.626459
26.060196,0.000000,0.002110,2.108710,0.000000,3526.672838
27.200265,40.069711,0.088226,20.320214,25.742007,68.085538
39.832756,0.000000,0.004016,4.008968,0.000000,3427.924972
81.479615,0.000000,0.002726,5.052233,0.000000,3406.701105
0.000000,0.000000,0.004004,0.056354,0.000000,3608.188492
39.124206,0.000000,0.002376,3.249340,0.000000,3480.283577
30.597008,0.000000,0.000000,0.055351,0.000000,3608.188443
98.791956,64.233914,0.000000,22.104901,15.544484,80.595801
44.019592,0.000000,0.007670,4.686773,0.000000,3364.901984
24.992013,17.582927,0.006069,19.135796,26.026835,69.024153
82.280988,0.000000,0.928399,6.130599,0.000000,3271.446862
76.805856,45.948861,0.143977,22.104901,17.461442,80.093206
0.000000,10.105683,0.532675,0.867430,0.000000,3619.421203
39.023891,0.000000,0.003877,3.910657,0.000000,3434.001608
72.902138,19.772651,0.000000,22.104901,16.831642,75.776251
0.000000,56.477240,0.779338,1.696090,0.000000,3590.061319
3.717344,8.093643,2.000000,2.711424,11.617698,148.312389
40.779338,0.000000,0.000738,1.299358,0.000000,3566.336522
42.477008,0.000000,0.004303,4.160994,0.000000,3417.519240
45.238465,0.000000,0.004531,4.293986,0.000000,3408.654635
34.516404,23.893949,0.394944,22.104901,18.814314,65.711324
12.061489,0.000000,0.003161,1.354486,0.000000,3550.164211
0.000000,26.897748,0.000000,2.737707,0.000000,3677.474670
24.480821,0.000000,0.004949,3.181617,0.000000,3453.573025
0.000000,44.237288,0.412096,1.279076,0.000000,3589.269546
9.076663,0.000000,0.005952,1.620132,0.000000,3524.894839
0.000000,0.000000,0.007289,0.059377,0.000000,3608.155167
42.378426,0.000000,0.003894,4.115425,0.000000,3425.077659
65.700898,0.000000,0.004602,5.037288,0.000000,3376.184740
6.023860,0.000000,0.004007,0.810461,0.000000,3570.883452
58.226603,0.000000,0.000000,0.055351,0.000000,3608.188443
0.000000,0.000000,0.002361,0.055702,0.000000,3608.191424
64.984212,17.432921,0.040432,22.104901,17.986131,78.468711
38.205996,0.000000,0.001634,2.466824,0.000000,3517.672053
39.757472,0.000000,0.000069,0.153029,0.000000,3604.564388
61.996726,0.000000,0.300995,4.986197,0.000000,3175.081488
30.479602,0.000000,0.002637,2.812456,0.000000,3494.358427
60.001794,0.000000,0.001376,3.179683,0.000000,3495.681340
24.657060,47.578957,1.653797,15.912678,23.981519,60.076206
25.279350,0.000000,0.001947,1.915120,0.000000,3535.266239
32.519891,0.000000,0.001064,1.451319,0.000000,3558.641590
66.718292,4.324355,0.198460,22.104901,19.226597,73.097315
12.036257,0.000000,0.000000,0.055351,0.000000,3608.188443
27.150562,0.000000,0.002002,2.102778,0.000000,3527.768455
49.541701,51.477402,0.000000,22.104901,17.438311,74.028965
38.678786,38.479982,0.000000,22.104901,17.699231,69.650820
41.184208,21.570417,0.373799,22.104901,18.479689,68.280162
26.825907,0.000000,0.000000,0.055351,0.000000,3608.188443
30.474739,29.102246,0.435310,20.788804,24.059185,69.634402
24.470143,34.851809,0.481404,17.643609,23.064624,64.031081
0.000000,0.000000,0.004931,0.057157,0.000000,3608.180662
0.000000,76.350519,0.206992,2.127213,0.000000,3576.976564
47.103132,0.000000,0.004119,4.317649,0.000000,3413.454226
35.373771,0.000000,0.002638,3.194881,0.000000,3479.226900
67.352869,0.000000,0.006193,5.205481,0.000000,3351.187073
0.000000,0.000000,0.003222,0.055890,0.000000,3608.191644
0.000000,0.000000,0.006226,0.058420,0.000000,3608.166368
78.303798,41.153411,0.195138,22.104901,16.772788,78.685060
51.330644,0.000000,0.000566,1.273811,0.000000,3568.583973
0.000000,62.758999,0.013163,2.669979,0.000000,3669.376529
68.018002,4.054437,1.326317,17.149372,1.868441,47.110574
39.431989,87.403414,0.617029,22.104901,18.146167,67.170953
96.454650,38.270238,1.524943,22.104901,18.769633,84.607038
24.497523,0.000000,0.004135,3.052131,0.000000,3468.240831
8.635808,6.838073,0.352107,6.354868,36.223413,64.661597
47.608437,0.000000,0.505283,4.986197,0.000000,3036.116402
0.000000,29.471309,0.000000,2.621629,0.000000,3681.338194
73.776596,0.000000,0.004220,5.213398,0.000000,3375.133106
18.024112,0.000000,0.000000,0.055351,0.000000,3608.188443
60.403670,0.000000,0.003658,4.713710,0.000000,3404.082999
12.431410,51.812253,0.000000,11.871692,34.446403,73.156974
0.000000,0.000000,0.000000,0.055351,0.000000,3608.188443
25.062436,0.000000,0.382278,3.872578,0.000000,3177.954772
31.319258,0.000000,0.002599,2.850700,0.000000,3493.262258
45.157352,94.809123,0.991387,22.104901,18.532807,70.885141
30.093588,0.000000,0.005660,3.744355,0.000000,3420.848286
59.183340,0.000000,0.002875,4.479671,0.000000,3425.717481
17.919345,0.000000,0.002435,1.635385,0.000000,3542.755820
69.832014,0.000000,0.001010,2.869201,0.000000,3511.931492
0.000000,0.000000,0.003937,0.056305,0.000000,3608.188895
24.095512,0.000000,0.004281,3.049998,0.000000,3466.804952
28.996089,0.000000,0.002127,2.348246,0.000000,3517.387667
18.925076,11.000334,0.124910,14.986921,25.519452,63.283091
28.503497,0.000000,0.001872,2.086334,0.000000,3529.444707
57.397480,0.000000,0.003710,4.621398,0.000000,3406.987287
14.019414,1.639556,0.084109,9.517168,29.989290,64.167842
63.967717,0.000000,0.003208,4.714642,0.000000,3411.295818
33.240656,0.000000,0.000740,1.064249,0.000000,3573.846652
55.430946,14.116184,0.000000,22.104901,17.095614,73.754345
37.835196,0.000000,0.002593,3.347412,0.000000,3473.794410
12.829894,0.000000,0.000981,0.540157,0.000000,3590.013756
62.609415,1.792811,0.106501,22.104901,19.528644,74.445054
43.281851,0.000000,0.001947,3.090109,0.000000,3491.403326
22.299757,0.000000,0.002516,2.083813,0.000000,3524.401253
40.488263,31.652268,1.349447,22.104901,18.223001,62.319344
0.060552,12.009680,1.331809,0.975980,0.000000,3588.368316
71.140067,1.940959,0.000000,22.104901,18.378785,82.078657
41.448590,0.000000,0.002026,3.061303,0.000000,3491.552640
100.000000,8.397664,0.308965,22.104901,18.440456,87.191521
35.460768,29.773834,0.327089,22.104901,19.437541,68.566976
32.664169,0.000000,0.004645,3.712792,0.000000,3432.744632
100.000000,34.668491,0.190119,22.104901,17.458284,88.989181
0.000000,0.000000,0.002803,0.055755,0.000000,3608.191965
4.687833,0.000000,0.002566,0.454722,0.000000,3589.790013
28.749279,0.000000,0.000918,1.123690,0.000000,3570.704977
34.818460,0.000000,0.003501,3.533821,0.000000,3454.799698
25.864850,0.000000,0.001307,1.390190,0.000000,3558.935806
14.720195,7.167873,0.111266,11.871692,33.258336,67.829797
0.000000,0.000000,0.001768,0.055747,0.000000,3608.189566
69.364303,15.913050,0.005823,22.104901,18.250609,77.202029
27.214106,17.877472,0.781639,16.712827,20.375841,57.893036
30.315213,14.942086,1.929559,14.680280,12.162444,47.132749
88.008972,52.806450,1.441834,22.104901,17.163488,80.056933
15.858398,0.000000,0.002304,1.385959,0.000000,3553.351025
0.000000,1.708985,1.000842,0.553800,0.000000,3617.549851
80.777084,39.149315,0.248230,22.104901,16.699702,76.627021
52.788492,11.879852,0.307180,22.104901,19.428406,72.489712
69.813736,0.000000,0.005136,5.134459,0.000000,3364.190379
49.104204,0.000000,0.000456,0.993141,0.000000,3578.003512
24.476153,0.000000,0.000000,0.055351,0.000000,3608.188443
0.000000,0.001046,0.575876,0.855572,0.000000,3617.650386
46.262381,0.000000,0.005573,4.474302,0.000000,3387.306805
53.193506,4.413482,0.000000,22.104901,17.922080,74.254665
0.000000,0.000000,0.000000,0.055351,0.000000,3608.188443
59.174442,14.095736,0.733163,22.104901,17.632594,66.002918
18.564499,0.000000,0.002519,1.739942,0.000000,3538.056653
39.285358,0.000000,0.000773,1.307003,0.000000,3565.802425
11.148488,0.000000,0.002382,1.004450,0.000000,3568.080843
2.084568,0.000000,0.001043,0.119463,0.000000,3604.907355
24.035291,0.000000,0.002510,2.237832,0.000000,3518.347273
2.276417,0.000000,0.005364,0.387214,0.000000,3589.042545
40.537820,0.000000,0.002536,3.457287,0.000000,3470.241556
27.507693,7.351784,0.032229,20.077605,26.855389,69.749482
24.079761,0.000000,0.003795,2.880890,0.000000,3479.355999
1.560376,0.000000,0.004962,0.255199,0.000000,3596.024515
46.838656,0.266196,0.133549,10.755693,0.447371,46.176103
26.352631,0.000000,0.003075,2.739582,0.000000,3492.714386
23.812826,0.000000,0.003209,2.581190,0.000000,3497.983078
87.569803,52.438904,2.000000,22.104901,17.873394,81.978131
15.282586,0.000000,0.002871,1.590469,0.000000,3541.879959
18.024595,0.000000,0.001880,1.330386,0.000000,3557.715683
15.481995,10.769835,0.303057,11.047457,25.509489,58.310960
40.973395,0.000000,0.002581,3.497223,0.000000,3468.116825
26.058443,0.000000,0.003617,2.997275,0.000000,3476.163481
53.957633,1.719003,0.795936,12.990480,0.220277,47.904109
100.000000,35.809355,0.000000,22.104901,15.485217,80.519557
61.555526,14.257703,1.408756,22.104901,14.436549,55.738660
20.454366,0.000000,0.001115,0.956234,0.000000,3575.181678
72.681867,15.950542,0.000000,22.104901,16.081758,76.725378
41.243655,33.989633,0.000000,22.104901,16.674355,71.021106
32.712144,0.000000,0.001578,2.067061,0.000000,3532.660866
0.000000,28.006243,0.038816,2.296656,0.000000,3640.005158
40.449094,0.000000,0.002761,3.552547,0.000000,3463.575844
67.369066,0.000000,0.001638,3.853281,0.000000,3468.054408
17.786073,0.000000,0.000132,0.134586,0.000000,3605.014985
32.427561,0.000000,0.003109,3.277063,0.000000,3470.213620
32.485345,0.000000,0.002359,2.760139,0.000000,3499.344356
64.072688,80.542565,0.001491,22.104901,17.088963,76.926952
43.342804,0.000000,0.004209,4.185059,0.000000,3417.782640
96.378122,74.901738,0.005976,22.104901,16.154990,82.847442
77.520580,10.138507,0.578269,22.104901,16.996294,71.379336
30.584365,0.000000,1.497904,3.872578,0.000000,3068.040541
26.245349,0.000000,0.000000,0.055351,0.000000,3608.188443
24.602934,0.000000,0.003284,2.690875,0.000000,3492.648560
44.271144,25.140647,0.802417,22.104901,18.682817,65.911336
78.799259,52.018671,0.193293,22.104901,16.772788,80.176942
4.317182,20.970314,1.324801,3.493504,13.112075,59.606693
0.000000,0.000000,0.003655,0.056116,0.000000,3608.190324
22.380166,0.000000,0.003146,2.421289,0.000000,3505.259704
26.682487,0.000000,0.002395,2.366715,0.000000,3514.286798
28.425488,36.303532,0.520456,19.761602,26.299300,67.536468
56.141678,0.000000,0.000000,0.055351,0.000000,3608.188443
71.229037,34.324493,0.361372,22.104901,17.717174,80.815408
20.508031,0.000000,0.002175,1.706077,0.000000,3541.648868
42.023854,73.626991,0.230165,22.104901,18.932068,72.532492
2.713556,0.000000,0.006242,0.517631,0.000000,3581.609859
2.118552,0.000000,0.002534,0.221404,0.000000,3599.911374
33.020153,0.000000,0.003277,3.361628,0.000000,3464.716357
35.597277,0.000000,0.002034,2.700000,0.000000,3504.985636
31.625276,0.000000,0.002911,3.092024,0.000000,3480.088041
21.628494,0.000000,0.001386,1.226576,0.000000,3564.218671
23.733330,0.000000,0.002696,2.314330,0.000000,3513.673238
37.474636,0.000000,0.006142,4.186943,0.000000,3397.139375
39.222783,0.000000,0.003252,3.692810,0.000000,3451.457153
14.914300,0.000000,0.005000,2.227016,0.000000,3498.567385
65.596991,0.658258,0.096190,22.104901,14.133790,60.933130
23.416199,0.000000,0.002288,2.027206,0.000000,3528.403587
22.871620,0.000000,0.003441,2.601551,0.000000,3494.915440
42.026373,18.747951,0.000000,22.104901,16.036321,69.517502
31.569331,0.000000,0.003029,3.167729,0.000000,3475.629233
30.084788,0.000000,0.001438,1.755432,0.000000,3545.026869
73.428945,0.000000,0.219962,5.426209,0.000000,3169.406749
27.189127,0.000000,0.002216,2.287859,0.000000,3518.914322
25.462401,0.000000,0.003094,2.670781,0.000000,3495.376326
35.272028,30.898307,0.555335,22.104901,18.335155,67.220133
79.880401,29.770150,1.179501,22.104901,17.165994,75.034315
13.577629,1.946102,0.651112,6.352969,24.411128,60.096802
18.231344,0.000000,0.003629,2.220197,0.000000,3509.724232
15.872578,9.284977,0.039330,14.009564,23.932376,63.791428
100.000000,32.363362,0.111124,22.104901,17.450171,87.136797
22.369633,0.000000,0.001739,1.542725,0.000000,3550.601354
54.193370,36.291899,0.319886,22.104901,18.518858,73.488878
1.045401,0.000000,0.003301,0.146202,0.000000,3602.787018
45.304429,0.000000,0.001257,2.339212,0.000000,3526.337219
30.023705,0.000000,0.003398,3.229125,0.000000,3468.767239
16.597446,0.000000,0.002942,1.758288,0.000000,3534.479190
24.609194,0.000000,0.003114,2.605460,0.000000,3497.887606
23.802129,0.000000,0.144898,3.920084,0.000000,3156.630910
17.475748,0.000000,0.003030,1.892625,0.000000,3528.274883
91.443416,42.098037,0.004077,22.104901,16.219684,82.124695
57.845735,12.167944,1.360209,22.104901,13.140044,54.574960
32.923606,100.000000,0.000000,22.060149,18.989127,71.084878
16.709557,0.000000,0.001583,1.066053,0.000000,3568.992978
24.767237,0.000000,0.003199,2.663462,0.000000,3494.631852
28.396783,0.000000,0.000000,0.055351,0.000000,3608.188443
48.529844,49.366236,0.182019,22.104901,17.739110,71.110520
16.686100,48.609903,0.690076,13.002718,26.050978,64.419374
43.485475,0.000000,0.002792,3.713453,0.000000,3456.818192
20.885478,0.000000,0.003490,2.430367,0.000000,3501.799372
24.974770,0.000000,0.002887,2.517817,0.000000,3503.664208
0.000000,28.922113,0.388661,1.653593,0.000000,3620.535722
13.658355,0.000000,0.002331,1.206487,0.000000,3560.282215
19.442504,24.450023,0.204626,15.912678,25.484997,63.710800
25.829955,0.000000,0.003046,2.677445,0.000000,3495.576506
13.839929,47.341927,0.566696,11.871692,32.892309,67.287851
19.335923,0.000000,0.004009,2.465979,0.000000,3495.675056
33.842142,0.000000,0.003957,3.612086,0.000000,3445.788859
24.863114,0.000000,0.002526,2.309488,0.000000,3515.374646
31.348113,0.000000,0.003041,3.156260,0.000000,3475.962407
25.629487,0.000000,0.003117,2.698251,0.000000,3494.001830
24.714233,0.000000,0.002673,2.380523,0.000000,3511.218071
22.431518,0.000000,0.002723,2.223892,0.000000,3517.072840
27.822811,18.446002,0.013394,20.320214,23.399116,69.452386
28.739839,0.000000,0.002010,2.231872,0.000000,3522.827549
21.755095,0.000000,0.002954,2.277422,0.000000,3512.914939
13.475616,0.371695,0.371326,3.872578,0.000000,130.653357
26.496314,0.000000,0.002137,2.166146,0.000000,3524.257234
26.463168,0.000000,0.003241,2.840100,0.000000,3486.825190
84.417330,76.768533,1.391089,22.104901,19.072221,84.984046
18.479811,0.000000,0.003028,1.998886,0.000000,3523.857732
28.472978,0.000000,0.003471,3.155852,0.000000,3471.008396
15.959629,1.121310,0.224815,7.506749,9.630649,41.379990
48.820282,0.000000,0.002797,3.973807,0.000000,3446.570688
24.564036,0.000000,0.003146,2.618097,0.000000,3497.044754
52.275693,3.342295,1.167820,12.884755,0.408174,43.709812
70.013594,34.592870,0.146054,22.104901,17.297331,76.611139
71.655254,19.337411,1.399336,22.104901,15.686255,62.882117
18.575015,0.000000,0.003579,2.237062,0.000000,3509.394967
20.612211,11.007405,0.146614,15.912678,25.513875,63.219759
73.509413,42.111853,0.373943,22.104901,18.278419,80.568814
23.801312,0.000000,0.003221,2.585952,0.000000,3497.669501
45.942491,60.930345,0.166968,22.104901,17.098069,70.950672
34.834215,0.000000,0.003323,3.477001,0.000000,3459.385650
46.509224,0.000000,0.001310,2.482494,0.000000,3520.750182
25.078454,0.000000,0.003058,2.618130,0.000000,3497.902907
29.538410,0.000000,0.003116,3.045159,0.000000,3479.668047
22.398447,0.000000,0.003601,2.625689,0.000000,3492.359056
73.415180,86.956275,0.019359,22.104901,16.779351,78.875827
18.142482,0.000000,0.003117,2.006436,0.000000,3522.872855
73.199906,24.286024,0.005412,22.104901,16.741633,76.830100
38.582604,1.043798,1.064386,6.073819,0.000000,118.361740
29.326534,13.329948,2.000000,13.336433,7.455779,42.867037
23.958271,0.000000,0.002272,2.061309,0.000000,3527.209497
24.783668,0.000000,0.003191,2.660656,0.000000,3494.832481
22.994253,0.000000,0.004233,2.949659,0.000000,3471.806307
37.660127,0.000000,0.085920,4.594214,0.000000,3123.953687
28.644849,34.586762,0.776005,19.135796,21.655591,62.719262
6.091862,0.000000,0.003517,0.746516,0.000000,3575.165522
22.931649,0.000000,0.003354,2.567882,0.000000,3497.169423
24.541473,0.000000,0.003091,2.587977,0.000000,3498.829063
38.231853,4.377542,0.067821,22.104901,20.195825,69.826249
21.321055,0.000000,0.003012,2.266516,0.000000,3512.865787
70.119907,8.906852,0.122755,22.104901,18.782045,79.610484
24.457438,0.000000,0.003400,2.734117,0.000000,3489.670117
39.565621,49.345245,0.808892,22.104901,18.271692,67.672052
24.086802,0.000000,0.003492,2.742502,0.000000,3488.394544
28.102172,0.000000,0.003621,3.173122,0.000000,3468.586081
21.877628,0.000000,0.002947,2.284640,0.000000,3512.678607
29.661437,0.000000,0.002482,2.643335,0.000000,3502.638256
25.029908,0.000000,0.003138,2.655544,0.000000,3495.569801
25.042918,0.000000,0.002853,2.505205,0.000000,3504.503506
26.306184,0.000000,0.003187,2.796760,0.000000,3489.192263
52.184107,0.000000,0.097044,5.037867,0.000000,3117.860944
34.733969,0.000000,0.003311,3.467263,0.000000,3459.945128
14.304159,0.000000,0.003722,1.808755,0.000000,3527.143627
58.412169,0.335613,0.014666,22.104901,11.088947,45.491508
28.971201,0.000000,0.002231,2.419643,0.000000,3513.722586
26.543067,0.000000,0.003260,2.857924,0.000000,3485.876117
7.598517,0.000000,0.000000,0.055351,0.000000,3608.188443
31.325564,0.000000,0.002814,3.001300,0.000000,3484.864074
26.142747,0.000000,0.002610,2.456793,0.000000,3508.760132
34.333882,7.850641,0.146156,22.040289,20.555035,67.128820
28.129549,0.000000,0.002094,2.260006,0.000000,3521.041552
25.645648,0.000000,0.003050,2.663251,0.000000,3496.126078
55.247558,2.349870,0.000000,22.104901,18.813977,76.176345
63.127271,7.881933,0.452739,22.104901,17.710494,68.524822
100.000000,20.645668,0.020430,22.104901,16.137631,85.652837
26.521716,0.000000,0.003333,2.895103,0.000000,3483.546102
30.192595,25.768904,0.005774,21.429422,21.858898,70.888808
9.857778,12.677216,0.331103,7.943551,35.133992,67.644877
25.127226,0.000000,0.003339,2.767225,0.000000,3488.881893
63.914606,4.247968,0.070582,22.104901,20.287921,81.450463
30.049311,0.000000,0.003050,3.049267,0.000000,3480.234850
60.196142,0.000000,0.003295,4.618870,0.000000,3413.624942
24.708932,0.000000,0.003037,2.574319,0.000000,3499.922974
23.397604,0.000000,0.003125,2.502749,0.000000,3502.053636
23.070408,0.000000,0.003438,2.619310,0.000000,3494.185907
74.100872,0.000000,0.162625,5.477657,0.000000,3178.748481
19.021564,0.000000,0.003124,2.106237,0.000000,3518.624535
72.607025,76.970531,0.004150,22.104901,16.805017,77.183815
84.883536,10.930029,0.412210,22.104901,18.543547,81.428042
79.967548,8.476903,1.611673,22.104901,9.404546,54.578045
25.106745,0.000000,0.003217,2.703385,0.000000,3492.788185
25.983034,0.000000,0.003170,2.758316,0.000000,3490.969302
26.373548,0.000000,0.002591,2.463314,0.000000,3508.682279
76.009139,54.760977,0.457077,22.104901,17.267391,79.971835
15.794451,3.927570,1.346879,6.344947,15.097227,49.324155
24.666432,0.000000,0.003603,2.852016,0.000000,3482.568522
26.097960,0.000000,0.003137,2.750848,0.000000,3491.617065
23.634001,0.000000,0.003226,2.573321,0.000000,3498.146295
3.925413,9.485403,0.290188,3.872578,27.762805,71.488333
33.281198,0.000000,0.001326,1.807786,0.000000,3544.119706
62.538149,3.266583,0.140628,22.104901,19.984750,75.891069
27.523523,0.000000,0.002821,2.692642,0.000000,3497.229042
20.232939,44.889962,1.248490,14.009564,20.053837,56.691545
20.965108,0.000000,0.003881,2.592510,0.000000,3491.200676
21.563164,0.000000,0.002928,2.249321,0.000000,3514.285350
22.296103,0.000000,0.003057,2.372621,0.000000,3508.078530
22.275806,0.000000,0.002743,2.220889,0.000000,3517.027169
25.955183,0.000000,0.003116,2.726497,0.000000,3492.845101
25.600688,0.000000,0.002916,2.586376,0.000000,3500.592583
23.781829,0.000000,0.002779,2.361832,0.000000,3511.008644
22.463098,3.918454,0.032160,17.252415,29.937434,69.745253
35.806383,0.000000,0.002396,3.028991,0.000000,3488.539287
24.738316,0.000000,0.003880,2.987916,0.000000,3473.777537
22.650142,0.005123,0.023168,4.214678,0.000000,1533.241163
31.513640,0.000000,0.002730,2.958242,0.000000,3487.544174
23.807838,0.000000,0.003217,2.584626,0.000000,3497.762850
8.842045,0.000000,0.002234,0.758214,0.000000,3578.328468
15.087051,0.000000,0.003126,1.675733,0.000000,3536.742768
25.239155,0.000000,0.003233,2.723898,0.000000,3491.766214
63.303223,10.558386,0.253386,22.104901,19.138397,76.371536
28.600467,0.000000,0.001240,1.465654,0.000000,3556.776286
25.489587,0.000000,0.003159,2.708115,0.000000,3493.168010
15.720807,30.991014,1.363111,11.019082,22.488224,54.500084
34.802328,70.096661,1.071359,22.104901,18.398159,67.657953
83.562504,9.175238,0.996709,22.104901,12.982544,58.641526
17.531652,0.000000,0.003579,2.133326,0.000000,3513.905400
85.966998,0.000000,0.157442,5.925258,0.000000,3145.430057
78.003632,22.437249,0.344595,22.104901,18.673233,83.046422
25.118206,0.000000,0.003157,2.673116,0.000000,3494.654851
83.095582,16.725317,0.191987,22.104901,18.699201,84.232933
18.283570,0.000000,0.002960,1.943743,0.000000,3526.658707
24.757227,0.000000,0.002322,2.167617,0.000000,3522.671832
25.336929,0.000000,0.003101,2.663299,0.000000,3495.618127
22.565653,0.000000,0.003431,2.568035,0.000000,3496.433350
23.137604,0.000000,0.003421,2.618316,0.000000,3494.384501
50.154039,100.000000,0.139197,22.104901,17.748084,72.738732
25.646576,0.000000,0.003123,2.702595,0.000000,3493.768639
69.020006,26.466351,0.004217,22.104901,18.677200,78.731480
92.113620,0.000000,1.584995,6.130599,0.000000,3181.880391
64.710662,100.000000,0.000000,22.104901,17.825183,77.760897
22.429659,0.000000,0.003170,2.436802,0.000000,3504.394625
25.319259,0.000000,0.003134,2.679160,0.000000,3494.631837
25.845093,0.000000,0.003463,2.898487,0.000000,3482.032286
49.419083,17.810946,0.000000,22.104901,17.608317,74.020362
28.057454,25.151741,1.383785,15.912678,18.598911,55.858434
23.102008,0.000000,0.003473,2.638597,0.000000,3493.018332
23.149673,0.000000,0.003128,2.482166,0.000000,3502.879808
25.331479,0.000000,0.003103,2.663882,0.000000,3495.573950
1.162307,47.660448,0.082623,3.103623,0.000000,139.446624
39.913703,0.000000,0.001784,2.716052,0.000000,3507.023792
57.396752,18.346437,0.055615,22.104901,17.197339,73.815934
25.669480,0.000000,0.003273,2.783889,0.000000,3488.852474
32.905493,29.723031,0.000000,22.060149,19.264329,70.543169
26.311092,0.000000,0.003392,2.906328,0.000000,3482.449988
31.751997,0.000000,0.002998,3.162449,0.000000,3476.211104
25.689707,0.000000,0.003132,2.711233,0.000000,3493.319939
29.745038,0.000000,0.002817,2.873562,0.000000,3489.966735
25.634316,0.000000,0.003114,2.697173,0.000000,3494.074835
25.657788,0.000000,0.003060,2.670134,0.000000,3495.734865
23.627496,0.000000,0.002788,2.353771,0.000000,3511.254776
29.672861,7.870579,0.050940,20.854333,26.170118,69.713422
32.599028,0.000000,0.002795,3.092041,0.000000,3481.446692
18.510311,0.000000,0.003632,2.249386,0.000000,3508.423430
31.372973,1.352933,0.186696,14.619687,11.934257,44.715718
29.043874,0.000000,0.002679,2.727255,0.000000,3497.306159
24.887889,0.000000,0.003510,2.829097,0.000000,3484.506636
13.796637,0.000000,0.002713,1.375174,0.000000,3551.626226
28.454495,0.000000,0.002725,2.709802,0.000000,3497.523076
26.835608,0.000000,0.002807,2.627878,0.000000,3499.984440
36.923246,10.342988,0.048115,22.104901,18.001846,68.057323
48.635169,0.000000,0.002360,3.719922,0.000000,3462.527600
25.506970,0.000000,0.003035,2.643335,0.000000,3497.090075
20.619480,0.000000,0.000000,0.055351,0.000000,3608.188443
82.297178,0.869313,1.133988,8.693175,0.000000,81.220013
36.538889,14.659367,0.755441,21.253630,17.996587,58.456767
22.602776,0.000000,0.003105,2.422311,0.000000,3505.583602
46.823631,7.929180,0.084763,22.104901,18.797549,71.397009
55.564566,50.317104,0.417052,22.104901,18.533356,74.009917
25.136731,0.000000,0.003095,2.642688,0.000000,3496.525407
55.270653,10.163756,0.047806,22.104901,18.514577,74.691102
28.765029,0.000000,0.003186,3.018350,0.000000,3479.992116
24.517756,0.000000,0.002182,2.040632,0.000000,3528.710180
25.518811,0.000000,0.003128,2.693867,0.000000,3494.080350
23.782195,0.000000,0.003300,2.622202,0.000000,3495.389690
24.431643,0.000000,0.003124,2.594771,0.000000,3498.233899
43.567368,0.000000,0.158189,4.986197,0.000000,3124.293170
24.676529,0.000000,0.003121,2.615350,0.000000,3497.403302
14.053479,18.430016,0.003692,13.002718,28.079301,70.477317
38.443800,12.383404,1.047981,19.135796,16.024816,53.875746
18.864986,78.286805,0.232134,15.912678,24.800937,65.813134
24.758201,0.000000,0.003087,2.605135,0.000000,3498.156371
25.476543,0.000000,0.003116,2.683965,0.000000,3494.606737
26.216482,0.000000,0.002573,2.440201,0.000000,3509.772678
35.292517,0.000000,0.264329,4.759243,0.000000,3183.888203
15.830997,17.150777,1.248850,9.875758,20.740774,49.609485
21.668566,0.000000,0.003656,2.575993,0.000000,3493.992790
25.225877,0.000000,0.003379,2.796681,0.000000,3487.229077
25.635122,0.000000,0.003103,2.691176,0.000000,3494.436913
4.606261,56.122793,0.482495,4.986197,27.130561,85.989132
44.111067,0.000000,0.001841,3.019867,0.000000,3495.247310
17.712221,0.000000,0.191191,3.864485,0.000000,3153.757518
25.539002,0.000000,0.003156,2.710975,0.000000,3493.079266
31.021747,54.470567,1.599422,19.802446,23.416897,64.605597
20.364987,0.000000,0.003681,2.454018,0.000000,3499.086979
22.811702,0.000000,0.003137,2.456145,0.000000,3503.881620
23.122169,0.000000,0.003050,2.441783,0.000000,3505.279110
28.687914,0.000000,0.003129,2.977655,0.000000,3482.306119
25.595606,0.000000,0.003117,2.695168,0.000000,3494.130899
25.651513,0.000000,0.003109,2.695919,0.000000,3494.178947
24.498333,0.000000,0.003068,2.572006,0.000000,3499.718298
34.698091,9.025643,0.123168,22.104901,19.073090,66.834825
31.693450,0.000000,0.002668,2.929204,0.000000,3489.389512
20.684071,0.000000,0.003268,2.319967,0.000000,3508.441767
51.690423,0.000000,0.324713,4.986197,0.000000,3149.900214
27.443611,0.000000,0.003040,2.815094,0.000000,3489.970846
23.030943,0.000000,0.003058,2.438034,0.000000,3505.353809
30.922843,0.000000,0.002909,3.031733,0.000000,3482.549636
28.599836,0.000000,0.002687,2.696945,0.000000,3498.436003
25.213747,0.000000,0.002911,2.551170,0.000000,3502.072732
48.948373,3.713766,0.031777,22.104901,20.030703,74.884394
18.002872,0.000000,0.002835,1.851561,0.000000,3531.360196
25.558468,0.000000,0.003095,2.679908,0.000000,3494.987003
21.972900,0.000000,0.002812,2.229117,0.000000,3516.106724
75.622689,46.823507,0.859985,22.104901,18.913852,82.737133
51.496230,2.900603,0.385480,22.104901,11.832350,53.067952
23.585559,0.000000,0.003347,2.626277,0.000000,3494.761143
70.640823,25.773017,0.156639,22.104901,17.297810,77.313592
39.024461,6.210653,0.454497,20.869898,15.580732,56.541822
25.121730,0.000000,0.003231,2.711889,0.000000,3492.293461
46.283712,14.166422,0.034303,22.104901,18.020110,71.380190
16.939789,0.000000,0.003411,2.005859,0.000000,3520.701331
34.726942,0.000000,0.003129,3.405772,0.000000,3464.733261
24.632550,0.000000,0.003793,2.937263,0.000000,3476.905974
26.622922,0.000000,0.003157,2.808949,0.000000,3488.996409
22.838611,0.000000,0.003206,2.490913,0.000000,3501.793824
32.535544,100.000000,0.100408,22.010745,19.785820,67.944230
25.352876,0.000000,0.003121,2.675304,0.000000,3494.921578
8.664268,67.892069,0.011439,9.617189,36.011857,77.329341
32.640746,18.406398,0.787324,19.761602,19.561284,58.243711
18.194248,0.000000,0.580947,3.872578,0.000000,3332.518436
25.347217,0.000000,0.003091,2.659341,0.000000,3495.873116
23.731700,0.000000,0.003477,2.701395,0.000000,3490.293666
26.223945,0.000000,0.002715,2.524590,0.000000,3505.049114
22.531493,89.017490,0.237797,17.643609,25.200584,70.276760
18.371566,24.310251,0.723052,13.002718,23.437566,59.801864
21.525222,0.000000,0.003675,2.569018,0.000000,3494.126962
23.501820,0.000000,0.003372,2.630191,0.000000,3494.352935
24.952577,0.000000,0.003841,2.992276,0.000000,3474.000446
10.694893,42.464221,0.363730,9.617189,47.437506,80.291542
21.406099,0.000000,0.001738,1.475979,0.000000,3553.080019
100.000000,8.551390,0.115067,22.104901,18.797171,95.195726
25.865322,0.000000,0.003038,2.676080,0.000000,3495.714339
24.547707,25.901527,0.867626,15.912678,23.836863,59.116904
23.669522,0.000000,0.003122,2.525514,0.000000,3501.135863
26.035571,0.000000,0.003135,2.744282,0.000000,3491.908152
22.793878,0.000000,0.003242,2.503611,0.000000,3500.926830
22.542394,0.000000,0.003264,2.490583,0.000000,3501.271347
25.651947,0.000000,0.003118,2.700421,0.000000,3493.908662
25.650885,0.000000,0.003114,2.698485,0.000000,3494.023491
26.188399,0.000000,0.003129,2.754317,0.000000,3491.559981
35.362701,0.000000,0.075034,4.489358,0.000000,3151.418018
35.065308,0.000000,0.003280,3.475443,0.000000,3459.988930
18.862424,0.000000,0.005387,2.818672,0.000000,3466.972947
38.190655,0.745479,0.000000,22.104901,16.528384,54.929164
28.479827,0.000000,0.003008,2.886422,0.000000,3487.378010
24.131981,0.000000,0.003292,2.650989,0.000000,3494.251506
8.566216,0.000000,0.002857,0.893855,0.000000,3570.875069
21.648126,0.000000,0.003124,2.345719,0.000000,3508.606751
26.729876,0.000000,0.002911,2.679200,0.000000,3496.854499
41.876354,10.476831,0.050101,22.104901,18.167486,69.959497
48.323119,0.000000,0.001998,3.458675,0.000000,3477.127731
23.439722,0.000000,0.003151,2.519417,0.000000,3501.110392
21.897380,0.000000,0.003563,2.559923,0.000000,3495.555669
68.910832,18.846870,0.000000,22.104901,18.266379,79.503885
68.638018,23.033811,0.910341,22.104901,17.502552,72.833036
22.766113,0.000000,0.003557,2.643033,0.000000,3492.028547
60.971602,0.000000,0.121977,5.123016,0.000000,3122.343663
49.003796,51.027834,0.438709,22.104901,19.469472,72.791258
20.571043,0.000000,0.003698,2.481681,0.000000,3497.723184
86.613529,50.026146,0.393334,22.104901,18.174902,84.224261
24.059012,0.000000,0.002670,2.326650,0.000000,3513.408172
51.929225,0.000000,0.000945,2.071494,0.000000,3539.134669
24.659199,0.000000,0.003037,2.570163,0.000000,3500.090928
25.440981,0.000000,0.003176,2.712519,0.000000,3492.816582
25.191788,0.000000,0.003382,2.795140,0.000000,3487.260071
41.133724,0.000000,0.086349,4.730303,0.000000,3128.121186
25.838081,0.000000,0.003119,2.717844,0.000000,3493.170515
72.789792,56.960097,0.011188,22.104901,16.867677,78.416306
64.106834,19.568338,1.059672,22.104901,17.105853,66.362236
41.902395,38.365217,1.071240,22.104901,18.111570,65.810677
25.453365,0.000000,0.003118,2.683024,0.000000,3494.624596
26.700397,0.000000,0.002882,2.659752,0.000000,3497.939488
23.122789,0.000000,0.003635,2.712664,0.000000,3488.270341
68.982262,6.621543,0.129161,22.104901,19.837463,81.936716
19.451883,51.964507,0.901420,14.986921,23.559789,61.845602
21.674821,0.000000,0.003650,2.574120,0.000000,3494.130645
23.368268,0.000000,0.003112,2.494052,0.000000,3502.531943
25.915140,0.000000,0.002602,2.434349,0.000000,3509.728785
21.676745,22.819395,0.192520,16.785560,25.305451,65.802613
48.951354,0.000000,0.001987,3.483355,0.000000,3476.365203
36.563837,34.413671,0.057710,22.104901,17.418991,69.940447
25.718361,0.000000,0.003163,2.730578,0.000000,3492.197666
29.474216,56.801786,0.382747,20.788804,24.762481,67.425564
23.304003,0.000000,0.003272,2.564664,0.000000,3498.078212
24.860532,0.000000,0.003140,2.641184,0.000000,3496.151307
25.100417,0.000000,0.003149,2.667371,0.000000,3494.973124
25.558355,0.000000,0.003088,2.676295,0.000000,3495.203720
25.657581,0.000000,0.003118,2.700947,0.000000,3493.886437
25.651030,0.000000,0.003117,2.699917,0.000000,3493.937520
25.529019,0.000000,0.003041,2.648695,0.000000,3496.806250
36.435197,4.423363,0.028764,22.104901,18.803095,68.650656
36.105720,0.000000,0.002864,3.381937,0.000000,3468.988954
17.247487,0.000000,0.004273,2.319602,0.000000,3500.068263
41.596415,0.480804,0.253697,9.671272,0.484015,47.811382
26.007078,0.000000,0.002876,2.598300,0.000000,3500.496579
21.819148,0.000000,0.003519,2.533837,0.000000,3497.081278
34.778689,0.000000,0.003138,3.411698,0.000000,3464.376720
30.295628,0.000000,0.003312,3.221051,0.000000,3470.104670
25.674363,0.000000,0.003399,2.849660,0.000000,3484.773006
61.442047,0.000000,0.400334,4.986197,0.000000,3226.446681
27.265203,0.000000,0.001422,1.577655,0.000000,3551.478500
26.467982,0.000000,0.003061,2.741877,0.000000,3492.763937
24.374327,0.000000,0.003292,2.673697,0.000000,3493.291240
66.329755,30.107252,0.210424,22.104901,18.280369,75.145190
27.273054,8.581275,1.392007,12.438388,5.870767,41.252319
24.874591,0.000000,0.003313,2.730685,0.000000,3490.682273
96.153505,24.094970,0.003684,22.104901,15.699669,82.602563
55.442913,18.818404,0.000000,22.104901,16.820396,73.676248
26.377147,0.000000,0.002307,2.289879,0.000000,3518.050300
36.198023,66.621461,0.286955,22.104901,19.022004,68.015176
26.748010,0.000000,0.003229,2.859508,0.000000,3486.142511
51.042017,0.000000,0.003295,4.325925,0.000000,3425.163248
25.849170,0.000000,0.003138,2.729234,0.000000,3492.502036
24.693772,0.000000,0.003340,2.727191,0.000000,3490.559555
25.475670,0.000000,0.003135,2.693951,0.000000,3494.002368
69.762916,81.894147,0.031108,22.104901,18.059222,78.787554
24.491391,0.000000,0.003319,2.697930,0.000000,3492.002779
45.177707,45.299945,0.009488,22.104901,17.190704,72.793018
21.220935,8.697242,1.456227,10.206026,4.088043,43.697113
63.126496,14.116963,0.897672,22.104901,16.471865,64.928404
25.469321,0.000000,0.003121,2.685870,0.000000,3494.479710
26.544158,0.000000,0.003281,2.869359,0.000000,3485.176208
26.102040,0.000000,0.002443,2.353855,0.000000,3514.359580
24.304641,30.922674,0.370141,17.643609,22.028201,62.954815
19.515472,50.038597,0.985241,14.986921,23.941051,61.782299
21.682938,0.000000,0.003650,2.574993,0.000000,3494.091451
23.806025,0.000000,0.003454,2.697552,0.000000,3490.689834
25.632213,0.000000,0.003235,2.760622,0.000000,3490.214891
1.742964,47.519564,0.390757,2.817893,10.569613,97.135547
28.007371,0.000000,0.002683,2.647725,0.000000,3500.436153
72.628654,0.000000,0.145206,5.431514,0.000000,3187.363231
24.648979,0.000000,0.003384,2.744665,0.000000,3489.379185
20.885285,41.324173,0.615746,15.912678,25.270959,62.540504
22.612400,0.000000,0.004048,2.833527,0.000000,3478.896775
24.979379,0.000000,0.003127,2.645095,0.000000,3496.116565
24.180237,0.000000,0.003231,2.625473,0.000000,3495.917637
24.512173,0.000000,0.003344,2.712287,0.000000,3491.145727
25.658145,0.000000,0.003118,2.700999,0.000000,3493.884214
25.651044,0.000000,0.003117,2.700060,0.000000,3493.928922
25.425983,0.000000,0.003139,2.691814,0.000000,3494.047378
52.191179,7.252764,0.129699,22.104901,19.354241,72.964816
31.248571,0.000000,0.002407,2.706769,0.000000,3500.923053
17.425274,0.000000,0.003571,2.120116,0.000000,3514.541663
78.497992,0.572176,0.044044,22.104901,15.129965,63.195611
28.028151,0.000000,0.002701,2.660338,0.000000,3499.753699
25.866106,0.000000,0.003388,2.862288,0.000000,3484.351159
0.000000,0.000000,0.002950,0.055793,0.000000,3608.191954
29.477996,0.000000,0.003162,3.068177,0.000000,3478.194622
25.197000,0.000000,0.003045,2.621734,0.000000,3497.879691
49.874763,12.981496,0.119899,22.104901,18.193415,71.638689
26.185188,0.000000,0.001488,1.576809,0.000000,3551.031421
24.818012,0.000000,0.003268,2.702906,0.000000,3492.298598
22.093830,0.000000,0.003521,2.561372,0.000000,3495.882694
93.660970,44.292011,1.885775,22.104901,17.761127,83.375116
81.781441,12.898245,0.628485,22.104901,17.661119,75.875791
24.122510,0.000000,0.003082,2.546292,0.000000,3500.643146
7.461339,0.000000,0.072048,2.610198,0.000000,3293.455836
47.960283,41.468006,0.569331,22.104901,19.168602,72.484914
25.933014,0.000000,0.003842,3.089131,0.000000,3469.752935
23.560071,43.500364,0.000000,18.430854,28.333178,69.645531
23.818808,0.000000,0.003030,2.493242,0.000000,3503.330360
42.685445,0.000000,0.003089,3.809962,0.000000,3448.926575
20.622891,0.000000,0.003838,2.540420,0.000000,3493.891604
24.577288,0.000000,0.003008,2.548065,0.000000,3501.276576
25.767757,0.000000,0.003096,2.699047,0.000000,3494.183614
53.288383,56.170877,0.202090,22.104901,16.720785,72.152894
24.716218,0.000000,0.002984,2.547681,0.000000,3501.518733
38.010550,43.497589,0.002051,22.104901,16.359568,71.215072
59.250093,12.610264,0.000000,22.104901,16.781631,76.294302
42.566823,84.539209,1.151766,22.104901,20.370951,73.157293
25.475162,0.000000,0.003118,2.684889,0.000000,3494.548728
25.544707,0.000000,0.003190,2.729369,0.000000,3491.970726
25.955355,0.000000,0.003216,2.780194,0.000000,3489.589335
71.837835,32.952828,0.500324,22.104901,19.162221,79.482568
26.645019,40.924198,1.490802,16.785560,19.733081,56.700098
21.653070,0.000000,0.003655,2.573982,0.000000,3494.090407
25.114832,0.000000,0.003059,2.621965,0.000000,3497.732656
25.604310,0.000000,0.003198,2.738857,0.000000,3491.496298
3.351677,31.999147,0.314021,3.872578,23.534108,82.188739
23.542609,0.000000,0.004022,2.923251,0.000000,3475.158749
30.629771,39.998566,0.102035,21.580172,22.703347,68.516989
26.914743,0.000000,0.003080,2.791949,0.000000,3490.500744
34.782847,20.431437,0.222921,22.104901,19.140733,66.439951
22.014835,0.000000,0.003447,2.521793,0.000000,3498.266158
25.904916,0.000000,0.003096,2.711560,0.000000,3493.659092
25.199450,0.000000,0.003167,2.685784,0.000000,3494.024911
26.310255,0.000000,0.002827,2.595794,0.000000,3501.087412
25.658201,0.000000,0.003118,2.701004,0.000000,3493.883992
25.651046,0.000000,0.003117,2.700074,0.000000,3493.928062
25.548630,0.000000,0.003129,2.697195,0.000000,3493.929668
37.932703,13.171739,0.168250,22.104901,18.500121,67.694752
25.907321,0.000000,0.002459,2.348744,0.000000,3514.422052
19.928302,0.000000,0.003968,2.514878,0.000000,3493.858425
66.407556,0.530550,0.000000,22.104901,15.313525,56.896640
26.785970,0.000000,0.004091,3.193108,0.000000,3462.491476
24.009349,0.000000,0.003259,2.623630,0.000000,3495.721116
39.638121,0.000000,0.002700,3.487845,0.000000,3466.918668
20.437753,0.000000,0.003101,2.227216,0.000000,3513.753831
23.322133,0.000000,0.004265,2.995646,0.000000,3469.402173
52.394538,4.292057,0.267274,22.104901,17.355345,62.868991
41.813189,0.000000,0.003807,4.056170,0.000000,3428.790440
25.413440,0.000000,0.003140,2.690974,0.000000,3494.076872
20.051070,0.000000,0.004153,2.593655,0.000000,3488.651603
38.747132,30.565252,0.000000,22.104901,17.435272,70.087630
87.676721,6.190775,1.063266,22.104901,9.917052,55.417043
24.501402,0.000000,0.003443,2.759164,0.000000,3488.173562
100.000000,21.696393,0.081234,22.104901,17.477104,86.749332
30.571358,32.003215,0.477680,20.788804,23.478368,65.746123
25.054246,0.000000,0.002570,2.349279,0.000000,3513.403417
50.114919,47.724422,0.019031,22.104901,16.916771,73.698907
23.984196,0.000000,0.003138,2.561719,0.000000,3499.475114
67.060041,0.000000,0.002251,4.401470,0.000000,3438.658492
20.100263,0.000000,0.003908,2.511528,0.000000,3494.542390
23.556789,0.000000,0.003236,2.570880,0.000000,3498.156996
25.505818,0.000000,0.003121,2.689323,0.000000,3494.332749
14.886229,48.926060,0.121622,13.002718,20.399187,64.208411
26.113949,0.000000,0.003013,2.683875,0.000000,3495.645075
61.168010,1.591121,0.010605,22.104901,19.609760,91.388932
46.758725,10.656589,0.998240,22.104901,13.996189,55.545240
44.937609,2.347894,1.161337,10.032853,0.000000,48.664406
18.910392,0.000000,0.003672,2.303700,0.000000,3505.724848
25.491674,0.000000,0.003133,2.694378,0.000000,3494.003702
26.204291,0.000000,0.004067,3.150661,0.000000,3464.625279
36.615164,12.428517,0.290486,22.104901,18.902164,64.368659
24.154886,2.895009,1.146565,8.129604,0.000000,49.276374
21.668944,0.000000,0.003658,2.576744,0.000000,3493.944026
23.256159,0.000000,0.003369,2.605560,0.000000,3495.426482
25.268525,0.000000,0.003767,2.990352,0.000000,3474.866677
20.372306,6.856141,0.000000,16.785560,26.468078,68.237859
30.486801,0.000000,0.002154,2.466599,0.000000,3512.634348
85.147775,0.000000,0.169265,5.922314,0.000000,3163.854786
26.315777,0.000000,0.003024,2.708003,0.000000,3494.533812
25.428991,31.691614,0.937820,16.785560,24.148900,61.121157
21.241734,0.000000,0.003831,2.602172,0.000000,3491.233813
25.771529,0.000000,0.003123,2.713765,0.000000,3493.304780
23.106337,0.000000,0.004010,2.871432,0.000000,3477.583365
18.731824,0.000000,0.003367,2.175818,0.000000,3513.741730
25.658207,0.000000,0.003118,2.701005,0.000000,3493.883970
25.651046,0.000000,0.003117,2.700076,0.000000,3493.927976
23.394125,0.000000,0.003845,2.832183,0.000000,3480.976334
25.149883,1.835272,0.124983,14.839192,21.755000,55.974088
36.040583,0.000000,0.002291,2.955181,0.000000,3492.569314
20.178604,0.000000,0.004007,2.555919,0.000000,3491.671229
32.780066,0.167908,0.536852,4.986197,0.000000,489.453338
26.824023,0.000000,0.002355,2.351606,0.000000,3515.235400
22.756784,0.000000,0.003316,2.534042,0.000000,3498.960065
12.904831,0.000000,0.003041,1.406031,0.000000,3548.610572
25.021971,0.000000,0.003928,3.039357,0.000000,3471.010339
30.953154,0.000000,0.002435,2.705813,0.000000,3500.671908
18.467733,8.327902,0.000000,15.912678,26.575134,68.857089
36.781964,0.000000,0.003126,3.514067,0.000000,3460.368074
21.881753,0.000000,0.003667,2.601741,0.000000,3492.776771
27.230531,0.000000,0.002593,2.531018,0.000000,3505.973041
72.926353,19.775550,1.568857,22.104901,15.185509,62.624238
51.997405,4.563044,0.716318,20.117171,8.639318,46.673754
23.209625,0.000000,0.003988,2.873376,0.000000,3477.718141
56.560609,0.726412,0.022296,22.104901,17.148178,62.415768
100.000000,22.312195,0.116811,22.104901,17.176013,86.119189
18.964548,0.000000,0.004377,2.546070,0.000000,3488.798944
31.000233,51.916555,0.040925,21.580172,21.490658,68.322091
26.289664,0.000000,0.003142,2.770760,0.000000,3490.738721
48.754456,0.000000,0.001758,3.183102,0.000000,3490.310766
20.499070,0.000000,0.003936,2.564137,0.000000,3491.951490
22.979480,0.000000,0.003898,2.811242,0.000000,3481.371703
25.482106,0.000000,0.003124,2.688459,0.000000,3494.344992
89.170138,38.900813,0.047617,22.104901,16.252172,78.225869
20.334421,0.000000,0.003227,2.270546,0.000000,3510.879404
48.500578,8.281248,0.002933,22.104901,17.735464,73.650946
47.330452,3.265643,0.667197,18.030576,6.362679,44.458995
46.910504,92.372483,0.000000,22.104901,17.243292,72.100752
19.835721,0.000000,0.003703,2.408944,0.000000,3500.856721
18.447892,0.000000,0.003424,2.169147,0.000000,3513.578371
24.049330,0.000000,0.001973,1.843130,0.000000,3537.792075
31.726594,65.378392,0.474229,21.580172,21.508312,66.081087
20.924408,0.000000,0.215593,3.872578,0.000000,3281.794690
21.670532,0.000000,0.003658,2.577020,0.000000,3493.929384
23.266719,0.000000,0.003431,2.634965,0.000000,3493.585144
23.408572,0.000000,0.003751,2.792705,0.000000,3483.645830
21.457407,51.580263,0.042210,17.643609,23.794743,67.090507
26.747639,0.000000,0.004043,3.180939,0.000000,3463.559441
30.047571,19.231574,0.239076,20.788804,23.834222,65.914482
18.116427,0.000000,0.004099,2.363034,0.000000,3499.539137
33.986255,64.695246,0.499932,22.104901,16.573188,63.520112
22.716443,0.000000,0.003861,2.767930,0.000000,3483.651688
23.204762,0.000000,0.003705,2.751850,0.000000,3485.879640
21.228264,0.000000,0.003468,2.454769,0.000000,3500.944368
23.734754,0.000000,0.003936,2.907155,0.000000,3476.751909
25.658207,0.000000,0.003118,2.701005,0.000000,3493.883968
25.651046,0.000000,0.003117,2.700076,0.000000,3493.927968
24.239472,0.000000,0.002916,2.470793,0.000000,3505.318683
58.165144,14.633568,0.025038,22.104901,16.804739,74.320611
22.473006,0.000000,0.004415,2.960480,0.000000,3469.445370
19.871930,0.000000,0.003999,2.520003,0.000000,3493.350257
61.806188,1.228927,0.342830,18.093326,3.901965,47.348384
27.659442,0.000000,0.002739,2.654517,0.000000,3499.595399
23.165557,0.000000,0.003098,2.468855,0.000000,3503.716018
11.320567,0.000000,0.003079,1.246965,0.000000,3555.133052
27.595350,0.000000,0.003853,3.194726,0.000000,3465.064120
23.694075,0.000000,0.004140,2.988939,0.000000,3471.008812
64.769725,1.257812,0.248217,22.104901,10.137594,52.682546
34.453271,0.000000,0.001764,2.388201,0.000000,3519.235858
24.306798,0.000000,0.003178,2.610585,0.000000,3497.055918
23.164356,0.000000,0.003731,2.759114,0.000000,3485.306984
35.589482,22.316247,1.077873,20.988214,19.796347,60.669693
58.409613,16.216850,0.497705,22.104901,19.673061,75.437859
25.318695,0.000000,0.002669,2.425783,0.000000,3509.450337
56.672910,15.958899,0.199872,22.104901,18.620093,75.557749
66.808741,21.969372,0.250568,22.104901,17.453235,75.349295
28.431292,0.000000,0.002810,2.760692,0.000000,3494.596920
87.475768,61.735315,0.146358,22.104901,16.534341,83.031535
23.509556,0.000000,0.003163,2.531155,0.000000,3500.514914
53.205335,0.000000,0.000997,2.227925,0.000000,3533.311086
23.277998,0.000000,0.003011,2.436732,0.000000,3505.836480
22.019792,0.000000,0.003712,2.634256,0.000000,3490.940501
25.402385,0.000000,0.003826,3.031946,0.000000,3472.424113
0.000000,27.422051,0.143133,1.833846,0.000000,3563.417496
27.163559,0.000000,0.003144,2.850034,0.000000,3487.430767
66.028518,78.135762,0.005993,22.104901,16.894199,76.814171
26.381468,27.488290,0.690294,17.643609,21.792950,59.830842
28.920921,10.073248,0.382232,18.183934,21.383696,58.976580
26.685980,0.000000,0.003550,3.024724,0.000000,3475.718323
23.485214,0.000000,0.003250,2.571078,0.000000,3498.014064
27.806310,0.000000,0.002183,2.307726,0.000000,3518.439869
40.588630,0.000000,0.000000,0.055351,0.000000,3608.188443
21.955107,16.526167,1.458388,12.621096,12.489949,43.751364
19.553652,0.000000,0.004014,2.491044,0.000000,3494.512207
23.267776,0.000000,0.003437,2.637891,0.000000,3493.401054
24.501657,0.000000,0.002887,2.477754,0.000000,3505.302186
0.000000,7.092379,0.449477,1.000294,0.000000,3625.957767
26.482743,0.000000,0.002695,2.533718,0.000000,3504.875409
26.013567,16.447271,0.174964,19.135796,24.897756,67.331828
30.628044,0.000000,0.003487,3.287633,0.000000,3465.280606
31.522871,59.515882,1.322274,20.788804,23.375850,65.989151
18.343978,0.000000,0.003942,2.337194,0.000000,3502.002585
27.105332,0.000000,0.002593,2.521218,0.000000,3506.363671
28.449794,0.000000,0.003011,2.885512,0.000000,3487.385338
28.262632,0.000000,0.002378,2.470146,0.000000,3510.411707
25.658207,0.000000,0.003118,2.701005,0.000000,3493.883967
21.513483,0.000000,0.004150,2.753673,0.000000,3481.465615
24.685803,0.000000,0.003207,2.660070,0.000000,3494.695540
49.137863,0.171121,0.157323,7.758034,0.450776,57.657093
33.377926,0.000000,0.002989,3.288055,0.000000,3471.209526
19.841262,0.000000,0.003998,2.516416,0.000000,3493.517905
27.122216,0.165708,0.098583,6.591682,0.041525,45.603892
27.162079,0.000000,0.003023,2.781029,0.000000,3491.542619
24.957555,0.000000,0.003203,2.682579,0.000000,3493.797934
20.901628,0.000000,0.003403,2.396676,0.000000,3504.004059
28.352295,0.000000,0.001150,1.358401,0.000000,3561.151230
21.564267,0.000000,0.003442,2.476329,0.000000,3500.255134
22.937584,9.823832,0.138422,16.785560,24.731881,63.827507
32.507479,0.000000,0.003705,3.458727,0.000000,3455.449446
24.560235,0.000000,0.003447,2.766676,0.000000,3487.814859
23.684795,0.000000,0.003002,2.467456,0.000000,3504.655038
90.302906,15.226470,0.000000,22.104901,16.453783,81.755407
97.494502,5.679536,0.091625,22.104901,19.085611,94.546432
24.200858,0.000000,0.003658,2.831189,0.000000,3482.907442
54.263402,17.201110,0.110543,22.104901,18.003763,73.477643
25.919900,13.633472,0.146066,19.113717,26.006300,67.666599
22.888805,0.000000,0.003438,2.601949,0.000000,3494.924968
71.403338,90.769198,0.312242,22.104901,17.352455,79.439545
20.434525,0.000000,0.003888,2.539551,0.000000,3493.476171
42.786684,0.000000,0.003882,4.128997,0.000000,3424.678229
21.757532,0.000000,0.004211,2.803535,0.000000,3478.625831
24.646769,0.000000,0.002835,2.462579,0.000000,3506.406904
25.735332,0.000000,0.002675,2.462612,0.000000,3507.913934
100.000000,23.638483,0.033599,22.104901,16.276405,83.263341
25.405141,0.000000,0.003289,2.767870,0.000000,3489.358954
71.853840,83.620320,0.005617,22.104901,16.221404,75.492697
46.754615,0.000000,1.179003,4.986197,0.000000,2991.889686
37.540364,87.192968,1.370752,22.104901,18.630068,67.358520
25.836576,0.000000,0.003190,2.755756,0.000000,3490.871674
25.148426,0.000000,0.003292,2.745781,0.000000,3490.253560
23.147692,0.000000,0.004517,3.021945,0.000000,3465.597031
34.007470,0.000000,0.001979,2.551946,0.000000,3511.087911
20.581923,9.299477,0.000000,16.785560,25.883157,68.851866
24.824154,0.000000,0.003633,2.882093,0.000000,3480.959233
20.306037,0.000000,0.003442,2.355040,0.000000,3505.450810
23.687552,0.000000,0.003620,2.762596,0.000000,3486.253285
29.952345,59.827656,0.362442,21.212890,25.665186,69.560552
19.907888,0.000000,0.004483,2.688947,0.000000,3481.247366
50.238369,7.879198,0.122019,22.104901,19.006036,72.057295
26.375525,0.000000,0.003097,2.753579,0.000000,3491.914635
19.334184,2.551619,0.000000,16.288199,31.529530,71.513952
27.011508,0.000000,0.002771,2.621152,0.000000,3500.615644
20.524899,0.000000,0.004168,2.651132,0.000000,3485.921123
24.242361,0.000000,0.003756,2.879967,0.000000,3479.795808
19.685951,0.000000,0.003244,2.217680,0.000000,3512.969378
18.020150,0.000000,0.004258,2.401958,0.000000,3496.432449
26.456232,0.000000,0.003021,2.718429,0.000000,3494.137437
22.969454,0.000000,0.003690,2.721489,0.000000,3487.346580
31.963639,3.052157,0.000000,21.838289,22.825952,71.505412
31.720052,0.000000,0.002746,2.986484,0.000000,3486.228415
19.875770,0.000000,0.003999,2.520388,0.000000,3493.333728
57.216675,0.918939,0.459757,12.538919,0.243642,47.954261
28.461866,0.000000,0.002877,2.804696,0.000000,3492.102932
25.136755,0.000000,0.003214,2.704328,0.000000,3492.783566
25.007174,0.000000,0.003484,2.828171,0.000000,3484.808874
28.476996,0.000000,0.004375,3.363239,0.000000,3451.732342
25.347512,0.000000,0.003322,2.779365,0.000000,3488.540114
33.300200,11.046005,0.107763,22.018026,21.468819,69.060159
22.457448,0.000000,0.000701,0.686023,0.000000,3586.176026
26.007501,0.000000,0.003261,2.809019,0.000000,3487.916889
20.692602,0.000000,0.004242,2.696168,0.000000,3483.188621
69.539890,64.293345,0.907784,22.104901,18.538820,78.194950
0.858801,7.675862,0.944636,1.409945,20.355638,293.429378
24.275393,0.000000,0.003565,2.795287,0.000000,3485.400004
33.412712,19.823986,0.085685,22.091345,19.640445,67.699506
98.030338,31.359854,0.185570,22.104901,17.806859,87.556680
19.513499,0.000000,0.003373,2.252301,0.000000,3510.427486
54.115576,40.522253,0.049196,22.104901,17.077054,73.091155
20.127022,0.000000,0.003961,2.533562,0.000000,3493.088781
31.823410,0.000000,0.002344,2.701168,0.000000,3501.783666
18.931681,0.000000,0.004012,2.423419,0.000000,3497.555949
23.021045,0.000000,0.002915,2.367278,0.000000,3509.557399
23.512422,0.000000,0.003548,2.712245,0.000000,3489.141403
0.000000,71.312137,0.108296,2.135328,0.000000,3576.619991
22.601670,0.000000,0.003292,2.508539,0.000000,3500.262363
50.786692,0.000000,0.008334,4.986701,0.000000,3347.555021
97.556202,6.713821,1.573650,22.104901,6.585175,53.858591
47.921099,42.094820,1.293828,22.104901,18.309826,66.966147
25.374462,0.000000,0.003055,2.642556,0.000000,3496.923190
21.880276,0.000000,0.003776,2.646543,0.000000,3489.792931
24.556455,0.000000,0.002273,2.113555,0.000000,3525.169025
20.611649,0.000000,0.003066,2.227912,0.000000,3514.013242
18.809771,57.166821,1.260188,14.009564,22.980423,59.730801
19.750002,0.000000,0.003611,2.365754,0.000000,3503.536767
26.859005,0.000000,0.003437,2.982464,0.000000,3478.738717
23.311278,0.000000,0.003726,2.771678,0.000000,3484.813849
13.287880,0.000000,0.114413,3.224145,0.000000,3118.042921
26.842153,0.000000,0.003288,2.900817,0.000000,3483.780966
67.689610,22.485726,0.293134,22.104901,19.406742,80.625707
25.500020,0.000000,0.003391,2.829126,0.000000,3485.723788
28.303987,62.681946,1.632136,19.135796,22.561804,62.132373
19.160536,0.000000,0.005064,2.776871,0.000000,3471.515938
21.059954,0.000000,0.002996,2.236693,0.000000,3514.233928
25.449016,0.000000,0.002099,2.051061,0.000000,3528.959238
24.278845,0.000000,0.003339,2.687860,0.000000,3492.229139
19.621543,0.000000,0.002485,1.817989,0.000000,3535.185627
24.206941,0.000000,0.003112,2.568468,0.000000,3499.445600
23.246650,0.000000,0.003646,2.730265,0.000000,3487.392901
32.747802,6.965878,0.048614,21.888016,21.681149,68.094789
19.328860,0.000000,0.002781,1.956855,0.000000,3527.441981
19.879220,0.000000,0.003999,2.520785,0.000000,3493.315309
44.579685,0.349646,0.000000,22.104901,10.839274,43.597643
25.740039,0.000000,0.003278,2.792991,0.000000,3488.419801
20.959409,0.000000,0.004037,2.650771,0.000000,3487.163181
22.497874,0.000000,0.003221,2.466875,0.000000,3502.661610
22.847276,0.000000,0.002135,1.869940,0.000000,3535.614727
25.046056,0.000000,0.003013,2.591586,0.000000,3499.433374
49.322689,4.342559,0.059201,22.104901,20.297027,74.468686
20.372425,0.000000,0.004982,2.881105,0.000000,3467.361570
24.675285,0.000000,0.003346,2.728193,0.000000,3490.461766
19.533780,0.000000,0.003655,2.360414,0.000000,3503.393451
50.179989,62.451205,0.755088,22.104901,19.203915,73.927889
100.000000,18.700637,0.842062,22.104901,17.756029,83.228310
23.443277,0.000000,0.003560,2.711269,0.000000,3489.057704
96.373232,0.000000,0.106083,6.057814,0.000000,3152.296728
27.366769,17.783252,0.426597,18.430854,23.211851,64.365925
28.761341,0.000000,0.003384,3.133680,0.000000,3472.941716
57.045698,54.099012,0.154793,22.104901,18.742013,73.732278
20.096272,0.000000,0.003968,2.532898,0.000000,3493.053212
23.823241,0.000000,0.003189,2.572270,0.000000,3498.549422
20.681983,0.000000,0.003784,2.526131,0.000000,3495.004745
22.497794,0.000000,0.004020,2.810136,0.000000,3480.211314
23.593217,0.000000,0.003484,2.691233,0.000000,3490.659272
100.000000,74.069671,0.111595,22.104901,18.065850,87.865117
19.851906,0.000000,0.003742,2.425012,0.000000,3499.815410
53.898745,84.369074,0.002978,22.104901,16.901890,74.060668
54.911393,7.459522,0.000000,22.104901,17.167774,74.410107
70.243177,30.222272,0.432774,22.104901,19.290856,80.650742
23.136341,0.000000,0.003175,2.503530,0.000000,3501.549816
25.929290,0.000000,0.003384,2.866002,0.000000,3484.239862
25.634231,0.000000,0.002486,2.344638,0.000000,3514.339152
27.548938,0.000000,0.004207,3.266567,0.000000,3457.948622
18.608895,37.895647,0.338227,14.986921,25.279799,64.129987
19.501376,0.000000,0.003771,2.399555,0.000000,3500.683636
23.728014,0.000000,0.003436,2.681693,0.000000,3491.541425
24.820197,0.000000,0.003429,2.783308,0.000000,3487.279204
14.180235,54.117951,0.408930,12.235571,32.232030,68.239523
28.499328,0.000000,0.003431,3.135867,0.000000,3472.309705
24.780691,0.000000,0.049458,4.064879,0.000000,3238.643586
22.220598,0.000000,0.003540,2.582044,0.000000,3494.814314
21.306425,26.524549,1.065663,14.009564,19.126726,55.865580
19.461860,0.000000,0.002901,2.035815,0.000000,3523.293727
28.557841,0.000000,0.003055,2.921799,0.000000,3485.415989
25.025538,0.000000,0.004074,3.075685,0.000000,3467.851201
23.628036,0.000000,0.003416,2.662894,0.000000,3492.534764
24.692430,0.000000,0.004012,3.042105,0.000000,3469.991764
19.939442,0.000000,0.003759,2.440006,0.000000,3499.015673
25.123481,0.000000,0.003229,2.711232,0.000000,3492.336908
34.336399,9.045322,0.048081,22.104901,18.146563,66.980697
27.998075,0.000000,0.002671,2.639563,0.000000,3500.882152
19.886090,0.000000,0.003965,2.509322,0.000000,3494.132203
48.467896,0.940772,0.123146,20.475973,15.331751,54.806919
20.117222,0.000000,0.003747,2.454034,0.000000,3498.499340
28.036551,0.000000,0.002795,2.719232,0.000000,3496.421976
21.226221,0.000000,0.004058,2.687601,0.000000,3485.315513
25.172926,0.000000,0.003756,2.975508,0.000000,3475.626243
27.100126,0.000000,0.002941,2.728171,0.000000,3494.551276
49.010724,4.944287,0.327843,22.104901,16.037245,60.264753
41.708919,0.000000,0.002471,3.479119,0.000000,3470.244592
25.377331,0.000000,0.003021,2.624537,0.000000,3498.001163
21.948794,0.000000,0.003960,2.727295,0.000000,3484.483586
17.124288,0.000000,0.635830,3.872578,0.000000,3403.092242
23.811744,20.795218,0.152799,18.248437,26.311959,66.423301
20.460738,0.000000,0.003471,2.381637,0.000000,3504.056117
16.789041,8.341994,0.104639,13.674399,24.692728,61.989161
68.627434,49.177767,0.214903,22.104901,17.297331,79.283646
23.838624,0.000000,0.003395,2.673156,0.000000,3492.302084
64.770908,73.398895,0.359744,22.104901,18.246494,76.015866
20.093197,0.000000,0.003969,2.532831,0.000000,3493.049690
22.566606,0.000000,0.003869,2.755886,0.000000,3484.096897
20.748423,0.000000,0.003816,2.545232,0.000000,3493.875842
24.129003,0.000000,0.002993,2.501128,0.000000,3503.356819
25.866784,0.000000,0.003182,2.753905,0.000000,3491.036730
0.000000,25.632333,0.057350,2.140398,0.000000,3592.751369
22.726914,0.000000,0.003328,2.536703,0.000000,3498.735708
57.253978,58.749669,0.006056,22.104901,17.597896,76.369246
33.402542,5.324764,1.298669,12.987280,4.242447,43.375936
36.004381,15.618093,0.000000,22.104901,17.019301,69.500755
27.487906,0.000000,0.003152,2.883413,0.000000,3485.965704
26.242604,0.000000,0.003464,2.937493,0.000000,3480.357628
21.228904,0.000000,0.002918,2.216149,0.000000,3515.733894
29.061569,0.000000,0.002269,2.452662,0.000000,3512.100273
27.186208,27.133454,0.643948,18.430854,23.736358,64.512683
21.374906,0.000000,0.003706,2.566261,0.000000,3493.963011
20.555947,0.000000,0.004161,2.652057,0.000000,3485.944643
19.051694,0.000000,0.003480,2.248090,0.000000,3509.727418
15.201342,44.797553,0.153816,13.781658,22.283292,62.406303
24.722753,0.000000,0.002526,2.298819,0.000000,3515.796911
100.000000,34.482988,0.005441,22.104901,15.392104,81.434983
22.545401,0.000000,0.003516,2.603538,0.000000,3494.113385
20.336865,42.104356,0.000000,16.785560,25.528040,68.576733
19.815655,0.000000,0.003816,2.448251,0.000000,3498.152466
18.476992,0.000000,0.004299,2.466045,0.000000,3493.155268
18.662846,0.000000,0.003629,2.263464,0.000000,3507.838317
21.350655,0.000000,0.003722,2.570272,0.000000,3493.639377
26.726671,0.000000,0.003311,2.902569,0.000000,3483.462729
21.420096,0.000000,0.003755,2.590472,0.000000,3492.453215
25.615883,0.000000,0.002975,2.620245,0.000000,3498.629069
36.984443,0.781160,0.059794,18.890125,16.756938,53.874638
37.573049,0.000000,0.002636,3.363946,0.000000,3472.600213
19.878835,0.000000,0.004002,2.521687,0.000000,3493.251359
75.603547,0.273257,0.473154,6.481545,0.000000,120.114678
24.423749,0.000000,0.002684,2.363180,0.000000,3511.817217
23.464171,0.000000,0.003426,2.651567,0.000000,3492.926221
23.855596,0.000000,0.002842,2.400611,0.000000,3508.857113
21.254222,0.000000,0.003836,2.605451,0.000000,3491.042488
19.057751,0.000000,0.003963,2.420367,0.000000,3498.112530
54.641017,6.771755,0.197011,22.104901,19.045029,71.426388
40.248646,0.000000,0.001131,1.893104,0.000000,3543.030054
22.330164,0.000000,0.003180,2.432581,0.000000,3504.476764
20.220102,0.000000,0.003886,2.516029,0.000000,3494.541295
90.342403,46.347748,0.742229,22.104901,18.026276,85.252780
33.987292,15.957235,0.616504,20.788804,19.890008,59.354620
23.739970,0.000000,0.003680,2.794899,0.000000,3484.256849
31.781469,24.004661,0.000000,21.861361,19.778838,70.148042
59.516017,11.967802,0.105175,22.104901,18.408496,74.370502
21.533840,0.000000,0.003218,2.376809,0.000000,3506.482037
45.014026,58.214732,0.000000,22.104901,16.476247,72.215579
20.092889,0.000000,0.003969,2.532825,0.000000,3493.049338
22.495910,0.000000,0.003920,2.769482,0.000000,3482.996958
20.342073,0.000000,0.003855,2.517414,0.000000,3494.755861
19.134350,0.000000,0.004291,2.537913,0.000000,3489.937366
24.300759,0.000000,0.004320,3.070381,0.000000,3465.469839
13.822550,80.090925,0.229352,13.002718,33.822453,72.174385
22.522216,0.000000,0.003569,2.624282,0.000000,3492.721017
54.957200,16.993490,0.004025,22.104901,16.791595,73.626152
100.000000,21.574725,0.625791,22.104901,17.907643,89.660053
62.116528,78.980973,2.000000,22.104901,18.567924,75.617496
24.096297,0.000000,0.003177,2.591416,0.000000,3497.858535
23.958790,0.000000,0.003356,2.665962,0.000000,3492.988399
26.883619,0.000000,0.002737,2.590535,0.000000,3502.187200
27.445649,0.000000,0.003099,2.849538,0.000000,3487.926657
13.363254,0.000000,1.228371,2.982865,0.000000,3356.082712
21.175828,0.000000,0.004090,2.694125,0.000000,3484.719371
24.004213,0.000000,0.003415,2.698182,0.000000,3491.046874
25.789683,0.000000,0.003274,2.795460,0.000000,3488.357764
3.095563,3.728644,0.350243,2.636659,4.687247,66.354143
26.842978,0.000000,0.003796,3.135906,0.000000,3468.235262
47.527472,25.168476,0.070912,22.104901,17.886560,72.926501
17.130792,0.000000,0.003950,2.210262,0.000000,3507.612824
31.774755,58.772627,0.956024,21.212890,23.962440,68.032426
19.492424,0.000000,0.004116,2.519467,0.000000,3492.332337
17.468907,0.000000,0.004423,2.388250,0.000000,3495.667907
26.794375,0.000000,0.003650,3.086899,0.000000,3471.955139
21.122917,0.000000,0.003752,2.559107,0.000000,3493.847691
19.220619,0.000000,0.003353,2.216813,0.000000,3512.107371
21.550733,0.000000,0.003336,2.429801,0.000000,3503.192466
25.528400,0.000000,0.003204,2.735192,0.000000,3491.586870
45.605493,6.097334,0.079781,22.104901,19.200555,71.035211
29.748058,0.000000,0.002866,2.904990,0.000000,3488.166350
19.878109,0.000000,0.004005,2.522918,0.000000,3493.163398
65.172251,0.197787,0.000000,22.104901,7.205639,40.669453
22.533658,0.000000,0.003778,2.714405,0.000000,3486.806023
18.100582,0.000000,0.004116,2.366794,0.000000,3499.223270
23.623946,0.000000,0.003024,2.472884,0.000000,3504.232899
33.730555,0.000000,0.002674,3.093837,0.000000,3482.795834
28.306422,0.000000,0.002798,2.742893,0.000000,3495.442386
32.071923,10.231723,0.163792,21.330674,23.504286,67.564818
25.597124,0.000000,0.003510,2.898210,0.000000,3481.550230
19.524783,0.000000,0.003412,2.268147,0.000000,3509.430379
20.574253,0.000000,0.003806,2.523205,0.000000,3494.939479
92.799833,1.746383,0.983856,14.397616,0.586940,53.335662
100.000000,9.107448,0.263815,22.104901,17.518428,87.507733
22.325014,0.000000,0.003693,2.657515,0.000000,3490.101776
62.762754,25.306738,0.104142,22.104901,18.592469,75.900109
53.910423,1.956541,0.390236,17.695293,6.848029,44.621408
27.508063,0.000000,0.003529,3.094184,0.000000,3472.978352
47.899818,10.338377,0.408141,22.104901,18.932152,65.935264
20.092828,0.000000,0.003969,2.532823,0.000000,3493.049268
20.027176,0.000000,0.003012,2.153425,0.000000,3517.553742
20.488003,0.000000,0.003814,2.517459,0.000000,3495.116620
20.672545,0.000000,0.004160,2.664615,0.000000,3485.385959
23.526866,0.000000,0.003177,2.539869,0.000000,3500.011747
90.217396,81.967092,0.189235,22.104901,18.382109,88.971726
22.708992,0.000000,0.004609,3.004413,0.000000,3465.439767
77.373797,12.386980,0.005026,22.104901,17.668083,79.409611
50.009465,27.412161,0.220212,22.104901,18.249357,71.619094
24.869607,3.928188,0.651349,11.793448,6.172693,39.307470
22.951603,0.000000,0.003872,2.797421,0.000000,3482.238002
21.218180,0.000000,0.004255,2.759671,0.000000,3480.183540
27.537012,0.000000,0.003015,2.808662,0.000000,3490.496333
34.763868,0.000000,0.003465,3.519204,0.000000,3455.859547
25.386847,70.306518,1.272378,17.643609,23.091408,64.073636
26.669379,0.000000,0.003998,3.167016,0.000000,3464.654981
21.471602,0.000000,0.003848,2.632768,0.000000,3489.728204
18.929143,0.000000,0.004119,2.458690,0.000000,3495.047376
22.305592,5.596435,0.110205,15.944051,24.852204,63.045103
28.019217,0.000000,0.002239,2.359904,0.000000,3515.945219
33.438976,12.494191,0.287511,21.603530,21.146043,65.354083
21.861544,0.000000,0.003741,2.630403,0.000000,3490.827799
26.822213,59.707113,0.438269,19.761602,23.549632,64.442576
22.677118,0.000000,0.003897,2.778733,0.000000,3482.823114
21.993262,0.000000,0.003927,2.718983,0.000000,3485.168192
18.561180,0.000000,0.003215,2.100686,0.000000,3518.145831
20.121668,0.000000,0.003997,2.546197,0.000000,3492.195821
19.931111,0.000000,0.003802,2.454984,0.000000,3497.981042
20.433410,0.000000,0.003577,2.420973,0.000000,3501.431186
23.782954,0.000000,0.004282,3.029228,0.000000,3467.721955
21.622448,10.028053,0.010122,17.643609,27.580519,67.394733
16.075179,0.000000,0.003804,2.055324,0.000000,3515.631039
19.877964,0.000000,0.004006,2.523164,0.000000,3493.145808
55.939344,1.131470,0.243027,18.455394,6.787559,46.653598
22.820801,0.000000,0.003326,2.544719,0.000000,3498.412556
34.162867,0.000000,0.002647,3.107678,0.000000,3482.558197
21.637500,0.000000,0.003280,2.413703,0.000000,3504.373380
20.788247,0.000000,0.003662,2.489663,0.000000,3497.696027
22.693140,0.000000,0.002985,2.373219,0.000000,3508.692693
40.382104,1.050741,0.080796,20.617140,18.566849,65.082611
25.452824,0.000000,0.003009,2.624806,0.000000,3498.104676
24.422818,0.000000,0.004005,3.009975,0.000000,3471.494228
24.706551,0.000000,0.003337,2.726684,0.000000,3490.615409
86.628763,37.102975,1.158294,22.104901,17.745797,81.081219
74.386740,0.024785,1.697895,5.508149,0.000000,2907.723218
20.149710,0.000000,0.003708,2.442690,0.000000,3499.338705
41.281451,22.182035,0.075254,22.104901,18.384945,70.235961
74.399108,18.849990,0.123063,22.104901,17.832789,78.076284
26.503458,0.000000,0.003115,2.774864,0.000000,3490.849357
53.547112,1.461247,0.458026,15.015701,0.786519,42.837215
20.092803,0.000000,0.003969,2.532823,0.000000,3493.049240
24.635412,0.000000,0.002669,2.371963,0.000000,3511.599351
20.484303,0.000000,0.004013,2.590925,0.000000,3490.054022
24.788032,0.000000,0.002613,2.352883,0.000000,3512.871450
23.194088,0.000000,0.002851,2.349937,0.000000,3510.838979
29.978064,37.297872,0.178011,21.212890,25.441663,69.653004
21.253186,0.000000,0.004127,2.716272,0.000000,3483.374541
20.042929,97.013985,0.007554,16.785560,26.402317,69.865775
19.706549,0.000000,1.122013,3.872578,0.000000,3295.041395
24.197181,61.011151,0.860656,17.643609,22.534745,61.789069
24.642737,0.000000,0.002818,2.453086,0.000000,3506.954018
24.826117,0.000000,0.003827,2.972652,0.000000,3475.008385
17.739554,0.000000,0.003528,2.136858,0.000000,3514.145991
30.837005,0.000000,0.002602,2.815665,0.000000,3494.612346
26.887151,0.000000,0.549316,3.872578,0.000000,3014.242666
23.177112,0.000000,0.002472,2.134946,0.000000,3522.728949
19.552831,0.000000,0.004147,2.536705,0.000000,3491.276602
22.322580,0.000000,0.003342,2.505269,0.000000,3499.932253
23.149712,26.191615,0.096172,18.071580,24.904531,65.386961
20.288323,0.000000,0.005021,2.878978,0.000000,3467.071044
39.090450,5.376271,0.228536,22.104901,18.191918,62.407452
24.147822,0.000000,0.003791,2.886051,0.000000,3479.172584
18.763515,30.870366,0.132423,15.912678,25.172969,65.024251
21.019308,0.000000,0.003818,2.573900,0.000000,3492.600752
21.831201,0.000000,0.004268,2.833097,0.000000,3476.728554
16.967628,0.000000,0.004007,2.210145,0.000000,3507.165746
20.532208,0.000000,0.003983,2.585064,0.000000,3490.589886
24.806183,0.000000,0.002690,2.397136,0.000000,3510.397045
25.642361,0.000000,0.003181,2.733495,0.000000,3491.889345
25.646634,0.000000,0.001949,1.943653,0.000000,3534.182979
46.838364,2.135268,0.154455,22.104901,18.201899,61.647855
40.925033,0.000000,0.003501,3.885291,0.000000,3440.176735
19.877906,0.000000,0.004006,2.523263,0.000000,3493.138772
30.035677,0.834238,0.276797,10.038383,0.737743,41.719123
27.296038,0.000000,0.003238,2.914804,0.000000,3483.733800
36.130499,0.000000,0.002373,3.032266,0.000000,3488.681503
20.413531,0.000000,0.003870,2.530606,0.000000,3494.035118
15.732732,0.000000,0.004686,2.253950,0.000000,3499.789244
20.924409,0.000000,0.003280,2.347185,0.000000,3507.190220
64.469038,0.000000,0.216016,5.021715,0.000000,3156.690503
20.596408,0.000000,0.003889,2.556776,0.000000,3492.708827
28.749204,0.000000,0.003026,2.920804,0.000000,3485.773118
23.345182,0.000000,0.003399,2.627934,0.000000,3494.188178
85.371430,93.007567,1.132835,22.104901,18.111347,83.588743
19.955177,5.301110,1.766552,7.685325,0.492485,42.562456
22.552389,0.000000,0.003341,2.526482,0.000000,3499.041495
44.143163,3.661934,0.060617,22.104901,20.838791,74.701166
53.519056,35.552203,0.000000,22.104901,17.092280,74.540309
20.666839,0.000000,0.003046,2.223987,0.000000,3514.346633
83.560176,0.410177,0.026436,22.104901,13.475923,55.480026
20.092784,0.000000,0.003969,2.532822,0.000000,3493.049217
27.600161,0.000000,0.003496,3.085397,0.000000,3473.719007
18.009630,0.000000,0.004240,2.395242,0.000000,3496.891306
25.815091,0.000000,0.002417,2.317200,0.000000,3516.023663
25.290527,0.000000,0.003796,3.006139,0.000000,3473.874234
0.000000,0.000000,0.000000,0.055351,0.000000,3608.188443
22.421213,0.000000,0.002248,1.913962,0.000000,3533.104735
3.719410,12.486189,0.007604,4.986197,18.371814,81.350397
60.547454,10.334724,1.727198,22.104901,10.339144,51.561288
53.987993,100.000000,1.252844,22.104901,18.219644,71.334037
24.853610,0.000000,0.003348,2.746410,0.000000,3489.662515
26.663603,0.000000,0.003188,2.829516,0.000000,3487.820421
12.316029,0.000000,0.004014,1.646032,0.000000,3532.629033
20.024459,0.000000,0.001341,1.103887,0.000000,3568.830236
10.721412,40.281020,0.594466,9.617189,41.994441,76.932890
15.803522,0.000000,0.001812,1.132317,0.000000,3565.490795
27.750820,0.000000,0.004169,3.272171,0.000000,3458.121404
28.559684,0.000000,0.002757,2.737984,0.000000,3496.067659
7.897719,69.756082,0.285329,8.476789,36.440671,74.285300
25.713142,0.000000,0.004487,3.195235,0.000000,3458.039253
58.268590,2.663978,0.125357,22.104901,20.073395,74.207616
27.007259,0.000000,0.003776,3.141777,0.000000,3468.200097
30.266037,29.822114,0.639932,20.320214,22.760867,65.131817
17.145762,0.000000,0.004570,2.391984,0.000000,3494.256907
13.648913,0.000000,0.004568,1.978166,0.000000,3513.675097
32.161745,0.000000,0.003240,3.303168,0.000000,3467.568496
21.448982,0.000000,0.003444,2.466036,0.000000,3500.678156
28.148329,0.000000,0.002525,2.557944,0.000000,3505.574440
25.284577,0.000000,0.003182,2.701391,0.000000,3493.222542
23.231747,0.000000,0.003458,2.644227,0.000000,3492.923844
57.252003,2.046756,0.226791,22.104901,15.473961,57.391330
47.254862,0.000000,0.002862,3.932651,0.000000,3447.238218
20.131895,0.000000,0.003966,2.535900,0.000000,3492.939393
42.766292,0.006038,0.381447,4.986197,0.000000,2748.751557
22.060913,0.000000,0.002591,2.110341,0.000000,3522.739180
12.486197,0.000000,0.003586,1.539241,0.000000,3539.875930
18.733694,0.000000,0.004576,2.581024,0.000000,3485.387372
25.158523,0.000000,0.003326,2.763947,0.000000,3489.145061
25.012671,0.000000,0.003366,2.770420,0.000000,3488.464518
84.846574,11.801850,0.380255,22.104901,18.506039,81.597142
20.724637,0.000000,0.003055,2.233018,0.000000,3513.895348
27.652616,0.000000,0.002614,2.576266,0.000000,3503.979574
18.828474,0.000000,0.004242,2.487564,0.000000,3492.668930
70.725847,0.437996,1.092334,6.195542,0.000000,143.352200
54.555833,19.196030,0.000000,22.104901,17.103406,72.254383
23.013795,0.000000,0.003509,2.646114,0.000000,3492.353224
96.339997,9.501187,0.100276,22.104901,18.048858,87.720503
29.795053,42.070087,0.065313,21.212890,24.583057,69.109570
14.985373,0.000000,0.002913,1.577217,0.000000,3542.180347
56.829245,98.881995,0.000000,22.104901,18.211176,76.424952
20.092762,0.000000,0.003969,2.532822,0.000000,3493.049192
19.729401,0.000000,0.004536,2.685320,0.000000,3480.917941
18.454332,0.000000,0.004176,2.424788,0.000000,3496.090685
20.254333,0.000000,0.004520,2.741463,0.000000,3478.470631
21.234944,0.000000,0.004177,2.732920,0.000000,3482.143315
32.668153,0.000000,0.004349,3.640551,0.000000,3439.676007
29.003562,0.000000,0.002312,2.478247,0.000000,3510.715572
45.982286,6.742249,0.002175,22.104901,17.059122,71.620121
70.961812,39.745970,0.268073,22.104901,17.194086,77.157094
58.744033,0.000000,0.107157,5.118442,0.000000,3108.816198
19.522127,0.000000,0.003890,2.444054,0.000000,3497.695130
26.031492,0.000000,0.002357,2.296293,0.000000,3517.366307
20.062484,0.000000,0.004246,2.627209,0.000000,3486.278290
21.886040,0.000000,0.002859,2.244251,0.000000,3515.081616
4.414672,44.980775,0.558229,4.986197,29.924416,75.152248
15.341397,0.000000,0.006112,2.598611,0.000000,3474.750197
26.021136,0.000000,0.003690,3.029364,0.000000,3474.002179
32.332578,0.000000,0.002325,2.722988,0.000000,3501.132738
4.113681,76.304190,0.477201,4.986197,31.765372,81.281516
33.006840,0.000000,0.001348,1.818316,0.000000,3543.561880
98.880286,18.041723,0.017620,22.104901,17.129088,87.198785
22.416794,0.000000,0.004302,2.911614,0.000000,3472.830434
38.374880,26.564882,1.197425,22.104901,17.647162,59.726532
24.149694,0.000000,0.005135,3.183515,0.000000,3451.433438
16.010908,0.000000,0.004305,2.188581,0.000000,3505.826950
25.855017,0.000000,0.003137,2.728919,0.000000,3492.530987
21.026130,0.000000,0.003724,2.538112,0.000000,3495.023709
20.285037,0.000000,0.003858,2.512771,0.000000,3494.929123
24.992639,0.000000,0.003081,2.622719,0.000000,3497.487196
21.046927,0.000000,0.004766,2.906067,0.000000,3468.369014
44.759106,8.035848,0.000000,22.104901,18.117189,73.074841
26.226199,0.000000,0.003572,2.991102,0.000000,3476.915052
20.411282,0.000000,0.003921,2.549228,0.000000,3492.751245
65.754130,0.586138,0.432830,10.235082,0.000000,56.809925
18.109747,0.000000,0.003778,2.258177,0.000000,3506.857884
4.546140,0.000000,0.004878,0.701057,0.000000,3573.705707
19.274286,0.000000,0.004543,2.634313,0.000000,3483.215498
35.300397,0.000000,0.001605,2.261817,0.000000,3525.373760
24.162840,0.000000,0.003885,2.929866,0.000000,3476.277775
15.836990,9.713523,0.105894,13.002718,26.078421,63.333368
26.734973,0.000000,0.002868,2.655085,0.000000,3498.262958
13.289510,0.000000,0.004222,1.838329,0.000000,3522.533963
13.860095,0.000000,0.005169,2.128769,0.000000,3502.024234
33.910132,0.000000,0.858226,4.986197,0.000000,3020.127953
100.000000,18.668178,0.618148,22.104901,17.341968,85.458291
23.255825,0.000000,0.003926,2.852000,0.000000,3479.296122
78.649413,16.233689,0.160269,22.104901,18.551548,83.360684
7.064241,34.544995,0.593746,6.130599,47.189997,83.925182
11.775549,0.000000,0.002967,1.260406,0.000000,3555.100467
51.108880,86.891232,0.402020,22.104901,18.411916,73.910931
18.458463,0.000000,0.004250,2.448540,0.000000,3494.379832
15.569668,0.000000,0.004455,2.177043,0.000000,3505.200746
21.437666,0.000000,0.003771,2.598895,0.000000,3491.930405
19.793320,0.000000,0.005918,3.000395,0.000000,3455.611977
16.388278,0.000000,0.003133,1.821872,0.000000,3530.523981
16.992061,0.000000,0.006620,2.878640,0.000000,3458.481069
28.372317,0.000000,0.003394,3.102749,0.000000,3474.129535
100.000000,83.620489,0.000000,22.104901,15.284338,82.141201
52.917043,50.696371,0.249998,22.104901,16.720785,71.661987
40.429633,100.000000,0.000000,22.104901,16.723868,73.016218
14.214184,0.000000,0.004220,1.964216,0.000000,3516.755853
23.723676,0.000000,0.004301,3.028315,0.000000,3467.562439
36.962784,0.000000,0.003401,3.622570,0.000000,3452.389105
36.652028,0.000000,0.003698,3.705732,0.000000,3445.061232
13.338239,17.487044,0.536475,9.673498,29.715143,60.869563
19.520059,0.000000,0.008353,3.426035,0.000000,3422.358353
18.871461,0.000000,0.003857,2.364350,0.000000,3501.506959
25.306872,0.000000,0.005385,3.320105,0.000000,3442.669300
7.781340,18.895739,0.172774,7.588979,40.485502,78.770228
24.413097,0.000000,0.000398,0.445684,0.000000,3595.035038
93.388281,29.961827,0.000000,22.104901,16.265442,81.738094
19.635248,0.000000,0.003396,2.272879,0.000000,3509.354645
27.773406,31.489965,1.000504,18.149477,23.227265,61.865751
31.170753,0.000000,0.004308,3.529869,0.000000,3445.095210
19.250525,0.000000,0.003936,2.431608,0.000000,3497.844719
14.941063,0.000000,0.003075,1.639264,0.000000,3538.596736
21.197280,0.000000,0.004030,2.673855,0.000000,3486.196377
17.668808,0.000000,0.004800,2.517945,0.000000,3486.338523
17.965991,0.000000,0.003571,2.173886,0.000000,3512.201987
25.248105,0.000000,0.003990,3.074564,0.000000,3468.796625
16.552624,9.401580,0.045528,14.009564,23.010894,63.247858
6.562522,0.000000,0.002642,0.646421,0.000000,3581.742995
20.297170,0.000000,0.003939,2.543643,0.000000,3492.839076
51.002730,1.376977,0.000000,22.104901,18.795858,79.424552
19.484348,0.000000,0.004340,2.593544,0.000000,3486.952850
18.365690,0.000000,0.003439,2.166740,0.000000,3513.559318
20.065751,0.000000,0.004301,2.646290,0.000000,3484.904216
31.272732,0.000000,0.001038,1.364967,0.000000,3561.769693
24.984180,0.000000,0.004613,3.165679,0.000000,3457.999577
7.057859,3.500348,0.000000,8.053853,58.396070,95.165159
23.494022,0.000000,0.003632,2.748477,0.000000,3486.749344
5.969705,0.000000,0.005130,0.949504,0.000000,3560.688162
15.500314,0.000000,0.004578,2.199572,0.000000,3503.200210
37.499958,65.674074,0.000000,22.104901,17.677730,71.804455
57.910755,0.000000,1.641029,5.030506,0.000000,3012.056984
22.030373,0.000000,0.004358,2.889286,0.000000,3473.271784
18.640407,21.674225,0.041534,15.912678,26.403636,66.440186
97.037024,3.360931,1.106660,22.104901,4.174200,57.880346
21.752266,0.000000,0.003507,2.521939,0.000000,3497.709143
22.876769,18.838850,0.282472,16.785560,25.932699,63.330170
17.007647,0.000000,0.004343,2.312458,0.000000,3499.826244
24.918335,0.000000,0.004134,3.079422,0.000000,3467.048036
22.816823,0.000000,0.003800,2.752715,0.000000,3484.917481
25.526920,0.000000,0.003784,3.025000,0.000000,3473.174480
22.458909,0.000000,0.003131,2.421451,0.000000,3505.387641
0.000000,0.000000,0.006400,0.058586,0.000000,3608.164443
18.440458,0.000000,0.004425,2.500749,0.000000,3490.460865
0.000000,60.980883,0.015116,2.154439,0.000000,3578.107636
44.372050,0.058091,0.605571,4.986197,0.000000,1690.714269
9.559496,87.090088,1.657381,8.476789,35.188971,70.400983
17.548682,0.000000,0.003684,2.169764,0.000000,3511.492663
16.227114,0.000000,0.004753,2.330516,0.000000,3495.617035
19.291818,0.000000,0.002489,1.790023,0.000000,3536.269045
44.089157,0.000000,0.002823,3.757655,0.000000,3454.663203
28.614436,0.000000,1.248358,3.872578,0.000000,2835.639654
24.797538,0.000000,0.003651,2.887656,0.000000,3480.539232
14.709570,0.000000,0.003894,1.920513,0.000000,3521.004371
13.965149,0.000000,0.003171,1.569474,0.000000,3540.967029
20.476442,0.000000,0.221805,3.872578,0.000000,3277.311100
9.471969,0.000000,0.002589,0.913818,0.000000,3570.978762
18.363253,14.607146,0.104800,14.986921,24.772679,65.389664
18.006936,0.000000,0.002894,1.881744,0.000000,3529.700491
12.194456,31.182608,0.843807,9.617189,34.564398,64.692980
3.632867,0.000000,0.003703,0.465639,0.000000,3587.318132
21.173568,0.000000,0.004233,2.746447,0.000000,3481.000442
12.684516,0.000000,0.004019,1.696402,0.000000,3530.306261
21.335917,0.000000,0.004294,2.786899,0.000000,3478.573985
26.042332,0.000000,0.005525,3.416843,0.000000,3437.288496
21.594724,0.000000,0.003549,2.524067,0.000000,3497.234541
25.418837,0.000000,0.002387,2.270276,0.000000,3518.120362
13.046510,7.223196,0.198377,9.617189,30.686795,63.576110
39.712774,0.000000,0.002227,3.149576,0.000000,3485.878348
20.171646,0.000000,0.003958,2.537387,0.000000,3492.941559
24.746914,1.685467,0.310085,11.183437,5.015082,39.534659
24.863065,0.000000,0.004441,3.128812,0.000000,3461.542849
38.686677,0.000000,0.002689,3.438126,0.000000,3469.017211
21.169809,0.000000,0.003684,2.537025,0.000000,3495.431074
13.509192,0.000000,0.002272,1.169138,0.000000,3562.017932
19.726673,0.000000,0.004683,2.731798,0.000000,3477.355061
7.334924,0.000000,0.198182,2.740436,0.000000,3288.942939
18.898144,0.000000,0.004153,2.466598,0.000000,3494.390725
23.296633,0.000000,0.005636,3.226561,0.000000,3445.916199
24.190111,0.000000,0.003740,2.867627,0.000000,3480.491022
93.993371,89.212651,2.000000,22.104901,17.381516,86.581265
27.368729,11.967791,1.112684,15.216303,15.513886,47.668108
20.136210,0.000000,0.003389,2.317675,0.000000,3507.505104
0.625223,16.259816,0.001903,2.869173,6.129021,202.255808
100.000000,8.365598,0.287263,22.104901,17.791923,88.283640
32.154716,0.000000,0.003533,3.389017,0.000000,3460.475234
18.686906,13.293844,0.076389,15.233755,23.506292,61.682818
19.878813,0.000000,0.004366,2.646914,0.000000,3484.274213
32.196799,0.000000,0.002897,3.130474,0.000000,3478.696424
19.535825,0.000000,0.004045,2.499882,0.000000,3493.842242
24.031922,0.000000,0.001892,1.778040,0.000000,3540.820036
31.646094,0.000000,0.004263,3.550748,0.000000,3444.711574
12.717825,0.000000,0.004947,1.941245,0.000000,3512.782570
12.975245,0.000000,0.004108,1.761633,0.000000,3526.782442
100.000000,22.301040,0.025932,22.104901,16.335313,85.807662
26.965045,0.000000,1.073856,3.872578,0.000000,2854.789278
55.108943,72.842771,1.798545,22.104901,18.707328,72.113399
29.752746,0.000000,0.002930,2.946850,0.000000,3485.758262
12.581855,0.000000,0.003303,1.459805,0.000000,3544.903424
8.272287,0.000000,0.001786,0.589667,0.000000,3585.982419
16.738489,0.000000,0.003208,1.893844,0.000000,3526.957452
24.969280,30.694606,0.554594,17.643609,21.985540,60.628492
21.994176,0.000000,0.000000,0.055351,0.000000,3608.188443
21.419244,0.000000,0.003761,2.592860,0.000000,3492.291209
8.624850,0.000000,0.002094,0.701815,0.000000,3580.919172
29.767164,46.923641,0.244328,21.065271,22.351338,66.604438
4.163430,0.000000,0.006896,0.848910,0.000000,3563.307383
0.000000,7.793868,0.219736,1.008569,0.000000,3584.709004
17.663088,0.000000,0.003230,2.007284,0.000000,3521.987851
19.408300,80.216218,0.867659,14.986921,23.654271,63.084283
0.000000,0.000000,0.003659,0.056119,0.000000,3608.190304
20.033779,0.000000,0.004655,2.759593,0.000000,3476.324609
16.017724,0.000000,0.005024,2.371094,0.000000,3491.412895
20.517339,0.000000,0.003934,2.565373,0.000000,3491.913881
29.492733,0.000000,0.003455,3.213575,0.000000,3468.767834
24.665502,0.000000,0.003010,2.556799,0.000000,3500.897264
16.992940,0.000000,0.003201,1.919321,0.000000,3525.924280
28.170227,8.106427,0.099858,19.804243,26.281509,67.796942
55.814983,0.000000,0.003402,4.502234,0.000000,3416.535811
19.592235,0.000000,0.004152,2.542740,0.000000,3490.959527
37.461888,1.176256,0.367720,12.201571,0.470954,40.931086
27.887358,0.000000,0.004314,3.311029,0.000000,3454.756819
25.818311,0.000000,0.003965,3.106152,0.000000,3467.682024
20.786842,0.000000,0.003513,2.430302,0.000000,3501.593278
13.260831,0.000000,0.006373,2.359935,0.000000,3485.800161
23.204455,0.000000,0.003777,2.783062,0.000000,3483.809717
26.990833,14.683898,0.192181,19.135796,25.545033,66.093147
13.832974,0.000000,0.004756,2.040628,0.000000,3509.366261
43.285069,0.000000,0.004131,4.174532,0.000000,3419.315971
28.036979,0.000000,0.003784,3.206805,0.000000,3465.308575
54.439569,0.000000,0.000000,0.055351,0.000000,3608.188443
0.000000,17.245712,0.854298,0.988523,0.000000,3617.557356
20.277920,0.000000,0.003332,2.308476,0.000000,3508.377918
93.289938,0.000000,0.111177,6.001611,0.000000,3176.907271
0.000000,51.774350,0.000000,2.754945,0.000000,3658.099723
28.606993,0.000000,0.003091,2.947727,0.000000,3483.957688
100.000000,23.569836,0.031325,22.104901,16.393801,83.713289
22.868223,0.000000,0.003764,2.742969,0.000000,3485.690003
20.154432,0.000000,0.002085,1.619305,0.000000,3545.564943
15.076205,0.000000,0.004397,2.105328,0.000000,3508.973686
14.572609,0.000000,0.001885,1.080045,0.000000,3567.138383
17.238980,0.000000,0.004163,2.286012,0.000000,3502.501058
35.135480,0.000000,0.003194,3.450070,0.000000,3462.108277
29.206323,0.000000,0.003648,3.245510,0.000000,3465.196768
9.044856,0.000000,0.012678,2.509854,0.000000,3455.176898
37.544262,16.842777,1.679499,16.779927,14.640713,52.023269
100.000000,0.000000,0.395254,6.130599,0.000000,3107.921576
29.953640,0.000000,0.003331,3.207140,0.000000,3470.461157
14.794677,0.000000,0.002666,1.453445,0.000000,3548.687750
27.988520,0.000000,0.002162,2.305732,0.000000,3518.699365
7.203125,0.000000,0.004786,1.091361,0.000000,3554.903671
16.337018,66.378484,0.000000,14.986921,26.170463,66.971834
17.345778,0.000000,0.009023,3.279264,0.000000,3426.605816
26.530890,0.000000,0.003433,2.948956,0.000000,3480.203274
31.604038,0.000000,0.002212,2.585310,0.000000,3507.552841
7.905944,94.138795,0.224594,8.476789,32.932798,74.125926
42.875126,0.000000,0.005154,4.252810,0.000000,3401.766433
57.059077,12.809590,0.256007,22.104901,19.378717,75.367244
22.962150,0.000000,0.004608,3.022166,0.000000,3464.633954
29.275347,54.013398,0.885403,20.320214,22.329351,64.186497
19.165625,0.000000,0.004502,2.608882,0.000000,3484.766938
16.130774,0.000000,0.004511,2.256877,0.000000,3501.045430
33.213181,0.000000,0.004257,3.653182,0.000000,3440.265539
20.148772,0.000000,0.003814,2.482139,0.000000,3496.675320
20.299652,0.000000,0.001352,1.126659,0.000000,3567.965439
24.911834,0.000000,0.003435,2.794697,0.000000,3486.740822
19.186210,0.000000,0.005281,2.822630,0.000000,3467.257339
58.402244,12.781941,0.000000,22.104901,17.548632,73.898592
29.994664,0.000000,0.004957,3.589188,0.000000,3434.513539
18.789936,0.000000,0.004209,2.472530,0.000000,3493.642762
85.852642,0.068226,0.366203,6.130599,0.000000,347.312408
23.115443,0.000000,0.002192,1.932569,0.000000,3532.794011
3.261777,0.000000,0.005155,0.529451,0.000000,3581.928455
17.909390,0.000000,0.003703,2.212586,0.000000,3509.467366
24.018589,0.000000,0.004457,3.073142,0.000000,3463.900537
31.202638,0.000000,0.003311,3.271275,0.000000,3468.035031
61.395426,27.604295,0.262254,22.104901,17.802870,73.203331
18.471531,0.000000,0.004562,2.545921,0.000000,3487.148394
9.900741,0.000000,0.001714,0.679574,0.000000,3582.786243
15.922706,0.000000,0.003970,2.086849,0.000000,3512.992063
0.000000,0.000000,0.002041,0.055713,0.000000,3608.190549
31.633832,2.759414,0.196853,16.587785,18.312284,53.707521
21.499158,0.000000,0.004532,2.890923,0.000000,3471.447454
100.000000,24.355463,0.228014,22.104901,17.604143,89.559573
51.957068,88.741948,0.052725,22.104901,17.174980,73.056259
12.625242,0.000000,0.003236,1.442327,0.000000,3546.020399
36.377711,47.090272,0.000000,22.104901,17.059467,70.750163
25.617541,0.000000,0.003904,3.081590,0.000000,3469.413942
11.132245,0.000000,0.004109,1.514146,0.000000,3538.110409
17.547952,0.000000,0.004425,2.397874,0.000000,3495.208501
10.263444,0.000000,0.004335,1.449849,0.000000,3539.885406
12.266909,0.000000,0.002985,1.318559,0.000000,3552.573654
18.957140,0.000000,0.003810,2.356799,0.000000,3502.242765
30.188331,0.000000,0.003390,3.236276,0.000000,3468.563266
0.000000,100.000000,0.000000,2.116392,0.000000,3577.452106
100.000000,32.027577,0.687234,22.104901,17.106454,84.906255
43.430976,3.240520,0.012756,22.104901,18.998344,72.098709
19.541175,0.000000,0.003834,2.426199,0.000000,3498.968936
30.254245,0.000000,0.003266,3.202927,0.000000,3471.393356
45.897583,0.000000,0.005255,4.394896,0.000000,3393.968052
17.785907,0.000000,0.005594,2.772301,0.000000,3468.319779
8.812238,58.435738,0.958748,8.476789,49.217151,81.853209
15.668716,0.000000,0.016058,3.482184,0.000000,3384.925756
29.002061,0.000000,0.003464,3.187790,0.000000,3469.739964
38.995038,0.000000,0.005407,4.105341,0.000000,3405.342219
0.000000,54.524727,0.085006,2.315518,0.000000,3567.130244
71.716269,0.000000,0.000000,0.055351,0.000000,3608.188443
100.000000,16.043717,0.036869,22.104901,17.715947,86.762885
23.349940,0.000000,0.005470,3.189567,0.000000,3448.535642
38.237113,0.000000,0.155123,4.807787,0.000000,3155.058799
38.791490,0.000000,0.005074,4.068455,0.000000,3411.135339
17.012143,0.000000,0.003722,2.127048,0.000000,3513.080471
38.148520,0.000000,0.002040,2.866726,0.000000,3498.674170
19.041106,0.000000,0.003781,2.355625,0.000000,3502.532299
15.575115,0.000000,0.002381,1.397956,0.000000,3552.468233
20.247566,0.000000,0.004140,2.610509,0.000000,3488.015991
29.187340,0.000000,0.006921,3.879252,0.000000,3407.389140
49.375462,13.595052,0.151188,22.104901,19.890039,72.055041
6.233573,0.000000,0.005691,1.079587,0.000000,3553.139486
18.306884,0.000000,0.004107,2.386667,0.000000,3498.398686
100.000000,0.000000,0.000000,0.055351,0.000000,3608.188443
13.587592,0.000000,0.003143,1.517189,0.000000,3543.350390
17.748274,0.000000,0.003166,1.987044,0.000000,3523.316251
17.569265,0.000000,0.004361,2.381642,0.000000,3496.497263
34.827405,0.000000,0.001331,1.896159,0.000000,3540.982629
35.896131,0.000000,0.003129,3.467950,0.000000,3462.206690
37.819830,11.037069,0.182474,22.104901,18.319508,67.550776
24.081266,0.000000,0.003728,2.851099,0.000000,3481.332571
0.000000,0.000000,0.002540,0.055713,0.000000,3608.191742
8.798649,0.000000,0.004774,1.328077,0.000000,3543.480538
61.442359,0.000000,0.002459,4.334050,0.000000,3437.865696
100.000000,0.000000,0.720384,6.130599,0.000000,3175.962742
24.573456,0.000000,0.004756,3.159110,0.000000,3456.740647
0.000000,15.869948,0.000000,2.182782,0.000000,3689.556076
95.130870,43.285949,0.653903,22.104901,17.687580,86.667446
20.978383,0.000000,0.004241,2.727543,0.000000,3481.780783
5.519325,41.203825,0.296934,6.130599,38.565477,80.490528
15.980473,0.000000,0.004153,2.144046,0.000000,3509.027201
15.131645,0.000000,0.006287,2.618543,0.000000,3473.022998
23.053896,0.000000,0.004092,2.899467,0.000000,3475.502943
29.242473,0.000000,0.006746,3.858410,0.000000,3409.353616
25.588627,0.000000,0.003422,2.853128,0.000000,3484.388006
1.008020,0.000000,0.004861,0.174571,0.000000,3600.462893
17.121484,0.000000,0.004130,2.263261,0.000000,3503.798699
44.785828,0.000000,0.006509,4.606312,0.000000,3375.421508
5.091036,9.454702,0.000000,6.137084,24.354633,79.159279
0.000000,88.892219,0.000000,2.125430,0.000000,3577.054941
12.343420,0.000000,0.004096,1.673260,0.000000,3530.897818
28.803555,0.000000,0.004985,3.506872,0.000000,3437.991314
25.905453,0.000000,0.005056,3.303793,0.000000,3446.648308
50.905982,0.000000,0.002061,3.626474,0.000000,3470.084837
10.210515,0.000000,1.774442,2.817893,0.000000,3563.253843
17.558244,0.000000,0.000000,0.055351,0.000000,3608.188443
12.951702,0.000000,0.004479,1.865883,0.000000,3519.557857
23.857634,0.000000,0.007545,3.642401,0.000000,3415.659864
7.273422,0.000000,0.181304,2.680335,0.000000,3118.993043
29.430573,0.000000,0.006302,3.806199,0.000000,3414.316667
82.935067,14.713627,0.053205,22.104901,17.647836,82.088319
21.894978,0.000000,0.004133,2.789043,0.000000,3480.042745
27.011941,88.750745,0.142931,20.320214,26.095441,70.166586
39.486492,0.000000,0.004418,4.052920,0.000000,3420.614293
20.631507,0.000000,0.003659,2.472800,0.000000,3498.454758
15.452145,0.000000,0.000912,0.604551,0.000000,3587.995628
17.708044,0.000000,0.004279,2.373123,0.000000,3497.575033
14.317954,0.000000,0.004338,2.004120,0.000000,3514.088665
16.513352,0.000000,0.004490,2.296022,0.000000,3499.391361
23.802223,0.000000,0.006082,3.379251,0.000000,3436.219727
0.000000,8.041920,0.269583,0.902628,0.000000,3639.658892
10.549531,0.000000,0.001945,0.805297,0.000000,3577.351616
18.685703,0.000000,0.004092,2.422993,0.000000,3496.895206
98.500758,0.000000,0.005173,5.770460,0.000000,3338.772682
23.377735,0.000000,0.005105,3.121131,0.000000,3454.718062
31.376885,0.000000,0.002754,2.963921,0.000000,3487.047101
20.309982,0.000000,0.003950,2.549302,0.000000,3492.481103
17.080435,0.000000,0.004715,2.423561,0.000000,3491.543708
26.030078,0.000000,0.003980,3.122444,0.000000,3466.813028
53.323318,0.000000,0.069400,5.161048,0.000000,3150.202599
23.892654,0.000000,0.004098,2.993097,0.000000,3471.260942
2.046681,0.000000,0.005648,0.364741,0.000000,3590.029198
19.870448,0.000000,0.004511,2.693921,0.000000,3480.748755
61.038770,0.000000,0.000000,0.055351,0.000000,3608.188443
1.675714,18.248042,0.541253,2.313672,7.580599,112.050243
17.992542,0.000000,0.004129,2.358986,0.000000,3499.467923
43.539047,2.892390,0.203638,22.104901,17.235695,59.041294
79.597703,1.320246,0.143978,22.104901,15.975776,65.732805
25.246731,0.000000,0.003332,2.774879,0.000000,3488.630283
27.045374,65.588066,0.225997,19.761602,25.834595,69.816503
13.742778,0.000000,0.004092,1.859501,0.000000,3522.421171
30.108549,0.000000,0.005111,3.628038,0.000000,3430.803840
22.258117,0.000000,0.003882,2.728581,0.000000,3485.182083
29.579982,0.000000,0.006197,3.798819,0.000000,3415.251443
31.001998,0.000000,0.004217,3.496998,0.000000,3447.635152
28.229627,0.000000,0.003976,3.261638,0.000000,3460.774427
12.744955,0.000000,0.004473,1.834815,0.000000,3521.053351
68.374927,88.425036,0.012504,22.104901,17.297331,78.455176
41.319240,5.983552,2.000000,13.068641,0.000000,47.320283
80.623153,59.326793,1.005951,22.104901,18.419472,84.817468
24.228838,0.000000,0.003025,2.526219,0.000000,3502.021308
21.934273,0.000000,0.002648,2.134589,0.000000,3521.301431
6.674377,0.000000,0.001091,0.323376,0.000000,3597.479956
51.714131,0.000000,0.000678,1.518827,0.000000,3559.919278
27.752326,66.328315,1.815677,18.430854,22.951099,63.670721
20.043985,0.000000,0.007240,3.281741,0.000000,3435.286480
21.375772,0.000000,0.003869,2.631136,0.000000,3489.600582
15.582850,0.000000,0.006050,2.615310,0.000000,3474.167299
25.684672,56.994163,0.264714,19.135796,26.602815,69.057192
0.000000,0.000000,0.004622,0.056869,0.000000,3608.183663
55.724284,5.247608,0.150742,22.104901,20.178422,74.443050
18.989595,0.000000,0.003136,2.108976,0.000000,3518.412734
10.494429,2.345681,1.116312,4.262919,0.000000,195.869683
0.000000,0.000000,0.004098,0.056426,0.000000,3608.187879
21.220839,0.000000,0.004844,2.927977,0.000000,3466.559871
20.491374,0.000000,0.004000,2.586726,0.000000,3490.365423
19.868532,0.000000,0.004204,2.591129,0.000000,3488.300264
17.282506,0.000000,0.004877,2.491448,0.000000,3486.913400
18.367513,0.000000,0.002805,1.873159,0.000000,3530.685087
20.882300,0.000000,0.001183,1.029625,0.000000,3572.285020
66.445156,11.593727,0.000000,22.104901,16.662687,75.361087
49.560672,0.000000,0.001806,3.290529,0.000000,3485.792735
21.145892,0.000000,0.004050,2.675929,0.000000,3485.912597
0.000000,0.000000,0.004652,0.056896,0.000000,3608.183387
29.582298,0.000000,0.003164,3.078794,0.000000,3477.731909
30.791196,0.000000,0.003745,3.365621,0.000000,3458.944529
19.391650,0.000000,0.004014,2.473699,0.000000,3495.285855
22.354529,0.000000,0.003357,2.514702,0.000000,3499.399100
19.833089,0.000000,0.003375,2.283492,0.000000,3509.078606
52.842285,14.944006,0.074201,22.104901,17.974691,72.698728
21.237141,0.000000,0.004365,2.801374,0.000000,3477.219180
36.811624,0.000000,0.003878,3.773911,0.000000,3439.833611
21.342262,0.000000,0.004240,2.767872,0.000000,3479.961734
40.613880,0.000000,0.000672,1.185714,0.000000,3570.479359
100.000000,5.092998,1.036176,22.104901,8.799250,55.351659
20.190858,0.000000,0.003047,2.182707,0.000000,3516.049861
72.037977,5.895489,0.000000,22.104901,17.498973,78.394214
46.324106,0.000000,0.000000,0.055351,0.000000,3608.188443
22.419986,0.000000,0.003500,2.584396,0.000000,3495.083855
71.194677,14.799654,0.000000,22.104901,17.528714,78.729256
23.150916,0.000000,0.004092,2.909666,0.000000,3475.055993
28.248297,0.000000,0.001984,2.170785,0.000000,3525.348985
16.136978,0.000000,0.004099,2.146352,0.000000,3509.333676
22.121243,0.000000,0.004398,2.914432,0.000000,3471.721300
25.420185,0.000000,0.003713,2.979850,0.000000,3475.900213
25.560580,0.000000,0.003950,3.086837,0.000000,3468.691382
26.279812,0.000000,0.003845,3.111333,0.000000,3468.756706
4.699849,0.000000,0.002861,0.495070,0.000000,3587.549688
42.785350,9.065743,0.000000,22.104901,17.421342,71.091574
75.696590,87.292579,0.270831,22.104901,17.461442,79.302772
25.894743,0.000000,0.003371,2.856013,0.000000,3484.797935
19.326275,0.000000,0.002545,1.825498,0.000000,3534.462883
31.436950,0.000000,0.001422,1.815975,0.000000,3543.004193
3.237325,0.000000,0.002524,0.320299,0.000000,3595.652336
12.447221,0.000000,0.000000,0.055351,0.000000,3608.188443
21.346600,0.000000,0.005979,3.145049,0.000000,3448.204472
20.966550,0.000000,0.003545,2.460556,0.000000,3500.011343
22.320483,0.000000,0.003008,2.351794,0.000000,3509.373509
15.151934,0.000000,0.234617,3.525324,0.000000,3284.689922
43.346306,0.000000,0.002471,3.551096,0.000000,3467.484041
71.769388,14.371492,0.191721,22.104901,18.961806,81.180170
19.238288,0.000000,0.003772,2.372711,0.000000,3501.858166
44.585840,16.956237,1.272848,22.104901,15.769621,58.661820
27.102985,0.000000,0.004718,3.334062,0.000000,3449.112252
17.977654,0.000000,0.004156,2.365860,0.000000,3498.928340
26.008182,0.000000,0.004956,3.295329,0.000000,3448.190205
20.410528,0.000000,0.003970,2.567321,0.000000,3491.498072
22.597872,0.000000,0.002907,2.327197,0.000000,3511.274194
21.917521,0.000000,0.003976,2.730375,0.000000,3484.190377
24.643423,0.000000,0.001826,1.769294,0.000000,3541.610090
0.000000,8.821512,0.035002,2.071722,0.000000,3578.771994
31.975071,0.000000,0.003324,3.317813,0.000000,3465.964298
20.027578,0.000000,0.003962,2.523414,0.000000,3493.529376
14.954554,0.000000,0.004247,2.054040,0.000000,3512.447074
19.537970,0.000000,0.003038,2.117599,0.000000,3518.827296
9.450728,0.000000,0.003689,1.192900,0.000000,3554.705715
19.360193,0.000000,0.004185,2.528311,0.000000,3491.315670
27.692448,0.000000,0.003682,3.162818,0.000000,3468.332683
24.504032,0.000000,0.003743,2.901114,0.000000,3479.000362
31.706523,3.798824,0.108948,20.414574,24.954394,68.128900
16.966920,0.000000,0.004001,2.208174,0.000000,3507.303903
36.686316,0.000000,0.003413,3.611353,0.000000,3452.690592
16.424646,0.000000,0.004205,2.207782,0.000000,3505.724022
6.833729,0.000000,0.005678,1.179360,0.000000,3548.057287
0.000000,3.814938,1.172347,0.709048,0.000000,3631.303017
23.232007,0.000000,0.004672,3.050500,0.000000,3462.656226
75.501657,33.579164,0.128695,22.104901,18.178546,80.053935
21.809613,0.000000,0.003863,2.674183,0.000000,3487.757536
24.178261,0.000000,0.003322,2.669844,0.000000,3493.164159
73.117454,53.027668,0.169463,22.104901,17.232245,77.289579
20.351312,0.000000,0.004200,2.643131,0.000000,3485.988716
15.094980,0.000000,0.005823,2.477938,0.000000,3481.970192
18.972087,0.000000,0.004214,2.494664,0.000000,3492.587876
20.465945,0.000000,0.002611,1.971363,0.000000,3528.142903
21.932721,0.000000,0.003691,2.616887,0.000000,3491.891358
14.563800,0.000000,0.004122,1.979412,0.000000,3516.747174
26.111167,0.000000,0.003101,2.732090,0.000000,3492.767677
10.153337,0.000000,0.003077,1.119267,0.000000,3560.550668
28.596420,5.497081,0.020200,20.614016,26.729034,70.133733
51.196749,49.609420,0.000000,22.104901,17.390498,72.562957
15.136540,0.000000,0.003675,1.895363,0.000000,3523.629846
21.655543,0.000000,0.004839,2.959069,0.000000,3465.161877
22.345364,0.000000,0.005490,3.115061,0.000000,3452.050201
11.752370,0.000000,0.004267,1.639800,0.000000,3531.424799
17.248068,0.000000,0.005256,2.584457,0.000000,3479.011159
19.185826,0.000000,0.002835,1.971705,0.000000,3526.430935
20.461261,0.000000,0.003617,2.439115,0.000000,3500.297558
23.760754,0.000000,0.002905,2.424857,0.000000,3507.292486
10.103949,18.506855,0.434426,8.476789,29.897283,63.454034
21.798095,0.000000,0.003236,2.408999,0.000000,3504.967970
48.993185,20.146418,0.088372,22.104901,18.218002,73.155837
19.290019,0.000000,0.004076,2.483757,0.000000,3494.294221
16.366358,18.752801,0.406313,12.161819,27.666310,61.673046
15.852867,0.000000,0.004593,2.245270,0.000000,3500.932256
18.124805,0.000000,0.004249,2.410827,0.000000,3496.107185
15.808733,0.000000,0.003856,2.042372,0.000000,3515.826938
19.908502,0.000000,0.004012,2.528358,0.000000,3492.865576
23.138106,0.000000,0.003638,2.715685,0.000000,3488.106577
19.601116,0.000000,0.004119,2.532377,0.000000,3491.724439
24.108418,0.000000,0.005003,3.161775,0.000000,3453.916739
16.323489,0.000000,0.075679,3.489041,0.000000,3193.339232
15.684100,0.000000,0.003034,1.702169,0.000000,3536.217503
19.723348,0.000000,0.004110,2.542807,0.000000,3491.331702
18.135831,0.000000,0.004190,2.393972,0.000000,3497.367468
29.266108,0.000000,0.003749,3.273901,0.000000,3462.819219
Kpx,Kpa,Kda,MaxAngle, Overshoot, J
81.472369,84.071726,1.706062,22.104901,19.055482,83.159936
90.579194,25.428218,1.244110,22.104901,17.057256,76.036659
12.698682,81.428483,0.701905,11.871692,31.148730,65.704165
91.337586,24.352497,1.026499,22.104901,16.460675,79.589439
63.235925,92.926362,0.803616,22.104901,17.774609,76.203209
9.754040,34.998377,0.151933,9.617189,42.480160,78.655722
27.849822,19.659525,0.479832,18.619931,23.139588,65.329718
54.688152,25.108386,0.246638,22.104901,18.232024,73.218016
95.750684,61.604468,0.367816,22.104901,18.175708,88.503498
96.488854,47.328885,0.479905,22.104901,17.648979,87.594176
15.761308,35.165951,0.834534,11.871692,29.811613,65.132903
97.059278,83.082863,0.099309,22.104901,17.182307,83.655558
95.716695,58.526409,1.805432,22.104901,17.617706,83.248810
48.537565,54.972361,1.889574,22.104901,18.905596,67.185609
80.028047,91.719366,0.981728,22.104901,18.589562,82.859271
14.188634,28.583902,0.978505,10.135764,23.057758,57.952494
42.176128,75.720023,0.675439,22.104901,19.133338,70.630009
91.573553,75.372909,1.800108,22.104901,18.438110,88.664773
79.220733,38.044585,0.738494,22.104901,19.106911,85.869398
95.949243,56.782164,0.222406,22.104901,17.947832,84.347747
65.574070,7.585429,1.560504,22.104901,8.491187,51.404029
3.571168,5.395012,0.779478,2.817893,3.199260,76.273595
84.912931,53.079755,0.483383,22.104901,18.111347,85.659453
93.399325,77.916723,0.807824,22.104901,18.130954,84.810899
67.873515,93.401068,0.192909,22.104901,17.297331,75.966159
75.774013,12.990621,0.263947,22.104901,19.013813,81.103691
74.313247,56.882366,1.884101,22.104901,18.158265,75.137664
39.222702,46.939064,1.912269,22.104901,17.754579,61.771942
65.547789,1.190207,1.150417,9.214254,0.000000,69.918279
17.118669,33.712264,0.119559,14.986921,27.130255,66.545934
70.604609,16.218231,0.469560,22.104901,18.114862,75.866458
3.183285,79.428454,0.706317,3.872578,22.719578,82.573729
27.692298,31.121504,1.642388,15.912678,16.672354,52.532034
4.617139,52.853314,0.030807,6.130599,21.100462,76.202252
9.713178,16.564873,0.086048,9.617189,42.930497,78.848961
82.345783,60.198194,0.337980,22.104901,18.873109,85.404847
69.482862,26.297128,1.298231,22.104901,17.682497,70.316875
31.709948,65.407910,1.463445,20.788804,23.636274,66.502448
95.022205,68.921450,1.295492,22.104901,17.381516,87.834418
3.444608,74.815159,0.901847,3.872578,25.874824,78.645245
43.874436,45.054160,1.094018,22.104901,18.538704,68.486375
38.155846,8.382138,0.592642,20.508663,16.421176,55.158291
76.551679,22.897697,1.489386,22.104901,16.087218,67.590446
79.519990,91.333736,0.377910,22.104901,16.772788,79.634866
18.687260,15.237802,1.373551,11.088336,18.898666,48.236157
48.976440,82.581698,0.367022,22.104901,18.468138,70.224606
44.558620,53.834244,0.736969,22.104901,18.013094,68.695816
64.631301,99.613472,1.251237,22.104901,17.550911,75.690057
70.936483,7.817553,1.560455,22.104901,8.463921,55.352347
75.468668,44.267827,0.162252,22.104901,18.385185,80.018817
27.602508,10.665277,1.858772,12.870393,4.948382,43.670835
67.970268,96.189808,1.551425,22.104901,17.579107,73.252209
65.509800,0.463422,0.973583,6.195542,0.000000,157.599792
16.261174,77.491046,0.871717,13.002718,24.368124,64.508695
11.899768,81.730322,0.893567,10.742832,30.470534,68.381170
49.836405,86.869471,0.612699,22.104901,18.249357,70.985419
95.974396,8.443585,1.017017,22.104901,12.336826,60.996724
34.038573,39.978265,1.021543,21.827432,22.305975,67.387225
58.526775,25.987040,1.635255,22.104901,16.022069,61.592805
22.381194,80.006848,1.589663,15.912678,24.298985,63.675445
75.126706,43.141383,1.288636,22.104901,17.181631,75.173783
25.509512,91.064759,0.757219,19.135796,26.107012,66.997221
50.595705,18.184703,1.623161,22.104901,15.501351,56.378044
69.907672,26.380292,1.065651,22.104901,17.919499,72.288429
89.090325,14.553898,0.701454,22.104901,16.601902,76.304650
95.929143,13.606856,1.878003,22.104901,11.736658,60.340842
54.721553,86.929221,1.751886,22.104901,19.832881,74.912464
13.862444,57.970459,1.100313,10.742832,25.255936,60.082071
14.929401,54.986020,1.244950,11.871692,29.403297,62.923686
25.750825,14.495480,1.174089,14.921901,17.677689,49.708536
17.175673,0.000000,0.832464,3.872578,0.000000,2827.490817
46.853386,79.124555,2.000000,22.104901,17.404832,67.732758
6.301818,81.433418,1.433796,6.130599,43.081618,76.943598
32.044981,19.935368,1.198656,17.643609,17.809006,55.111613
100.000000,100.000000,1.675280,22.104901,17.158722,86.925335
0.000000,59.169039,0.884656,1.420187,0.000000,3615.032348
0.000000,45.546131,0.000000,1.598696,0.000000,3583.129310
0.000000,100.000000,0.000000,2.116392,0.000000,3577.452106
35.836829,100.000000,2.000000,22.104901,18.323072,65.732195
82.342564,64.207618,0.000000,22.104901,17.013858,83.327162
0.000000,0.000000,0.000000,0.055351,0.000000,3608.188443
100.000000,25.867905,0.368588,22.104901,17.902179,89.591194
80.362321,100.000000,2.000000,22.104901,17.294851,77.610498
0.000000,0.000000,2.000000,0.633945,0.000000,3629.533847
100.000000,89.497672,0.000000,22.104901,15.259645,82.682811
100.000000,0.000000,0.401738,6.130599,0.000000,3183.762315
28.727522,100.000000,0.502633,20.788804,25.198203,69.346341
6.019782,100.000000,2.000000,6.130599,40.232465,78.626493
25.994966,38.148342,0.000000,19.761602,25.018545,70.325985
75.867609,50.421606,1.786706,22.104901,17.890996,78.478928
86.451206,0.000000,2.000000,6.130599,0.000000,3079.436586
0.000000,45.428831,0.235075,1.781978,0.000000,3576.005873
100.000000,0.000000,0.000000,0.055351,0.000000,3608.188443
100.000000,0.000000,0.492137,6.130599,0.000000,3117.579263
6.657797,98.164034,0.113806,7.286218,27.804258,80.388883
0.000000,0.000000,0.000000,0.055351,0.000000,3608.188443
29.581939,100.000000,2.000000,19.761602,23.263725,64.593006
0.000000,100.000000,0.707495,1.839034,0.000000,3643.741176
48.864476,50.126917,0.642741,22.104901,18.655095,71.910474
18.847491,0.000000,0.484699,3.872578,0.000000,3358.578580
0.000000,51.331386,0.000000,2.833400,0.000000,3428.180876
0.000000,83.519341,0.000000,2.129801,0.000000,3576.862839
93.915516,100.000000,2.000000,22.104901,17.430868,87.890703
0.000000,85.631442,0.000000,2.128083,0.000000,3576.938354
100.000000,82.637600,1.513303,22.104901,17.842932,88.727376
100.000000,50.033690,2.000000,22.104901,18.240371,89.216009
66.976837,11.423259,2.000000,22.104901,9.082304,52.666928
48.985461,100.000000,0.776504,22.104901,19.431331,71.875414
37.224592,0.000000,1.665397,4.986197,0.000000,3336.332545
0.000000,0.000000,0.000000,0.055351,0.000000,3608.188443
100.000000,0.000000,2.000000,6.130599,0.000000,3194.837068
48.453104,0.000000,2.000000,4.986197,0.000000,3267.993734
81.201562,95.801240,2.000000,22.104901,18.486190,82.934909
20.470755,100.000000,0.000000,16.785560,25.676349,66.835688
16.244764,0.000000,1.788718,3.889806,0.000000,3152.315218
76.269659,60.418407,0.000000,22.104901,17.461442,78.610953
83.968439,59.746926,0.408110,22.104901,18.205313,84.424498
41.644648,81.309355,0.427200,22.104901,16.812702,68.539228
41.772546,42.326729,0.070988,22.104901,17.087665,69.901894
100.000000,72.421966,0.000000,22.104901,15.331388,81.200136
0.000000,0.000000,1.519469,0.615606,0.000000,3628.561759
100.000000,81.153066,0.000000,22.104901,15.294705,81.739134
100.000000,0.000000,1.407087,6.130599,0.000000,3253.902436
81.421626,100.000000,0.743784,22.104901,18.573024,85.016371
0.000000,8.507372,1.755744,0.631277,0.000000,3629.399373
0.000000,0.237066,1.492205,0.619046,0.000000,3627.762451
59.752901,0.000000,1.626553,4.986197,0.000000,3308.850459
73.578722,0.000000,0.000000,0.055351,0.000000,3608.188443
0.000000,23.718321,0.000000,2.727120,0.000000,3677.422537
71.051244,44.695399,0.795902,22.104901,19.451345,80.308327
0.000000,100.000000,1.424439,1.412711,0.000000,3626.641292
59.336128,100.000000,1.436780,22.104901,17.643842,72.419040
49.313971,0.000000,1.216685,4.986197,0.000000,3101.826950
100.000000,78.709073,2.000000,22.104901,17.103124,87.859412
100.000000,0.000000,1.662234,6.130599,0.000000,3212.710770
100.000000,0.000000,2.000000,6.130599,0.000000,3194.837068
100.000000,97.460819,1.889755,22.104901,17.242184,89.048840
0.000000,100.000000,0.330954,2.105879,0.000000,3578.043820
58.653484,36.889723,0.000000,22.104901,16.431032,75.335401
0.000000,100.000000,1.662308,1.412450,0.000000,3627.070087
56.108677,100.000000,1.068864,22.104901,18.643878,74.941773
92.915029,100.000000,0.227420,22.104901,16.265442,82.394516
8.895561,81.429316,1.345242,8.476789,49.165090,80.507389
45.115037,24.632253,1.046027,22.104901,18.560661,66.109157
45.474033,89.213039,1.548747,22.104901,18.874924,70.352212
68.070106,23.406213,0.915054,22.104901,17.363746,71.523036
35.694656,14.795278,0.584199,21.826824,20.113560,61.399892
32.368282,0.000000,0.195389,4.402899,0.000000,3098.689472
0.000000,13.464744,0.034432,2.257092,0.000000,3684.450397
66.574164,0.000000,0.553677,4.986197,0.000000,3156.203979
0.000000,0.000000,0.000000,0.055351,0.000000,3608.188443
97.052090,0.000000,0.166962,6.130599,0.000000,3175.549433
88.564668,74.324779,1.863955,22.104901,18.024295,80.250142
100.000000,49.879313,1.576039,22.104901,17.753422,88.779184
0.000000,0.000000,0.840535,0.768941,0.000000,3625.622373
0.000000,21.766227,0.069345,1.686007,0.000000,3605.647444
31.940154,98.770849,0.469577,21.827432,22.270160,68.858787
0.080139,7.880946,0.000000,2.556280,0.000000,1969.784006
0.000000,0.000000,0.992335,0.783293,0.000000,3626.238731
0.000000,22.654738,1.980847,0.649568,0.000000,3630.322941
0.000000,1.965278,1.649079,0.622727,0.000000,3628.968935
2.890763,31.989131,0.000000,4.500607,15.487790,92.044704
100.000000,0.000000,0.000000,0.055351,0.000000,3608.188443
23.828172,87.186337,0.145904,18.430854,24.245495,65.276668
100.000000,0.000000,0.000000,0.055351,0.000000,3608.188443
0.000000,0.000000,0.000000,0.055351,0.000000,3608.188443
77.596221,35.373068,1.738631,22.104901,16.771699,73.413212
42.133694,26.123337,0.989067,22.104901,18.098261,64.311559
40.944417,54.097884,0.000000,22.104901,16.877296,71.191681
0.000000,13.823470,0.344360,1.059567,0.000000,3622.743426
100.000000,73.014238,0.421670,22.104901,17.662618,88.397718
100.000000,0.000000,0.401249,6.130599,0.000000,3164.168876
85.879440,0.000000,0.000000,0.055351,0.000000,3608.188443
2.723409,0.000000,0.016460,1.051397,0.000000,3537.798168
0.000000,0.000000,2.000000,0.633945,0.000000,3629.533847
99.441298,37.358621,0.000000,22.104901,15.526773,82.342187
70.436651,29.882675,0.433554,22.104901,18.909532,83.348276
0.000000,75.119325,0.000000,2.136636,0.000000,3576.562514
0.000000,56.531998,0.000000,2.753866,0.000000,3709.670789
0.000000,0.000000,0.000000,0.055351,0.000000,3608.188443
19.386616,88.175586,0.381120,15.912678,25.464184,66.592845
27.873052,10.098551,0.193225,19.135796,23.241870,64.756939
92.328078,5.415414,0.000000,22.104901,15.867343,81.698693
16.024945,12.750997,0.179740,13.002718,24.900794,62.651910
0.000000,4.855025,0.281963,0.858031,0.000000,3621.352447
91.307877,0.000000,0.111689,5.950948,0.000000,3167.477968
0.000000,1.943472,0.083701,0.733202,0.000000,3654.223178
91.407034,0.000000,0.000000,0.055351,0.000000,3608.188443
0.000000,22.425443,0.489383,1.340346,0.000000,3643.765421
15.249498,0.000000,0.038248,3.529051,0.000000,3303.376474
29.273232,3.956166,0.807057,12.680549,2.930391,39.599314
0.000000,7.791040,1.588384,0.624736,0.000000,3629.069958
93.920109,0.297904,0.994731,6.130599,0.000000,260.923059
100.000000,0.479296,0.585733,10.807243,0.000000,76.978420
17.143668,92.653048,1.292523,14.009564,23.651870,60.007943
44.874051,0.000000,0.658003,4.986197,0.000000,3056.720547
74.950387,12.439043,1.413002,22.104901,13.108121,59.287206
100.000000,0.000000,0.000000,0.055351,0.000000,3608.188443
60.078362,0.000000,0.992447,4.986197,0.000000,3273.782885
57.259601,35.779108,0.000000,22.104901,17.212998,74.243342
97.782616,4.519141,1.006185,22.104901,7.935823,57.034862
47.785984,0.000000,0.124478,4.986197,0.000000,3116.317876
29.313936,21.456131,0.000000,21.212890,23.865446,71.228968
63.164579,89.121440,0.681784,22.104901,17.948317,79.177348
0.000000,18.415136,0.026439,2.260193,0.000000,3576.185558
87.201873,7.915679,0.000000,22.104901,16.973316,80.845968
79.705949,31.468914,0.000000,22.104901,18.162345,81.881800
16.485651,0.000000,0.000000,0.055351,0.000000,3608.188443
18.220509,53.508550,1.989267,12.582727,26.089657,59.617374
50.662180,0.000000,1.363153,4.986197,0.000000,2756.192600
100.000000,0.000000,0.482333,6.130599,0.000000,3162.794402
72.638073,0.000000,0.000000,0.055351,0.000000,3608.188443
9.671222,0.000000,0.000000,0.055351,0.000000,3608.188443
60.801637,26.246746,0.093192,22.104901,18.570012,76.029385
5.743834,0.000000,0.000000,0.055351,0.000000,3608.188443
0.000000,0.000000,0.000000,0.055351,0.000000,3608.188443
28.503021,0.000000,0.440310,3.872578,0.000000,3220.176721
100.000000,27.848418,0.372785,22.104901,17.713077,90.475217
16.229309,0.000000,0.000000,0.055351,0.000000,3608.188443
36.643815,30.305461,0.485077,22.104901,18.831913,67.094381
0.000000,0.000000,0.000000,0.055351,0.000000,3608.188443
81.545217,100.000000,0.000000,22.104901,17.013858,82.634817
0.000000,25.291226,0.368603,1.382324,0.000000,3589.438241
0.000000,85.304910,0.000000,2.128349,0.000000,3576.926680
40.206542,52.375372,1.639951,22.104901,17.038278,64.440290
15.930302,49.563608,0.912889,12.548948,30.237442,64.758044
43.992669,79.513924,0.391740,22.104901,17.245488,68.599092
28.098646,0.000000,2.000000,3.872578,0.000000,3244.637311
64.751476,50.709439,1.380142,22.104901,18.724800,75.280281
62.213124,0.000000,0.000000,0.055351,0.000000,3608.188443
16.200052,8.852167,0.000000,14.428360,23.927083,67.795201
3.641136,0.000000,0.265598,1.820952,0.000000,3384.150962
100.000000,0.000000,0.000000,0.055351,0.000000,3608.188443
0.000000,100.000000,0.000000,2.116392,0.000000,3577.452106
100.000000,0.000000,0.000000,0.055351,0.000000,3608.188443
0.000000,0.000000,0.000000,0.055351,0.000000,3608.188443
25.102078,0.000000,0.000000,0.055351,0.000000,3608.188443
100.000000,0.000000,1.797933,6.130599,0.000000,3257.707741
41.249692,0.000000,1.497915,4.986197,0.000000,3036.608939
15.089853,37.902154,0.000000,14.009564,21.067656,64.733320
76.664547,15.418665,0.827938,22.104901,16.602055,70.624212
0.000000,100.000000,0.832408,2.108357,0.000000,3708.039506
77.039756,0.000000,0.000000,0.055351,0.000000,3608.188443
5.719159,0.000000,0.034565,2.364360,0.000000,3403.580447
100.000000,19.777910,0.000000,22.104901,15.552573,81.516078
88.772785,14.867837,0.151109,22.104901,18.171452,87.917944
92.920070,29.613998,0.000000,22.104901,16.165526,83.338967
80.626141,0.000000,1.673338,6.130599,0.000000,3064.127016
18.047148,66.386937,0.163982,14.986921,23.273021,65.434503
2.212701,0.000000,0.014349,0.779471,0.000000,3558.116063
0.000000,92.605204,0.000000,2.122409,0.000000,3577.187699
35.428527,7.833375,0.000000,22.104901,16.888330,70.006603
82.904908,0.000000,0.376156,6.130599,0.000000,3025.238558
100.000000,0.000000,0.312929,6.130599,0.000000,3186.420664
2.107622,16.543747,0.000000,4.033103,8.512467,91.023650
7.475538,18.748183,0.185440,7.286218,53.122321,88.166638
64.590761,0.000000,0.119498,5.218421,0.000000,3126.488711
17.654074,0.000000,0.020046,3.727500,0.000000,3354.033272
91.775047,0.000000,0.572849,6.130599,0.000000,3108.735029
0.000000,19.248750,0.140763,1.752288,0.000000,3626.957706
46.335085,11.004824,0.828640,22.104901,16.214036,59.220031
100.000000,11.958771,1.789303,22.104901,10.873461,57.078724
38.100383,0.333261,0.505849,4.986197,0.000000,150.308328
0.000000,0.000000,0.460836,0.627517,0.000000,3600.664674
15.515734,78.363194,0.000000,14.009564,22.253321,65.788180
74.566866,100.000000,0.000000,22.104901,17.864180,80.258237
100.000000,16.933660,0.000000,22.104901,15.564523,81.680062
49.356717,0.000000,0.000000,0.055351,0.000000,3608.188443
100.000000,11.214909,2.000000,22.104901,10.145051,59.509179
69.469306,19.875358,2.000000,22.104901,13.215463,60.216809
100.000000,0.000000,0.669436,6.130599,0.000000,3262.150720
44.235770,91.868176,0.000000,22.104901,16.476247,70.814920
11.914164,27.057149,0.457471,9.617189,36.223582,68.663635
0.000000,0.000000,0.000000,0.055351,0.000000,3608.188443
100.000000,32.197470,0.000000,22.104901,15.500392,80.279372
70.654889,23.272349,0.025422,22.104901,17.555227,78.381339
36.539682,1.826814,1.556924,6.824792,0.000000,73.520004
34.619866,0.000000,0.000000,0.055351,0.000000,3608.188443
0.000000,0.000000,1.084563,0.641906,0.000000,3611.784932
42.389823,21.097042,0.000000,22.104901,17.798506,74.336410
46.008957,29.601548,1.002400,22.104901,18.306027,64.983295
50.333422,0.000000,0.000000,0.055351,0.000000,3608.188443
3.907677,0.000000,0.017888,1.550851,0.000000,3502.100148
87.792778,13.871354,0.000000,22.104901,17.315838,83.647864
0.000000,0.000000,0.007228,0.059326,0.000000,3608.155774
0.697291,0.000000,0.005807,0.141384,0.000000,3601.761788
0.000000,1.577070,0.046430,0.152557,0.000000,3605.131329
65.853262,43.586231,0.444965,22.104901,18.246494,76.105386
34.081549,0.000000,0.000000,0.055351,0.000000,3608.188443
50.157385,46.823180,0.224885,22.104901,18.432482,72.953027
0.099296,0.000000,0.020358,0.061473,0.000000,3604.831589
81.385717,0.000000,0.058130,5.608221,0.000000,3198.461854
100.000000,4.155866,0.058691,22.104901,19.325370,97.926930
53.908514,0.000000,0.381073,4.986197,0.000000,3153.566519
92.480842,100.000000,1.309117,22.104901,18.110874,86.722918
20.659929,0.000000,1.492693,3.872578,0.000000,2973.806530
17.484819,0.000000,0.203614,3.866777,0.000000,3172.279005
84.554981,2.150910,0.000000,22.104901,17.675152,83.510586
100.000000,53.980794,0.058335,22.104901,15.520997,84.816594
52.209923,0.000000,0.001882,3.544599,0.000000,3475.513793
90.884537,8.075657,0.477833,22.104901,16.599161,73.920501
19.634772,7.797517,0.929159,10.618566,14.183300,44.182653
95.276077,0.000000,0.010789,6.079130,0.000000,3294.075706
87.843513,47.398495,0.378946,22.104901,18.591673,88.516225
100.000000,0.000000,0.000000,0.055351,0.000000,3608.188443
0.000000,0.000000,0.000000,0.055351,0.000000,3608.188443
0.000000,0.000000,0.000000,0.055351,0.000000,3608.188443
0.000000,51.277400,1.084839,1.314050,0.000000,3656.085871
39.945399,0.989988,1.032643,6.321852,0.000000,79.474874
99.193707,38.331938,0.145840,22.104901,17.338631,86.311420
0.000000,0.000000,0.249323,0.797963,0.000000,3745.542744
6.123607,0.000000,0.366400,2.593252,0.000000,3338.148147
79.179181,0.000000,0.000000,0.055351,0.000000,3608.188443
1.380235,0.000000,0.016773,0.544503,0.000000,3571.478462
13.783204,37.623625,0.051198,13.002718,30.802051,69.478171
65.325617,47.487292,0.502308,22.104901,17.956591,75.918522
69.340399,23.690124,1.304941,22.104901,17.394161,69.787351
0.000000,7.938165,2.000000,0.639661,0.000000,3629.822090
32.235161,53.278716,0.597183,21.622634,20.291917,66.214569
4.646671,0.000000,0.030134,2.101729,0.000000,3435.399804
13.718852,0.000000,0.536207,3.251453,0.000000,3429.921735
46.791017,0.000000,0.304845,4.986197,0.000000,3173.389422
52.938429,0.705556,1.055204,6.195542,0.000000,103.399533
50.395320,100.000000,0.489686,22.104901,18.086401,72.881112
13.548568,12.611751,0.353325,9.840087,26.129641,58.899397
0.000000,100.000000,0.390036,2.104434,0.000000,3578.149458
84.286423,61.782178,0.733992,22.104901,18.582521,86.233509
35.662986,0.000000,0.014022,4.697918,0.000000,3328.879073
100.000000,4.962697,0.427342,22.104901,15.542900,73.579921
68.563314,44.463821,0.086268,22.104901,17.297331,79.129082
25.442046,10.065078,1.415411,12.423097,6.353598,42.756070
0.000000,100.000000,0.890401,1.685326,0.000000,3647.868842
0.000000,0.288068,0.166564,0.586675,0.000000,3607.365241
24.551982,100.000000,0.489573,18.430854,26.080847,67.652412
5.761828,0.000000,1.012040,2.774933,0.000000,2971.089496
1.076133,81.956511,0.528279,2.740162,5.464069,123.700092
89.903807,0.000000,1.213667,6.130599,0.000000,3216.800270
0.000000,0.000000,0.017080,0.061600,0.000000,3608.124193
39.159724,25.855415,0.701757,22.104901,18.600853,65.048003
0.000000,41.840681,0.679251,1.424193,0.000000,3666.073201
34.810940,7.076238,0.547675,17.590923,15.706953,53.474181
0.000000,60.857695,0.730856,1.357534,0.000000,3595.849687
19.722955,0.000000,1.796577,3.872578,0.000000,2931.947033
3.559401,0.000000,0.024456,1.669883,0.000000,3480.577034
0.000000,16.382892,0.787205,1.070613,0.000000,3618.614413
93.917107,29.797451,0.660115,22.104901,17.227214,85.231399
0.000000,0.000000,1.134444,0.892733,0.000000,3603.093402
25.551485,0.000000,0.002213,2.150736,0.000000,3524.219184
10.008222,20.005304,0.000000,10.742832,27.974603,73.236183
8.533612,27.142170,0.098776,8.476789,53.108391,83.364477
0.000000,100.000000,0.433002,2.103383,0.000000,3578.226282
0.000000,0.000000,0.001825,0.055738,0.000000,3608.189783
0.000000,0.000000,0.037564,0.068394,0.000000,3608.201189
63.383867,0.348970,1.167764,6.130599,0.000000,455.236748
0.189172,0.000000,0.014434,0.081060,0.000000,3603.762835
1.464311,0.000000,0.012194,0.462624,0.000000,3579.872379
0.283400,0.965876,0.000000,0.383023,0.000000,546.325865
0.000000,48.119330,0.247671,2.204321,0.000000,3686.055015
4.903564,0.000000,0.014452,1.675128,0.000000,3501.113203
77.280187,43.736234,0.000000,22.104901,17.527689,79.667231
0.208522,0.000000,0.042751,0.153043,0.000000,3594.013098
72.347799,91.028768,0.137992,22.104901,17.753966,81.129396
59.127525,46.136652,1.496644,22.104901,18.921586,70.302113
52.530154,28.126721,1.846979,22.104901,16.573150,58.331387
100.000000,84.729004,0.050156,22.104901,15.367996,82.982851
5.156279,29.928750,0.000000,6.130599,25.986763,76.574465
0.000000,93.692723,0.219278,2.112603,0.000000,3577.618613
44.301977,77.045393,0.045785,22.104901,16.476247,70.749234
0.000000,27.082252,0.000000,2.659106,0.000000,3680.307229
0.000000,0.000000,0.008189,0.060066,0.000000,3608.146953
63.586178,0.000000,0.801824,4.986197,0.000000,3057.157518
22.318695,6.409380,1.213891,9.823110,3.022180,40.135909
4.462520,0.000000,0.017821,1.730520,0.000000,3490.189102
100.000000,0.000000,0.803438,6.130599,0.000000,3205.683108
16.689562,0.000000,0.010631,3.346955,0.000000,3415.326183
3.603346,0.000000,0.006633,0.715144,0.000000,3570.766366
4.221535,0.000000,0.010073,1.140947,0.000000,3541.677048
38.609543,86.097712,0.000000,22.104901,17.450827,70.023053
33.034534,0.843328,0.000000,21.623712,20.250426,57.095035
0.000000,0.000000,0.136536,0.216312,0.000000,3606.345542
100.000000,9.195239,0.000000,22.104901,15.388040,81.871684
100.000000,35.761781,0.038792,22.104901,15.059167,79.217370
29.984838,0.000000,0.000570,0.753054,0.000000,3584.680891
0.000000,0.000000,0.000000,0.055351,0.000000,3608.188443
0.000000,22.786432,0.088788,1.665126,0.000000,3594.970808
0.000000,71.060309,0.455596,1.791493,0.000000,3583.977324
41.495760,0.000000,1.495637,4.986197,0.000000,3456.991418
27.136695,87.579626,0.000000,20.320214,25.941425,67.859520
79.070604,11.681966,1.276101,22.104901,13.612017,58.963138
1.467577,0.000000,0.024772,0.740074,0.000000,3550.651756
35.559268,50.639194,1.553562,22.104901,18.695856,64.454314
19.683911,10.698400,0.780516,12.053412,16.944405,49.014754
0.000000,21.785762,2.000000,0.649632,0.000000,3630.326175
0.000000,94.912080,0.495493,2.104343,0.000000,3578.156072
24.249811,0.000000,1.592540,3.872578,0.000000,2774.320374
71.957367,0.000000,0.060533,5.475433,0.000000,3180.081742
0.000000,100.000000,0.726419,1.889057,0.000000,3581.116081
61.733067,0.000000,0.000000,0.055351,0.000000,3608.188443
19.504061,5.808513,0.491024,11.474274,13.665657,46.035157
100.000000,46.737552,0.088415,22.104901,17.150961,84.879449
0.000000,6.212955,0.389770,0.923394,0.000000,3645.813254
68.017193,0.000000,0.182321,5.207231,0.000000,3150.414385
9.976263,1.821458,0.392562,5.063756,31.368431,54.736753
21.085517,0.000000,0.459914,3.872578,0.000000,2963.588415
2.665660,66.579922,0.830445,3.872578,18.834269,80.244722
86.048568,0.000000,0.665174,6.130599,0.000000,2977.163146
0.000000,1.292861,1.508382,0.617177,0.000000,3628.690236
3.362888,0.000000,0.034997,1.793720,0.000000,3451.231893
0.000000,42.045792,0.000000,2.875208,0.000000,3615.983211
99.637588,50.352818,0.000000,22.104901,15.466135,81.195410
0.000000,13.123310,0.746915,0.875810,0.000000,3638.887736
5.840919,26.369527,0.616996,4.986197,41.980471,79.778609
36.045055,8.674339,0.689464,18.044990,15.824827,52.706084
0.333021,0.000000,0.004316,0.075947,0.000000,3605.899428
88.675784,0.000000,0.493208,6.130599,0.000000,3320.307115
57.736614,11.003276,1.596935,22.104901,11.842661,55.631888
25.047323,76.901909,1.291010,17.643609,23.575506,64.513163
15.576265,0.000000,0.004648,2.225877,0.000000,3501.413969
17.007133,46.125152,0.289910,14.009564,24.526905,63.008592
0.000000,0.000000,1.044235,0.569947,0.000000,3618.439523
34.701689,0.000000,1.150745,4.986197,0.000000,2820.982082
100.000000,0.000000,0.008215,6.050268,0.000000,3307.341477
3.706025,1.069971,0.024819,3.813325,26.778813,67.049011
5.473496,0.000000,1.066322,2.391789,0.000000,3260.437210
0.862627,0.000000,0.023967,0.428213,0.000000,3575.198475
0.974208,0.085683,0.010247,0.463085,0.000000,1904.004868
0.595139,0.293562,0.000000,0.535661,0.000000,1008.187561
45.280645,14.474730,0.000000,22.104901,17.148971,71.471581
0.000000,0.126712,0.015407,0.062142,0.000000,3608.183805
69.156570,24.984753,0.470746,22.104901,18.682159,78.316352
1.710031,0.000000,0.026090,0.889200,0.000000,3537.822336
50.456996,100.000000,0.123952,22.104901,17.390498,72.275253
23.681108,36.409625,1.925041,14.009564,18.571864,53.002113
0.000000,68.101828,0.808053,1.372738,0.000000,3591.057309
0.000000,7.596233,0.000000,2.426097,0.000000,3726.884436
0.000000,34.178520,0.702057,1.331090,0.000000,3590.017944
17.007085,100.000000,0.348685,14.986921,25.793431,64.051202
58.816748,100.000000,2.000000,22.104901,19.488707,73.981544
69.966439,0.000000,0.012734,5.688729,0.000000,3296.034952
5.338712,0.000000,0.020583,2.111558,0.000000,3457.683870
0.000000,1.715857,1.112360,0.947009,0.000000,3602.079465
0.000000,0.000000,0.565764,0.835837,0.000000,3615.861346
0.000000,1.145722,0.020888,0.072241,0.000000,3605.596814
42.096622,22.960088,0.991851,22.104901,16.262461,61.693432
13.083751,0.000000,0.017134,3.236008,0.000000,3395.333731
9.284214,0.000000,0.014404,2.645333,0.000000,3441.369393
8.443405,0.000000,0.027574,2.768932,0.000000,3390.383480
38.649870,32.725880,0.893910,22.104901,17.711356,63.698360
30.834736,0.895166,0.293650,10.173690,0.720323,42.165214
0.209539,0.547958,0.077185,0.234220,0.000000,1543.912313
1.941350,16.110201,0.484494,2.666141,13.156815,83.415779
0.000000,100.000000,0.199044,2.109106,0.000000,3577.807973
0.000000,0.000000,0.005867,0.058072,0.000000,3608.170390
4.214619,0.000000,0.025793,1.933793,0.000000,3458.095591
10.094448,0.000000,0.098722,3.048991,0.000000,3156.223365
26.811964,0.000000,0.000000,0.055351,0.000000,3608.188443
28.054815,4.709296,0.632642,13.336433,8.012965,40.124662
39.683936,100.000000,0.659211,22.104901,18.505230,69.491700
100.000000,0.000000,0.976531,6.130599,0.000000,3114.371219
6.744138,0.000000,0.012259,1.999188,0.000000,3486.739224
31.182408,86.274769,2.000000,20.537472,22.487961,64.677968
0.000000,13.533973,0.698919,1.078086,0.000000,3610.240384
87.185300,20.374068,1.301799,22.104901,16.664866,73.377978
63.230355,45.568457,0.154509,22.104901,18.405546,77.231743
8.812851,19.787350,2.000000,6.002085,31.259755,55.815557
95.419236,3.345087,0.000000,22.104901,16.639240,83.730178
20.550534,31.101284,0.521858,15.107467,23.170492,60.591907
100.000000,0.000000,0.001394,4.489186,0.000000,3450.545222
0.000000,1.079139,1.593659,0.620093,0.000000,3628.836680
66.201823,39.601865,0.171778,22.104901,17.774145,78.202999
14.674441,0.000000,0.017101,3.410523,0.000000,3384.959987
50.102961,94.066788,0.691578,22.104901,18.249357,72.098498
49.150281,2.579924,0.890674,13.379529,1.146396,45.751589
0.000000,54.902003,0.000000,2.905468,0.000000,3963.191561
3.680659,100.000000,0.451201,4.986197,22.046279,77.908497
100.000000,25.890745,0.000000,22.104901,15.526890,78.870063
100.000000,11.699118,0.000000,22.104901,15.470636,82.957724
1.195703,0.801331,0.023225,1.346388,0.069045,100.482718
72.251506,0.000000,0.550827,5.136213,0.000000,3152.749596
11.056783,49.217412,2.000000,8.199545,30.660221,64.747392
70.730694,35.412512,0.365143,22.104901,19.415510,82.002938
38.797053,68.320246,0.000000,22.104901,17.200523,72.200378
32.625871,27.462558,0.000000,22.060149,22.594362,72.156678
0.000000,0.938291,0.000000,0.067584,0.000000,3606.058580
100.000000,20.778904,0.326077,22.104901,18.527844,92.253944
16.539661,0.000000,1.574659,3.872578,0.000000,3218.709668
41.747552,100.000000,0.025070,22.104901,16.115759,68.590540
0.000000,0.651500,0.004455,0.064949,0.000000,3607.099365
10.909134,14.365867,1.313953,6.864513,23.351707,52.647208
25.458657,0.252246,1.358152,3.872578,0.000000,1823.925035
96.455852,38.406448,2.000000,22.104901,16.726898,76.832173
75.608988,0.043349,0.000000,18.388781,0.001289,40.920095
5.496188,0.803858,0.001240,6.345025,23.799162,55.509739
1.149090,14.757323,0.235848,2.188815,5.448464,111.225956
2.048050,0.000000,0.029199,1.135022,0.000000,3514.412743
0.435095,0.179935,0.008106,0.296077,0.000000,1989.225128
1.382589,1.154013,0.021896,1.793289,10.141682,83.818689
62.432392,0.000000,0.173196,5.040636,0.000000,3137.259724
9.014878,0.050061,0.015880,3.307790,0.000000,251.243092
59.623272,19.839253,0.725725,22.104901,18.509344,70.816963
3.192883,0.637086,0.005969,3.464593,5.053486,57.496278
27.573386,0.000000,0.000000,0.055351,0.000000,3608.188443
2.267174,0.000000,0.539436,1.820952,0.000000,3405.429291
65.525027,88.749633,0.086354,22.104901,17.636624,77.131736
55.750616,0.000000,0.989417,4.986197,0.000000,3275.143061
1.378087,29.943342,1.005906,1.985390,6.614067,99.684350
24.035364,27.098007,0.372027,17.643609,24.993386,64.123007
64.653264,27.771905,0.000000,22.104901,17.721003,78.063994
100.000000,23.629856,1.098770,22.104901,17.246717,82.857496
1.879181,0.385764,0.029853,1.635119,0.000000,131.744562
0.398103,9.706748,1.595723,0.990724,0.000000,3566.809875
4.090522,7.666155,0.035251,4.986197,26.029285,79.034921
7.913858,0.192468,0.020368,4.216419,0.000000,66.593760
0.000000,81.462841,0.492563,1.810971,0.000000,3608.338388
25.184296,0.355371,0.003603,17.041935,12.334373,36.520298
7.727571,0.940346,0.017744,6.948608,36.782921,62.741739
2.809044,0.656791,0.044156,2.448635,3.337915,60.411582
24.233949,0.000000,1.453921,3.872578,0.000000,3122.979145
0.000000,0.594055,0.844239,0.818572,0.000000,3627.519825
0.440031,1.150712,0.011900,0.586169,0.000000,195.576004
0.000000,14.253644,0.850628,0.971250,0.000000,3622.938646
1.805970,64.381467,0.450146,2.817893,11.060537,97.120919
37.119670,0.000000,0.017346,4.762768,0.000000,3310.549257
7.493991,0.000000,0.049196,2.705639,0.000000,3339.915325
15.056893,2.969781,0.091064,10.733279,30.936710,65.535750
40.079151,0.000000,0.004814,4.106596,0.000000,3412.945854
0.000000,25.458265,0.000000,2.152414,0.000000,3615.692127
10.342398,75.133364,2.000000,8.476789,31.016130,62.926897
32.464461,81.421360,0.470382,21.978005,22.373561,66.785317
5.937859,1.070001,0.021916,5.578672,36.496153,67.536876
15.905377,11.105919,0.000000,14.009564,22.067257,64.872452
20.642301,5.532325,0.000000,16.918603,29.209049,69.879733
92.644366,14.978002,0.000000,22.104901,16.202954,83.632316
96.513969,8.080734,0.000000,22.104901,16.095063,83.889924
0.000000,37.703267,1.844119,1.256064,0.000000,3619.482938
72.654905,73.458131,0.041888,22.104901,16.913249,78.507056
52.458797,0.000000,0.000000,0.055351,0.000000,3608.188443
62.865151,0.341231,0.000933,22.104901,12.275790,47.143313
11.070514,0.000000,2.000000,2.817893,0.000000,3218.514672
17.632109,7.949337,0.119495,14.009564,24.489789,61.541622
36.067792,14.765015,0.000000,22.104901,17.503423,70.580174
0.000000,100.000000,1.310681,1.412836,0.000000,3626.436462
75.007436,2.108860,1.072435,12.884755,0.856570,51.344976
12.770417,100.000000,0.683344,11.871692,34.704821,69.374746
15.249122,0.000000,0.357950,3.689457,0.000000,3094.400914
18.019992,93.390095,0.288595,14.986921,25.007177,65.272790
0.000000,16.496819,0.190225,1.713433,0.000000,3531.587200
0.000000,1.682795,0.010276,0.117963,0.000000,3604.532507
74.922571,13.491407,1.400115,22.104901,13.643546,61.008021
0.000000,0.000000,0.000000,0.055351,0.000000,3608.188443
81.669783,38.869661,0.004690,22.104901,17.013858,80.630729
66.416965,100.000000,0.229722,22.104901,17.499324,77.806347
14.758171,13.513388,0.385575,10.742832,26.399990,58.793221
19.929866,1.477997,0.009981,15.915890,28.664652,70.023819
61.629539,8.377638,0.177002,22.104901,19.357525,77.229477
0.000000,1.241633,0.660448,0.690589,0.000000,3611.702227
50.660848,0.000000,0.323900,4.986197,0.000000,3197.910714
15.733129,0.665603,0.025792,10.481209,20.299499,44.285372
4.578837,15.972088,1.356619,3.560669,11.246407,68.121156
43.059856,10.921395,0.000000,22.104901,17.783798,72.124747
68.184757,76.436715,1.492161,22.104901,18.571267,78.102773
32.304203,0.758235,0.000406,21.353669,20.073830,54.268108
2.348008,0.000000,0.000000,0.055351,0.000000,3608.188443
25.587307,40.504642,0.122101,19.135796,26.822857,68.245567
2.994818,0.684975,0.031541,2.775748,5.677151,58.620345
0.747844,0.634863,0.012995,0.789700,0.000000,220.100611
0.270634,1.802513,0.006750,1.488613,0.000000,331.994870
28.058712,12.196521,0.211506,19.377786,23.878084,65.368168
7.805294,1.238269,0.000000,8.574494,44.150908,75.988973
5.382198,13.311537,0.000000,6.605695,28.154245,83.272045
4.824021,1.337881,0.000000,6.019303,40.712207,78.671864
0.000000,0.000000,0.014961,0.061705,0.000000,3608.137975
11.137360,84.423473,0.000000,10.742832,28.523466,71.827701
100.000000,79.582588,0.952528,22.104901,17.747817,93.516967
100.000000,100.000000,0.868086,22.104901,17.662618,89.008914
17.941106,0.000000,0.399242,3.872578,0.000000,3021.334185
10.622313,2.198692,0.153487,7.065364,33.605949,59.332343
56.416564,0.000000,1.693957,4.986197,0.000000,3135.271399
70.392915,22.175828,1.249602,22.104901,16.696171,66.664297
0.000000,0.810105,0.040049,0.087123,0.000000,3606.769825
19.785344,13.330954,2.000000,9.683654,9.314098,44.545886
8.252493,11.212453,0.253939,7.286218,39.239619,75.690876
9.473219,0.000000,0.016209,2.774069,0.000000,3427.165475
88.086816,40.967899,0.000000,22.104901,16.176100,82.273164
40.594032,0.558260,0.000000,22.104901,14.596096,49.750951
5.258799,1.454077,0.010128,5.917128,45.846959,85.519621
0.000000,0.581251,0.003996,0.066920,0.000000,3607.319969
0.000000,47.711552,0.721452,1.449023,0.000000,3599.617057
51.908906,1.167361,0.610074,11.257224,0.000000,47.145415
3.184950,1.614047,0.000000,4.490739,37.581147,93.822554
69.294202,12.797421,0.339341,22.104901,18.800538,77.638557
7.547675,4.660878,0.823034,4.402709,1.302659,47.730677
61.390229,0.104850,0.002703,21.563963,0.118487,35.731341
7.586679,1.288210,0.000000,8.385613,45.279812,78.269171
6.409040,15.263370,0.000000,7.286218,33.868319,78.236747
5.802146,0.000000,0.023542,2.271590,0.000000,3438.299854
28.677142,21.171382,1.743764,15.374993,13.602303,46.387522
0.000000,32.866933,0.000000,2.646161,0.000000,3659.697547
0.000000,81.754746,0.116085,2.126514,0.000000,3577.007272
1.500017,2.320363,0.032558,2.181899,27.290767,102.624203
26.679258,0.000000,1.590317,3.872578,0.000000,2965.582693
41.643522,0.000000,0.528080,4.986197,0.000000,3027.746926
41.720560,11.831683,2.000000,18.030576,7.930457,46.657624
22.662924,77.090840,0.027070,18.430854,29.543406,68.701121
24.499810,31.080752,1.300092,15.162828,17.695550,54.376577
25.540912,100.000000,0.319685,19.135796,26.622972,67.829818
43.259098,0.000000,0.016373,4.969367,0.000000,3306.257281
0.000000,0.082537,0.002853,0.056168,0.000000,3608.235465
15.011774,7.658823,0.634726,9.170816,18.176184,48.506966
39.299031,0.000000,0.000000,0.055351,0.000000,3608.188443
0.000000,24.247820,2.000000,0.651404,0.000000,3630.415981
39.325567,0.000000,2.000000,4.986197,0.000000,3001.470352
36.038640,1.251879,0.000000,22.104901,19.206323,67.544008
20.224360,65.310920,1.259767,14.986921,22.932262,58.487161
9.524993,100.000000,0.120951,9.617189,42.581872,81.415224
0.000000,57.517460,0.568650,1.352404,0.000000,3595.909679
100.000000,0.000000,1.436062,6.130599,0.000000,3179.851927
2.690945,0.891511,0.025511,2.863234,13.007209,63.942690
66.215342,19.961325,2.000000,22.104901,13.595495,59.363435
0.105173,0.463006,0.017809,0.105227,0.000000,2503.233045
73.837220,0.000000,0.000000,0.055351,0.000000,3608.188443
0.000000,0.000000,0.543169,0.818259,0.000000,3615.687617
0.000000,0.000000,0.883875,0.645755,0.000000,3617.921712
11.520454,0.881984,0.031993,8.192739,28.009670,53.141784
8.952463,0.000000,0.569656,2.817893,0.000000,3213.440391
100.000000,10.012897,0.000000,22.104901,15.541511,82.302307
6.385161,29.430320,1.769149,4.968299,28.658654,62.365889
32.741293,0.000000,0.008339,4.293402,0.000000,3379.336038
9.965351,45.715651,1.300929,7.566816,39.049852,69.205231
16.934352,19.960372,1.334506,10.722110,21.342381,52.015123
0.000000,51.447342,0.036721,2.253439,0.000000,3571.630901
8.116399,0.279637,0.002520,6.481567,0.006534,45.821888
2.144597,0.895226,0.008963,2.617400,9.242237,68.800890
89.733988,0.000000,0.484240,6.130599,0.000000,3163.926854
3.211166,0.986995,0.028285,3.301903,20.469457,64.730698
2.695020,1.135388,0.016789,3.241859,22.670175,71.662408
2.367416,2.365090,0.000000,3.709570,13.002439,86.496768
0.000000,20.986746,0.177537,1.775784,0.000000,3599.244388
0.000000,1.398716,0.022244,0.081719,0.000000,3604.334679
21.242837,43.964489,0.560037,15.912678,24.230198,63.986637
6.018585,0.700346,0.007586,6.103793,20.048183,51.003941
2.446237,0.828909,0.029227,2.554097,8.606297,64.495291
84.468792,100.000000,0.379785,22.104901,16.900391,82.148908
0.000000,0.000000,1.911527,0.630760,0.000000,3629.373308
37.618095,0.000000,0.162904,4.783900,0.000000,3171.348696
28.283591,6.378756,0.000000,20.709234,24.974040,70.609930
0.000000,0.000000,0.000000,0.055351,0.000000,3608.188443
55.635842,4.983789,2.000000,13.902117,0.217947,52.218432
4.985756,17.915194,0.000000,6.130599,24.494642,77.095447
2.143076,0.354645,0.031250,1.803737,0.000000,125.623443
57.721745,0.000000,0.000000,0.055351,0.000000,3608.188443
2.171841,3.483557,1.160591,1.820952,0.000000,228.962364
2.423690,0.592801,0.008219,2.527144,0.569982,69.354601
100.000000,0.000000,1.066117,6.130599,0.000000,3266.287092
50.249035,0.233674,0.006978,22.092997,6.815182,39.868095
0.000000,0.000000,0.000485,0.055752,0.000000,3608.187482
8.666681,0.486090,0.000000,8.576848,13.740148,41.973440
46.339538,66.878446,0.000000,22.104901,17.229349,73.243688
49.821424,1.483944,0.618640,13.099493,1.924335,47.188749
4.606936,1.556067,0.019965,4.988237,45.863667,87.829315
81.060697,0.000000,0.000000,0.055351,0.000000,3608.188443
9.608204,47.574122,0.645484,8.476789,31.842288,69.030730
0.000000,0.717657,0.006039,0.061027,0.000000,3606.899755
0.000000,1.316174,0.030456,0.089709,0.000000,3605.081138
0.000000,18.471000,0.101162,1.747721,0.000000,3683.106406
0.000000,0.155136,0.023641,0.065060,0.000000,3608.167641
75.547799,0.902036,2.000000,6.195542,0.000000,169.366173
44.725144,0.000000,2.000000,4.986197,0.000000,3401.006798
33.191023,36.834700,1.319759,20.788804,20.855923,63.808346
0.000000,2.219193,0.018443,1.258950,0.000000,3657.839603
11.212938,5.359060,1.334674,5.121607,0.000000,51.332850
31.964004,9.821224,0.933140,15.374993,11.605466,47.971656
0.000000,0.760398,0.000000,0.065851,0.000000,3606.713637
0.000000,100.000000,0.164474,2.109951,0.000000,3577.746164
19.878273,0.000000,0.000000,0.055351,0.000000,3608.188443
0.000000,0.000000,0.514849,0.780958,0.000000,3614.119595
0.000000,0.003091,0.009386,0.060555,0.000000,3608.144875
27.295080,0.393626,0.034826,13.544552,9.308129,36.614618
23.803909,6.570471,0.000000,18.574031,30.144280,71.721082
57.814082,0.050066,0.033557,8.094757,0.000000,57.925398
41.247791,19.114402,0.000000,22.104901,16.682629,71.574457
91.854728,100.000000,0.000000,22.104901,16.219684,81.932444
0.000000,0.000000,0.115719,0.112115,0.000000,3607.689341
3.023375,2.303270,0.458816,2.153161,0.000000,97.156343
4.743086,0.000000,0.133848,2.179230,0.000000,3230.128787
34.187863,11.564091,0.699357,19.111530,17.868724,55.431407
0.000000,6.092195,1.600590,0.623952,0.000000,3629.030550
5.986785,0.000000,0.028800,2.417676,0.000000,3414.186053
0.000000,17.594264,0.000000,2.715129,0.000000,3675.375893
3.696439,1.099547,0.022722,3.903851,27.863674,68.278745
0.000000,0.223934,0.019378,0.064082,0.000000,3608.102267
12.877374,100.000000,0.702689,11.871692,36.240471,73.498490
30.910576,17.516877,1.288782,15.912678,15.342784,51.290096
0.000000,0.000000,0.048786,0.074455,0.000000,3608.398522
58.839441,12.342975,0.705018,22.104901,17.390622,63.946258
0.000000,10.658216,0.605572,1.131651,0.000000,3628.558650
0.000000,94.626257,1.211360,1.769005,0.000000,3702.069944
12.771691,0.516620,0.000000,11.717017,21.676298,42.815524
13.541343,29.652190,0.644903,10.742832,30.883237,63.612055
0.000000,2.048770,2.000000,0.635420,0.000000,3629.608200
1.224054,0.000000,0.874812,1.025662,0.000000,3595.021057
0.000000,0.000000,0.004846,0.057075,0.000000,3608.181526
1.920844,1.879974,0.018822,2.732314,35.978088,105.395502
56.564452,32.168403,0.875099,22.104901,18.927609,72.143251
2.285997,0.000000,0.009038,0.580886,0.000000,3575.596528
5.646323,0.743927,0.003516,6.208258,21.226116,52.974856
6.412977,2.359797,0.002627,7.405845,57.781052,97.264061
38.938432,25.966862,0.092480,22.104901,18.034613,69.593610
3.634598,0.000000,0.042741,1.944181,0.000000,3424.139352
38.301407,31.127400,0.427288,22.104901,18.630068,69.294828
0.090695,0.000000,0.013889,0.062004,0.000000,3606.113910
0.849121,1.153811,0.031738,1.092118,2.650556,105.728433
83.657526,37.708733,1.519414,22.104901,17.258001,76.213698
55.186769,23.758887,2.000000,22.104901,14.977140,61.832354
0.000000,3.943168,0.000000,2.275556,0.000000,4170.673920
26.917459,24.526983,0.196847,19.761602,23.928022,64.847803
1.001907,0.000000,0.033041,0.606013,0.000000,3555.717171
14.907113,100.000000,0.000000,14.009564,22.101698,68.265913
0.000000,18.813122,0.970612,1.065173,0.000000,3571.209761
4.408247,0.559242,0.010805,4.252667,5.978581,50.275791
47.582134,0.016280,0.004120,6.406721,0.000000,131.082691
0.000000,0.000000,0.911244,0.689085,0.000000,3611.276806
0.000000,1.244883,0.000000,0.088496,0.000000,3606.340276
15.192850,87.145378,0.766422,13.002718,31.258608,67.241305
41.664689,0.425242,0.007433,22.060082,12.505023,45.318275
13.588986,0.380427,0.000000,11.722606,13.732118,37.379689
16.936116,0.000000,0.002007,1.320640,0.000000,3557.427316
47.879141,37.452734,0.249398,22.104901,18.733872,73.882211
28.914545,1.382759,0.917123,7.026324,0.000000,54.391752
3.236953,0.516701,0.036379,2.643028,0.342399,60.712744
47.404926,0.092837,0.002843,17.809739,0.003560,33.884149
0.000000,100.000000,0.000000,2.116392,0.000000,3577.452106
6.168405,0.948711,0.002606,6.944903,32.781763,62.149583
7.724815,0.000000,0.038351,2.719470,0.000000,3365.023667
11.456878,0.000000,0.088031,3.139438,0.000000,3171.680924
1.306077,0.174396,0.022759,0.884287,0.000000,710.744272
100.000000,0.000000,0.000000,0.055351,0.000000,3608.188443
32.788375,40.086425,1.209502,20.788804,22.040389,64.782222
100.000000,0.000000,2.000000,6.130599,0.000000,3194.837068
1.428730,0.000000,0.000320,0.057684,0.000000,3607.486060
18.326811,8.040517,0.857817,10.123749,15.777433,45.722181
22.961469,15.200945,0.566065,14.986921,20.441800,54.848518
2.888057,0.000000,0.004370,0.417070,0.000000,3588.507393
9.452784,74.684694,0.530209,9.617189,35.865760,71.432028
11.082892,0.088402,0.002218,4.705696,0.000000,98.492031
60.626111,53.086596,0.526853,22.104901,18.167379,75.517961
2.901455,0.673870,0.000153,3.409327,5.360316,60.079822
100.000000,0.595848,0.000000,22.104901,15.269302,70.852969
69.470455,0.561588,0.324594,12.736882,0.454412,52.813189
39.841159,0.426888,0.057100,17.193086,9.772482,41.533692
47.538807,0.000000,0.937105,4.986197,0.000000,3005.538600
100.000000,0.000000,1.053936,6.130599,0.000000,3210.880272
3.420105,0.604349,0.223522,2.042622,0.000000,147.766694
0.000000,40.420036,0.000000,2.747215,0.000000,3612.287870
7.435061,11.603452,0.317457,6.130599,46.383626,78.643858
29.812778,42.076308,0.548088,20.750814,24.269454,68.435830
32.880877,9.002755,0.000000,22.060149,20.916615,71.381446
5.211831,0.107721,0.023011,2.681275,0.000000,181.684520
21.676415,19.963055,0.131624,16.785560,24.233970,65.370409
4.592846,1.292823,0.006807,5.469633,38.904816,76.782607
0.204673,1.011923,0.022630,0.256621,0.000000,836.456224
25.557749,36.838418,0.615844,18.430854,24.598078,62.926873
65.449474,16.688353,0.317377,22.104901,18.594248,75.418980
2.658546,0.203733,0.021854,1.826671,0.000000,187.492492
72.651776,15.514904,0.000000,22.104901,16.074859,75.551767
35.619062,1.420136,2.000000,4.986197,0.000000,155.526929
10.088019,100.000000,0.000000,10.742832,28.742922,72.677886
0.000000,0.709646,0.007237,0.060634,0.000000,3606.939609
7.899648,11.276440,0.404602,6.357150,48.432052,77.183176
13.653630,0.000000,1.027138,3.196960,0.000000,3318.231534
79.031719,90.608397,1.566014,22.104901,18.414234,83.905569
7.394095,0.256869,0.006019,5.386842,0.000000,53.512864
8.975870,2.059470,0.024534,8.399237,43.907263,90.386759
12.076917,28.264822,1.369135,8.531207,28.563805,59.223337
3.414602,0.205867,0.000000,2.464466,0.000000,136.239420
4.886649,0.200249,0.000000,3.475105,0.000000,98.086579
8.333655,0.461279,0.010283,6.880066,10.559753,41.158969
66.723273,0.000000,0.114919,5.288632,0.000000,3101.081593
7.700110,0.760357,0.017594,6.651984,28.243122,53.660263
93.770943,2.054535,0.000000,22.104901,17.287667,86.254719
0.000000,1.582924,0.007058,0.124564,0.000000,3603.802206
6.058704,0.863708,0.010860,6.120416,28.525416,57.978251
92.774532,0.000000,0.725538,6.130599,0.000000,3256.806615
100.000000,56.799921,1.690916,22.104901,17.849096,87.195130
80.051014,27.561404,0.014626,22.104901,18.154762,82.439015
22.925746,28.649856,1.198239,15.006017,21.181242,56.964697
8.984928,0.089936,0.041322,3.283957,0.000000,126.067494
8.880466,0.000000,2.000000,2.817893,0.000000,3368.655073
19.850264,19.728799,0.789209,13.115946,25.522742,59.237987
7.031370,0.216193,0.000000,5.178677,0.000000,65.200534
3.737214,0.338770,0.008300,3.101322,0.000000,77.069671
5.620883,6.571613,0.085507,6.068908,55.183552,92.363010
5.123508,1.352786,0.019637,5.311422,42.679774,79.904491
0.000000,100.000000,0.000000,2.116392,0.000000,3577.452106
73.729309,0.565810,0.001163,22.104901,15.787833,61.202997
4.946029,0.593956,0.011944,4.714614,9.854199,48.955733
11.093543,0.300798,0.007625,7.997611,2.364000,36.655563
24.108616,0.000000,0.474914,3.872578,0.000000,2955.244679
41.853696,1.066934,1.100934,6.355222,0.000000,107.205498
5.051398,0.000000,0.023774,2.098877,0.000000,3450.045876
0.000000,0.419768,0.002156,0.064623,0.000000,3607.770086
3.177400,30.029394,0.133675,4.080150,23.347167,81.183755
32.541876,0.251564,0.000000,19.621468,7.917491,35.539601
9.568239,0.007556,0.008608,2.338965,0.000000,2024.971620
23.425922,21.080656,0.000000,18.430854,29.010686,68.019497
3.282737,0.265706,0.015728,2.389170,0.000000,109.579524
8.014147,0.053780,0.003433,2.496030,0.000000,263.642137
5.022946,100.000000,0.609454,6.130599,29.695405,75.414024
0.000000,4.455580,0.288116,0.926397,0.000000,3602.453670
8.665115,0.273066,0.000000,7.116337,0.022903,44.266111
30.534411,35.892224,0.190382,21.212890,22.438430,68.015546
10.405775,0.000000,0.177903,2.915792,0.000000,3259.870136
8.455372,0.081704,0.009094,3.581786,0.000000,140.318979
55.438815,40.060883,0.261186,22.104901,18.642282,73.869734
0.000000,0.262221,0.006180,0.060667,0.000000,3608.083144
59.404022,55.050825,0.287350,22.104901,17.498601,74.099072
6.515952,1.402801,0.000000,7.563462,46.828867,83.490963
0.000000,0.004926,0.005633,0.057864,0.000000,3608.175973
99.334428,0.000000,1.146112,6.130599,0.000000,3193.184562
0.000000,0.635725,0.016270,0.061911,0.000000,3607.222358
37.683898,7.677531,1.168469,17.455744,6.195986,43.228484
0.000000,100.000000,1.120463,1.221070,0.000000,3607.250394
8.461878,0.077215,0.090938,2.947212,0.000000,175.969969
24.436517,81.316253,0.766708,18.430854,26.494967,67.117286
11.356024,90.976244,0.919326,10.742832,28.461050,63.627225
8.622750,95.154897,0.194545,9.617189,34.667143,85.239722
51.613160,0.000000,0.586482,4.986197,0.000000,3227.776383
1.293050,0.459257,0.000000,1.316241,0.000000,163.980694
67.076986,6.224955,1.718633,18.722747,3.060988,46.239959
3.130376,0.501555,0.000000,3.306886,0.329554,63.501581
11.481611,1.101674,0.013308,10.082342,32.030099,60.705960
28.578934,0.000000,0.390130,3.872578,0.000000,3192.440376
99.773583,9.455607,0.000000,22.104901,15.309827,79.217657
11.869813,0.498013,0.000000,11.049850,20.887496,42.528080
89.010238,0.000000,0.017162,5.965633,0.000000,3273.629339
100.000000,3.076110,0.923829,22.104901,5.381705,58.277226
83.106672,0.000000,1.989997,6.130599,0.000000,3266.129718
28.960996,0.000000,0.014656,4.353327,0.000000,3342.848337
6.172456,30.771492,0.153607,7.286218,32.909065,80.953476
35.325202,0.816989,0.000000,22.003090,18.652435,56.645070
100.000000,100.000000,0.336196,22.104901,17.150961,86.265959
15.843884,0.576993,0.000000,13.721646,19.771311,42.707153
14.836051,1.092499,0.013649,12.308338,28.645716,58.550565
30.711994,4.259180,0.941861,12.806419,2.864339,40.965812
9.871382,0.504240,0.001938,9.252941,17.660833,42.473100
3.325122,0.000000,0.000211,0.062578,0.000000,3607.145547
6.420982,0.000000,0.013678,2.043179,0.000000,3480.286699
0.000000,36.551385,0.120191,2.212381,0.000000,3655.949381
4.214418,1.541778,0.000000,5.502489,42.649572,92.982991
96.046488,4.672277,0.712422,22.104901,10.478960,56.263590
4.064694,1.112719,0.000000,5.267831,30.569751,69.081345
4.639774,0.718581,0.011556,4.720069,15.672265,52.962540
31.237974,6.331846,0.000000,21.697874,22.182184,70.725441
12.948952,10.367812,0.000000,12.269573,42.659434,78.566989
100.000000,67.672393,0.371436,22.104901,17.737645,90.638515
0.000000,0.000000,0.736821,0.656062,0.000000,3613.308816
0.000000,0.618418,0.018927,0.063175,0.000000,3607.275409
100.000000,71.454890,1.031828,22.104901,17.747817,91.134073
100.000000,0.004788,0.000000,3.407770,0.000000,235.765273
9.916805,0.000000,0.000000,0.055351,0.000000,3608.188443
0.000000,0.613877,0.009530,0.062526,0.000000,3607.231179
7.709370,11.105783,0.000000,8.476789,49.341631,88.330238
7.404012,1.240948,0.037939,5.992284,44.321062,75.767816
30.090766,0.000000,0.578431,3.933447,0.000000,3159.644177
55.246022,0.808099,0.004363,22.104901,17.616498,64.899919
0.000000,0.004611,0.019565,0.062090,0.000000,3608.098559
0.000000,0.681298,0.013523,0.060458,0.000000,3607.089727
1.929188,53.248724,2.000000,2.257564,7.955452,111.869884
34.136407,0.958833,1.260250,5.115860,0.000000,108.499714
5.497950,0.450980,0.000000,5.536582,3.601210,46.599566
0.540927,0.828419,0.002547,0.675120,0.000000,237.742903
6.544647,0.000000,0.162184,2.471887,0.000000,3189.977215
33.932894,0.000000,0.002745,3.163541,0.000000,3479.181964
5.833647,0.329950,0.000000,5.236229,0.006356,52.612192
23.047686,22.870024,0.088762,17.694269,26.065869,66.767854
9.011496,0.370793,0.001510,8.071184,5.332798,38.952781
0.000000,0.224892,0.006695,0.060016,0.000000,3608.134762
0.000000,0.000000,0.000000,0.055351,0.000000,3608.188443
100.000000,28.924876,0.000000,22.104901,15.514142,81.177413
16.625140,0.573438,0.000000,14.201400,19.397156,42.392453
37.836396,21.294284,0.203563,22.104901,18.952237,68.249037
7.288989,5.048721,0.000000,8.365543,54.481522,90.973008
9.530937,0.586370,0.005197,8.771156,22.683348,46.129368
66.176729,0.000000,0.000000,0.055351,0.000000,3608.188443
19.584327,0.474549,0.007814,14.214217,15.223830,38.991904
20.737613,28.251937,0.000000,16.785560,25.022126,66.974976
5.608572,0.927509,0.000174,6.616999,29.956959,60.918807
3.078245,0.000000,0.012191,0.963035,0.000000,3549.238017
61.061241,8.112645,0.946384,22.104901,11.968496,53.285635
0.479678,0.940462,0.000000,0.638998,0.000000,233.897907
19.237300,9.513775,0.677679,11.851629,17.368417,50.311474
46.773288,57.800392,0.000000,22.104901,17.243292,73.535187
7.186376,0.000000,0.000000,0.055351,0.000000,3608.188443
35.102884,62.645376,0.662370,22.104901,19.007711,65.791057
8.836966,56.551741,1.015635,7.370569,39.023858,73.121823
18.581907,84.866822,0.000000,15.912678,24.346865,66.056411
100.000000,12.061120,1.583832,22.104901,12.497344,60.173588
1.490871,1.108071,0.022669,1.894758,10.053095,80.994535
43.212954,3.926909,2.000000,9.344516,0.997950,51.739867
1.523356,0.000000,0.002951,0.185119,0.000000,3601.201731
0.658052,0.000000,0.006171,0.139298,0.000000,3601.732442
8.947993,35.943188,0.000000,9.617189,38.590233,79.556421
100.000000,0.000000,1.710258,6.130599,0.000000,3037.771800
7.550575,0.800516,0.024712,6.111026,29.759156,55.443266
66.806650,11.750584,0.936378,22.104901,15.277937,60.585420
46.248585,4.785370,0.262971,22.104901,17.541628,61.719041
83.020971,70.357051,2.000000,22.104901,17.899263,81.114631
31.639515,0.414223,0.000000,20.433786,14.678266,41.669172
7.406102,77.010485,0.514126,7.286218,51.535049,88.717811
16.349215,8.674814,0.015306,14.269363,23.044070,64.939146
31.682331,0.000000,0.774320,4.234421,0.000000,3124.832807
14.246010,0.148896,0.001782,8.264850,0.000000,48.994563
5.915273,0.000000,0.000000,0.055351,0.000000,3608.188443
50.004820,0.000000,0.000000,0.055351,0.000000,3608.188443
7.806400,0.655343,0.001764,8.068710,23.011754,49.010692
4.907683,0.431151,0.000144,4.851679,1.407929,50.146090
1.822126,1.613686,0.002820,2.805355,28.369195,100.741552
30.154096,41.961601,0.109320,21.212890,20.846046,66.250976
7.826294,0.294515,0.002084,6.435131,0.051471,45.237344
0.000000,48.341038,0.715299,1.654706,0.000000,3585.454556
12.382227,0.000000,0.001224,0.632616,0.000000,3585.948072
5.011179,0.400456,0.019364,3.848396,0.219203,51.468383
36.769346,19.861172,0.127884,22.104901,19.468314,69.262997
0.000000,0.000000,0.038217,0.068588,0.000000,3608.214991
0.000000,100.000000,1.195755,1.789053,0.000000,3670.815844
22.668163,40.797445,0.000000,18.430854,29.520957,69.632678
5.173785,0.584562,0.000000,5.773723,10.502451,48.444452
84.672424,100.000000,0.000000,22.104901,16.872887,82.276407
98.462738,0.000000,0.000000,0.055351,0.000000,3608.188443
5.440970,0.309540,0.000000,4.769407,0.000000,59.277429
4.330647,0.395516,0.001885,4.039311,0.015896,58.291607
5.647811,13.743530,0.237979,5.755429,44.620317,82.240071
7.672761,0.000000,0.030099,2.672925,0.000000,3390.780100
61.127629,39.127689,0.657448,22.104901,18.377572,75.955387
24.419451,0.000000,0.000000,0.055351,0.000000,3608.188443
8.916541,0.000000,0.002381,0.805260,0.000000,3576.029287
10.222452,0.239063,0.008390,6.738911,0.007042,43.758471
14.724084,48.602957,1.630481,10.742832,27.473581,58.271756
33.301869,0.601491,0.868801,5.170276,0.000000,144.629360
7.031410,0.870686,0.000000,7.815888,32.119461,59.012692
11.087617,0.883247,0.002943,10.580636,30.510009,55.155800
8.457187,100.000000,0.287020,8.476789,38.732688,75.527042
23.280799,0.387050,0.000237,17.032803,14.766564,37.424993
2.055127,0.607635,0.000000,2.352513,0.140480,78.164164
16.286619,0.000000,0.169158,3.604670,0.000000,3135.890107
13.317549,0.361367,0.001591,11.075892,11.365423,36.539711
15.047056,0.269242,0.000000,11.727062,4.352108,33.733402
9.445943,0.269017,0.000000,7.687340,0.119634,41.885908
76.049304,34.051599,1.539085,22.104901,17.437503,75.896669
9.903634,0.317122,0.000000,8.649111,2.736813,38.006421
42.138283,0.000000,0.997382,4.986197,0.000000,2994.675700
47.787867,5.471138,0.441754,22.104901,14.868650,56.942645
1.760091,0.409825,0.000000,1.714491,0.000000,132.103613
52.879228,0.111457,0.000000,21.215587,0.367773,35.070640
12.016641,0.471746,0.007846,9.697195,18.851487,41.168585
2.333800,45.688505,0.212624,3.872578,10.860906,85.732490
3.631728,0.127150,0.000330,2.004396,0.000000,235.329640
6.325223,0.498625,0.017691,5.060325,7.972388,44.211671
8.511985,14.323787,0.813116,6.063418,34.781774,65.007361
12.053702,0.308476,0.000000,10.172438,4.716033,35.710698
3.078569,8.946151,0.846013,2.817893,6.320803,84.005121
92.429469,0.000000,2.000000,6.130599,0.000000,3135.143692
5.858017,0.150907,0.018765,3.194411,0.000000,109.098536
0.000000,25.795019,0.000000,2.162067,0.000000,3606.089265
8.441644,0.000000,0.271051,2.817893,0.000000,3142.768688
55.652649,6.493292,0.104724,22.104901,19.966473,75.990898
88.761527,14.807108,0.042477,22.104901,16.284974,81.707949
6.921382,1.229693,0.035130,5.826038,44.647570,76.172110
28.606342,19.909905,1.058427,15.976375,17.937806,53.858218
1.902069,0.739923,0.000309,2.303460,2.216017,73.971659
0.000000,1.003541,0.000000,0.068218,0.000000,3605.959092
3.313263,100.000000,0.343964,4.986197,17.662432,88.962737
0.000000,26.833608,1.571881,0.733167,0.000000,3644.360285
0.000000,0.134798,0.026680,0.066085,0.000000,3608.181107
0.000000,12.725298,1.178260,0.648784,0.000000,3625.988884
0.000000,13.778767,1.366135,0.621046,0.000000,3628.884537
2.486102,61.895218,0.331552,3.872578,14.357088,96.385760
0.000000,0.911883,0.001000,0.066014,0.000000,3606.181328
10.421563,41.664754,0.889243,8.476789,32.375392,64.327151
0.000000,21.551592,1.543607,1.037054,0.000000,3593.505308
0.000000,67.952921,1.456697,1.454045,0.000000,3633.882830
8.543962,0.000000,0.004868,1.306605,0.000000,3544.074235
0.000000,1.381708,0.002066,0.097196,0.000000,3604.766136
55.874919,0.046706,0.000000,14.713988,0.000000,45.552401
3.783797,0.199443,0.000000,2.688950,0.000000,126.427426
10.290643,0.694463,0.000000,10.206415,29.549103,51.259771
0.000000,2.938183,0.000000,2.185326,0.000000,3592.230508
55.955917,0.000000,0.147734,4.986197,0.000000,3179.283521
11.799357,0.000000,0.004376,1.675032,0.000000,3529.138630
76.165416,57.138907,0.000000,22.104901,17.461442,81.109817
16.937300,0.399741,0.006711,12.470303,13.816768,36.917375
2.307557,1.086601,0.025122,2.669908,17.652552,71.501509
43.444069,57.320502,1.245631,22.104901,18.116907,67.302509
2.164009,0.168514,0.035763,1.578494,0.000000,344.137085
25.331151,70.733117,0.401214,19.135796,28.169895,70.448080
37.068033,30.371036,1.320387,22.104901,17.745847,59.784983
9.458077,0.000000,0.035377,2.997907,0.000000,3351.547114
15.405048,49.528887,1.430108,10.771162,27.968318,59.043653
97.932258,0.371706,0.000000,22.104901,13.675808,56.587570
0.774362,0.627712,0.000000,0.908455,0.000000,212.486818
13.549478,0.054928,0.000000,4.203906,0.000000,129.586589
1.262430,0.000000,0.496132,1.067153,0.000000,3533.951333
4.203249,0.792342,0.000000,5.158610,17.725222,56.306576
44.936626,100.000000,0.247867,22.104901,16.476247,70.574497
0.000000,0.261756,0.000000,0.056236,0.000000,3608.144606
12.843858,0.517282,0.000000,11.759845,21.643501,42.773184
19.482614,0.000000,0.000000,0.055351,0.000000,3608.188443
58.374083,0.000000,0.133614,5.034853,0.000000,3158.628426
32.883880,0.094622,0.004019,12.955750,0.003248,38.796872
8.582304,0.372479,0.000000,7.974517,4.821799,39.560482
12.836694,0.346667,0.000084,10.994739,9.359578,36.128932
0.256034,0.000000,0.926026,0.809271,0.000000,3605.794904
6.074456,0.557252,0.000000,6.565767,11.804450,46.203450
4.477133,0.587352,0.000000,5.015501,8.096314,50.514754
6.145387,22.485493,0.208931,6.130599,38.817528,79.353398
13.712753,0.279295,0.005424,9.754611,3.436999,34.455759
19.977383,0.133386,0.003836,10.176507,0.003315,41.663121
19.836480,0.564935,0.000000,15.946905,20.517287,42.826073
3.481478,56.535296,2.000000,3.872578,22.819305,73.585943
1.142607,0.000000,0.000000,0.055351,0.000000,3608.188443
29.108665,30.621282,1.384809,17.643609,21.054113,58.830411
37.473421,8.176825,0.422335,21.968832,16.828556,58.727954
0.000000,0.088546,0.000000,0.054599,0.000000,3608.251515
40.408032,0.401452,0.000000,22.065412,12.450814,44.444378
0.541673,0.000000,0.000000,0.055351,0.000000,3608.188443
0.000000,46.956507,0.249547,1.916209,0.000000,3597.723105
2.479958,0.000000,0.003343,0.304886,0.000000,3595.318316
9.197928,0.253109,0.000000,7.277779,0.005822,44.894614
0.000000,7.826792,1.076372,0.699660,0.000000,3627.282807
11.407807,0.000471,0.000000,0.084298,0.000000,3459.361331
0.401546,3.007973,0.776473,0.990724,0.000000,3484.245099
80.362401,100.000000,0.000000,22.104901,16.641320,79.246041
0.000000,0.426813,0.054042,0.091737,0.000000,3607.868500
21.687470,9.879623,0.616188,13.430035,21.241574,53.931737
4.062102,15.450961,0.000000,5.350214,21.866352,88.579746
48.898960,0.490475,0.211815,12.306543,0.554627,44.867776
0.000000,6.785690,0.000000,2.386893,0.000000,3738.262279
3.739251,0.648941,0.033796,3.171953,7.426675,53.694869
10.121051,25.696271,0.000000,10.742832,29.884154,69.904009
9.641781,1.093021,0.000000,9.948546,37.333915,65.372828
8.529770,1.180294,0.030587,7.003832,38.732893,68.795372
27.675202,63.967254,0.745210,19.761602,24.122899,66.971866
40.443519,23.384859,0.455544,22.104901,18.304027,66.207390
12.857975,0.000000,0.000000,0.055351,0.000000,3608.188443
26.901424,0.000000,0.501007,3.872578,0.000000,3141.139558
100.000000,11.769971,2.000000,22.104901,8.995445,55.843678
0.000000,0.000000,0.000000,0.055351,0.000000,3608.188443
8.090892,0.000000,0.008009,1.805616,0.000000,3509.410606
9.551606,0.000000,0.500950,2.817893,0.000000,3231.055835
34.702429,17.839962,2.000000,15.374993,11.677662,47.413098
100.000000,71.696042,2.000000,22.104901,17.991447,87.351802
1.706376,0.627503,0.007133,1.836445,0.000000,90.187792
8.172135,1.215714,0.007320,8.283055,41.320372,72.357182
16.036293,0.204926,0.000000,11.261904,0.189562,34.989518
0.535179,0.000000,0.002493,0.079394,0.000000,3606.092305
7.889406,0.076428,0.000210,3.139397,0.000000,163.753146
2.802443,2.353904,0.002006,4.054599,23.496135,86.446524
42.654282,21.647330,0.262633,22.104901,19.398811,69.763615
5.946851,0.322168,0.004707,4.901669,0.006305,52.889979
75.726817,0.000000,0.409342,5.567092,0.000000,3057.263710
0.000000,1.018780,0.007308,0.064732,0.000000,3606.279864
1.484767,1.123773,0.000000,2.075411,10.693839,81.887456
66.893475,50.950098,1.425308,22.104901,17.932683,75.085043
5.483427,0.392947,0.000000,5.232190,0.898758,48.742091
100.000000,0.000000,0.000000,0.055351,0.000000,3608.188443
0.000000,0.000000,2.000000,0.633945,0.000000,3629.533847
2.396745,0.080826,0.048611,1.635905,0.000000,879.226333
12.698643,0.000000,2.000000,2.817893,0.000000,3483.160140
70.962820,0.356671,0.000000,22.104901,13.029621,49.616128
3.211052,0.179058,0.002934,2.074190,0.000000,172.775887
9.423228,0.041972,0.001449,2.392259,0.000000,301.868440
1.877625,0.817337,0.786922,1.711620,0.000000,3156.235846
6.911987,1.256300,0.011744,7.025964,45.594796,77.769473
35.338327,0.000000,0.000000,0.055351,0.000000,3608.188443
5.479977,0.579038,0.000000,6.064684,11.234122,47.703880
6.858896,0.725233,0.000358,7.526667,24.352883,52.050975
20.872023,0.384133,0.009356,13.989306,11.891144,36.187122
80.003783,43.953341,0.433801,22.104901,18.450583,81.639436
25.919218,0.693767,0.646930,5.280450,0.000000,113.101620
10.288287,0.000000,0.000000,0.055351,0.000000,3608.188443
0.000000,0.005577,0.000119,0.054472,0.000000,3608.193949
0.677561,38.687425,0.396886,2.150684,0.705948,146.251179
14.744305,0.000000,0.001569,0.934415,0.000000,3573.867606
11.825680,0.512499,0.000000,11.052266,21.672247,43.135421
0.000000,22.311956,0.076388,1.685323,0.000000,3594.213517
0.000000,0.171352,0.015007,0.062410,0.000000,3608.159204
16.351666,0.000000,0.003540,1.990828,0.000000,3520.401790
5.392306,0.280184,0.000000,4.521399,0.000000,65.465644
63.770280,67.075839,0.000000,22.104901,17.563311,76.886225
8.014125,0.318495,0.000000,7.053298,0.793267,42.353093
1.710203,44.920497,0.285345,3.234219,6.905670,106.111422
20.162643,11.085849,0.276086,14.266053,21.705837,56.579203
11.396219,0.000000,0.000000,0.055351,0.000000,3608.188443
24.896268,0.443768,0.000000,18.047511,16.845831,40.171063
5.200720,0.082774,0.001998,2.134369,0.000000,263.050374
75.334315,84.432587,0.142261,22.104901,17.461442,80.635598
7.113072,0.833425,0.003043,7.583634,30.590855,57.151592
12.357904,0.000000,0.000000,0.055351,0.000000,3608.188443
56.621415,0.000000,0.577971,4.986197,0.000000,3126.122853
0.000000,0.923615,0.000000,0.067073,0.000000,3606.090008
9.813322,4.292737,0.801185,5.104147,20.410260,53.744854
46.667273,0.000000,0.975665,4.986197,0.000000,3232.290755
6.248623,0.119581,0.075216,2.632213,0.000000,139.496451
35.056213,22.224906,0.769012,21.827432,20.893532,62.619854
3.860425,100.000000,0.347642,4.986197,21.833478,84.244464
4.760237,3.200794,0.191286,3.821283,42.858573,76.129332
100.000000,0.000000,0.549140,6.130599,0.000000,3095.421702
0.000000,0.077491,0.000000,0.054828,0.000000,3608.245402
13.224265,8.009229,1.666281,6.223276,9.482413,44.911013
2.854320,0.692980,0.000000,3.385303,5.923482,60.480638
13.176548,0.465856,0.034787,7.503342,16.236199,39.612080
19.574869,0.000000,1.141956,3.872578,0.000000,2896.197286
82.246652,2.003526,0.000000,22.104901,17.927100,84.779477
11.758889,0.359476,0.032135,6.288231,6.449530,36.237771
100.000000,7.944043,0.000000,22.104901,15.219205,81.575261
48.000084,0.000000,1.699071,4.986197,0.000000,3126.291436
4.800900,0.170398,0.000000,3.140437,0.000000,116.582291
17.570179,0.366280,0.009028,12.101266,11.983935,35.753904
13.458272,17.882079,0.533221,9.673498,28.653946,59.196053
30.045698,11.937883,0.000000,21.288000,22.321481,68.518631
46.509845,0.000000,1.373083,4.986197,0.000000,3289.403083
1.977933,0.484327,0.000000,2.062560,0.000000,100.143890
15.095777,0.000000,0.007216,2.783074,0.000000,3460.737307
2.045126,0.374638,0.000000,1.946194,0.000000,124.255927
4.235091,0.274037,0.001539,3.448645,0.000000,83.584423
2.601650,0.000000,0.000398,0.076102,0.000000,3606.659708
3.414261,0.000000,0.004835,0.525668,0.000000,3582.442802
0.000000,49.016008,0.324264,1.852281,0.000000,3640.897913
3.598736,0.662974,0.000000,4.207526,8.308991,55.191145
57.488925,46.492991,0.510949,22.104901,17.774342,70.825026
5.943820,1.203929,0.000000,6.991417,40.836300,74.318509
3.666846,0.761582,0.009782,4.036869,13.309768,56.593503
83.842147,29.251734,0.000000,22.104901,17.094651,81.080442
11.008503,0.624382,0.000000,10.642406,26.374381,47.748218
24.593298,0.448413,0.000000,17.921464,17.046850,40.234503
24.187596,3.780231,0.000000,18.792222,31.122789,72.935534
0.000000,0.896219,0.027255,0.073626,0.000000,3606.425252
18.771627,100.000000,1.067066,14.986921,25.284545,62.397447
9.270860,0.000000,0.000000,0.055351,0.000000,3608.188443
16.333736,0.000000,0.001710,1.113439,0.000000,3566.664202
1.266036,0.097426,0.002132,0.586871,0.000000,1428.105637
12.093655,5.460737,0.000000,11.871692,40.001689,76.561391
11.570598,0.999311,0.023448,9.155831,29.846808,56.769277
4.136253,0.108580,0.000000,2.087503,0.000000,245.746762
10.879683,0.639272,0.000000,10.574717,26.991435,48.414509
0.000000,0.000000,0.003649,0.056112,0.000000,3608.190350
0.000000,0.232303,0.013089,0.062486,0.000000,3608.097559
0.000000,61.651192,1.081953,1.296657,0.000000,3591.470539
48.588909,1.089331,0.873160,9.145581,0.000000,63.249556
9.776112,0.356743,0.000000,8.859870,5.589282,38.022755
3.074324,0.724402,0.001621,3.639425,8.494646,58.895076
4.857246,91.061974,0.000000,6.130599,22.835386,77.091341
16.034116,0.430325,0.001961,13.073332,15.841370,38.244434
16.036917,0.224772,0.000000,11.674315,1.200691,33.698030
14.957628,0.000000,0.000000,0.055351,0.000000,3608.188443
13.332127,0.209576,0.024478,5.967197,0.010048,41.622032
9.387479,0.302342,0.000000,8.061357,1.265556,39.478938
0.000000,0.000000,0.000000,0.055351,0.000000,3608.188443
82.820688,14.661578,1.484324,22.104901,13.408697,58.058876
15.869146,0.690784,0.000000,13.913867,21.476210,45.802294
10.594956,0.000000,0.000000,0.055351,0.000000,3608.188443
1.847274,7.383057,0.083307,2.817893,15.180240,86.612449
22.062301,0.806039,0.000000,17.414304,25.077274,51.993552
24.376120,0.092572,0.000000,10.785289,0.000000,47.654236
21.683651,0.305747,0.001654,15.370499,10.228945,33.947340
76.342679,100.000000,0.000000,22.104901,17.461442,78.667013
6.899020,1.051144,0.000000,7.826056,38.699756,67.681203
12.036666,0.257313,0.000000,9.533344,0.876665,36.765056
100.000000,6.008416,0.000000,22.104901,15.965927,82.580014
0.634366,1.456568,0.000000,0.961948,5.141401,124.340308
43.940846,8.133715,0.813985,22.104901,13.790931,55.214026
11.422855,52.293583,2.000000,8.476789,27.068925,67.693143
9.249742,0.000000,0.016940,2.768314,0.000000,3424.867264
11.921887,54.192662,0.060696,11.871692,35.553638,72.975434
13.933082,5.491236,0.733577,7.936608,14.798008,47.100285
0.000000,51.971891,0.521513,1.346663,0.000000,3595.616936
32.389000,3.344377,0.862487,12.167322,0.888128,40.798769
6.302318,0.000000,0.019543,2.290855,0.000000,3448.263041
32.055191,0.000000,2.000000,4.387734,0.000000,3001.528636
0.000000,0.000000,0.000000,0.055351,0.000000,3608.188443
0.000000,0.000000,0.000000,0.055351,0.000000,3608.188443
1.863694,46.644874,0.000000,3.786380,5.455460,96.242511
31.804637,0.000000,1.340722,4.202425,0.000000,3133.453397
0.000000,0.569750,0.019029,0.063591,0.000000,3607.397517
23.636903,12.689667,0.281716,16.785560,23.998596,63.454367
14.314427,1.574560,0.747676,4.531440,0.000000,80.891772
12.433990,0.383310,0.000000,10.979445,12.246429,37.481357
14.415349,0.409689,0.002872,11.801281,16.061965,38.272690
14.447549,39.478872,0.598438,11.871692,29.604536,63.323641
14.406632,0.000000,1.302697,3.872578,0.000000,2951.668744
0.000000,87.334574,0.756037,1.750612,0.000000,3649.057981
9.905180,0.087410,0.000665,4.247102,0.000000,110.742554
14.725394,0.602606,0.001073,12.941530,21.898450,44.112892
0.000000,0.559596,0.000000,0.070662,0.000000,3607.406190
11.713017,0.656573,0.000000,11.210194,25.780129,47.761647
1.288916,0.646911,0.000176,1.511589,0.000000,114.426392
7.329698,2.115147,0.007199,7.971445,51.480781,92.946313
77.877137,0.000000,0.233245,5.668099,0.000000,3138.423509
12.032830,0.753032,0.001803,11.264941,27.032773,50.104478
6.831177,70.193662,0.432541,7.286218,38.603932,83.249830
15.524500,0.047327,0.000240,4.270132,0.000000,131.627632
10.307711,0.389478,0.018881,6.775223,7.952320,37.874256
9.658006,9.696846,0.367273,7.417152,35.427050,68.160244
11.056595,0.483433,0.000000,10.407981,18.495535,41.723403
29.018116,0.666427,0.000000,20.249827,20.699088,50.059277
24.945210,7.338914,0.168479,17.317374,25.502421,64.609325
3.961318,1.402643,0.000000,5.253067,38.633696,82.356651
80.813576,49.544518,0.256720,22.104901,17.151626,78.450802
0.000000,0.501957,0.000000,0.068308,0.000000,3607.557386
13.143258,0.254958,0.000000,10.287749,1.471149,35.365531
2.646214,0.872054,0.000545,3.379613,12.267112,64.243773
16.494604,3.875435,0.454669,9.393222,13.462984,44.507019
3.495936,0.000000,0.000202,0.062879,0.000000,3607.139777
0.000000,0.386557,0.000000,0.062203,0.000000,3607.876201
7.220550,0.033271,0.000000,1.515666,0.000000,658.307259
12.227737,0.210261,0.004165,8.118144,0.005779,41.895464
8.640731,0.000000,0.008380,1.959035,0.000000,3499.947910
7.267331,46.209076,1.806211,5.858390,41.146323,84.616441
33.371356,1.035590,0.932108,6.002085,0.000000,79.669641
7.826123,0.783119,0.000000,8.436298,30.158887,55.176191
8.289175,1.416926,0.002221,8.802065,43.889232,80.282554
11.015931,65.362269,0.754857,9.617189,38.074066,70.510033
6.968741,0.688528,0.000117,7.610675,22.632510,50.441877
9.077888,0.200530,0.000000,6.414668,0.000000,55.550217
27.961077,0.416815,0.000000,19.172126,15.437829,40.296583
16.809366,0.276605,0.000000,12.872026,6.914859,33.376637
0.000000,0.359453,0.004012,0.062791,0.000000,3607.905602
12.597250,0.079757,0.000000,5.139523,0.000000,96.350455
62.138044,0.000000,0.885577,4.986197,0.000000,3218.806694
6.026824,0.812690,0.000000,6.960295,26.189649,55.846859
19.024708,0.225836,0.000000,13.436545,3.215937,32.041252
3.221239,0.000000,0.107002,1.804711,0.000000,3314.611268
13.526018,1.111567,0.000000,12.676230,31.846613,61.262883
9.131798,0.079177,0.000000,3.729906,0.000000,133.002965
21.351364,0.347339,0.000390,15.830355,12.860570,35.419796
0.000000,0.000000,0.154514,0.616294,0.000000,3577.101277
6.923936,0.789019,0.000182,7.664905,27.909391,55.007418
5.965148,0.601561,0.000000,6.587461,14.247733,47.621104
0.000000,9.895370,0.583125,1.066473,0.000000,3564.819554
6.359549,2.025613,0.000000,7.426519,54.850979,96.128238
42.233079,15.061581,1.733510,17.662231,12.146086,48.361639
42.180512,100.000000,1.395550,22.104901,18.937634,69.081070
11.435225,0.129439,0.072638,3.509043,0.000000,77.868940
0.000000,86.733184,0.000000,2.127186,0.000000,3576.977746
18.502484,0.000000,0.688042,3.872578,0.000000,2851.797281
35.551981,100.000000,0.513147,22.104901,19.022004,69.062905
39.514968,5.735182,0.425738,21.113028,16.754909,56.151808
7.960804,1.323834,0.033425,6.673763,42.179430,75.666797
46.840692,37.285921,0.000000,22.104901,17.243292,72.684283
0.454618,0.956544,0.000000,0.609282,0.000000,247.705593
6.336069,0.134218,0.014871,3.342315,0.000000,113.088054
0.000000,100.000000,1.106796,1.315717,0.000000,3611.515270
0.000000,11.591326,1.122668,0.696687,0.000000,3629.782720
12.024052,0.593447,0.000000,11.368828,24.147311,45.647395
0.000000,8.529114,0.322400,1.034696,0.000000,3632.093106
92.093532,17.337829,0.000000,22.104901,16.384252,82.237580
8.457971,0.406702,0.000000,8.071495,7.172560,40.008057
9.874792,0.201501,0.000000,6.983933,0.000000,51.425432
7.257059,55.969394,0.881241,7.286218,50.475021,86.880292
0.000000,13.309405,1.051145,0.717825,0.000000,3636.463769
88.959178,100.000000,0.766453,22.104901,18.410667,87.022481
17.815109,0.000000,0.003033,1.930579,0.000000,3526.665669
0.000000,1.614924,0.000000,1.859543,0.000000,3584.754180
4.275365,0.330740,0.000000,3.861574,0.000000,69.511956
11.519908,0.741890,0.001060,10.997153,27.361148,50.282744
12.804585,1.076214,0.000000,12.204511,32.491401,60.801946
2.732601,1.696795,0.006849,3.779632,38.816233,95.543013
73.903169,35.367318,0.000000,22.104901,16.651665,79.592037
13.643801,0.591891,0.002135,12.091446,22.605907,44.230855
50.977069,30.477828,0.177503,22.104901,17.857236,71.197680
16.409016,0.000000,0.002954,1.743923,0.000000,3534.997427
6.192980,0.000000,0.037559,2.440509,0.000000,3389.543991
0.000000,2.483066,1.250735,0.735715,0.000000,3620.847296
5.583325,0.218755,0.000000,4.145080,0.000000,79.724085
58.783689,0.000000,0.000000,0.055351,0.000000,3608.188443
0.000000,19.652882,0.977312,0.985782,0.000000,3580.272246
11.493092,0.592227,0.009494,9.559994,24.194525,45.762323
84.229169,0.000000,0.738266,6.130599,0.000000,3112.642551
100.000000,0.652804,0.000000,22.104901,15.469265,74.099671
0.000000,0.736234,0.000000,0.067350,0.000000,3606.825021
11.928218,1.183181,0.000096,11.558155,33.871069,64.276590
0.000000,0.021411,0.680671,0.572198,0.000000,3616.002372
0.000000,1.173214,0.000000,0.072670,0.000000,3606.241668
7.025634,0.640916,0.000000,7.607162,19.986963,48.424752
4.997511,0.000000,0.000000,0.055351,0.000000,3608.188443
10.550091,0.407968,0.002278,9.315111,11.122533,38.616500
18.120183,0.004437,0.000000,0.586521,0.000000,1949.306984
56.182278,25.640358,2.000000,22.104901,14.943862,58.379038
28.587359,0.900011,0.597990,7.107703,0.000000,55.154143
7.610660,0.740609,0.000000,8.214931,27.379139,52.978564
14.014655,1.555336,0.000049,13.018958,33.681681,76.065389
14.237390,0.000000,1.531441,4.156842,0.000000,2936.840916
4.629977,0.312850,0.000000,4.087170,0.000000,68.002795
0.000000,0.744520,0.000000,0.066856,0.000000,3606.787230
35.000915,0.780559,0.000000,21.928557,18.615199,55.482930
12.704162,0.481243,0.002700,11.088367,19.941815,41.497394
22.228234,0.000000,0.006964,3.440132,0.000000,3428.722981
23.826180,0.555682,0.000000,17.876814,20.275713,43.922975
67.434207,71.667953,0.000000,22.104901,15.853230,76.106321
0.000000,0.468966,0.000000,0.066610,0.000000,3607.648984
18.788797,0.542638,0.000000,15.367958,19.653271,41.811843
43.476773,12.035321,0.725617,22.104901,16.102053,60.354365
0.000000,0.689793,0.000000,0.069710,0.000000,3607.021747
0.000000,0.466391,0.000000,0.066473,0.000000,3607.656230
15.051003,0.087305,0.000462,6.427692,0.000000,75.322846
35.095708,12.913997,0.410105,21.873971,20.063993,63.043574
6.372260,0.278294,0.000197,5.295898,0.000000,56.658954
3.310042,0.519782,0.000000,3.541378,1.088724,59.619086
45.466251,5.014883,1.390782,13.368743,1.804077,41.368138
9.424018,2.290435,0.000000,9.863754,46.019489,83.881662
3.172216,7.998171,2.000000,2.697976,8.697248,138.702887
100.000000,53.725343,0.525845,22.104901,17.125878,89.297637
6.172594,0.348808,0.104446,3.073876,0.039402,53.257793
27.162886,0.000000,0.367141,3.872578,0.000000,3171.514618
4.804650,37.296332,0.714954,4.986197,35.427783,75.862554
74.996066,81.923803,0.218987,22.104901,17.461442,80.050034
100.000000,4.283332,0.000000,22.104901,16.038510,83.974538
9.017537,1.585670,0.026534,8.093380,40.147464,78.590728
37.762197,51.820238,2.000000,22.104901,17.868372,61.696227
10.569125,1.347190,0.000000,10.649002,35.724196,69.291541
15.413825,1.188480,0.024768,11.854327,28.047691,60.368327
5.722332,0.000000,1.544769,2.817893,0.000000,2875.900346
13.806727,11.634610,0.000000,13.002718,30.000713,69.817686
11.977034,0.503255,0.028457,7.331182,19.552297,41.960247
100.000000,4.758363,0.705488,22.104901,11.188199,58.686023
100.000000,23.314465,2.000000,22.104901,14.610528,70.895347
1.622703,0.384976,0.000000,1.561886,0.000000,154.783458
4.233951,0.000000,0.000000,0.055351,0.000000,3608.188443
5.994134,69.901527,0.459538,6.130599,34.548082,76.692517
21.746107,27.600382,0.084537,17.643609,27.050946,68.452962
100.000000,31.750295,1.156813,22.104901,17.612213,85.321748
20.198598,0.690775,0.002038,16.076859,22.614548,46.952154
8.339106,2.296190,0.005364,8.872001,47.056705,86.446448
15.270760,0.092082,0.000000,6.817626,0.000000,70.826195
4.525133,0.000412,0.001279,0.256496,0.000000,3547.215807
8.495460,0.000000,0.000159,0.090619,0.000000,3606.293344
3.103490,0.000000,0.003602,0.391895,0.000000,3590.833507
33.181736,44.292094,0.183143,22.060149,21.760849,69.983168
6.820222,0.260527,0.000093,5.487415,0.000000,56.590032
61.173739,0.000000,0.000000,0.055351,0.000000,3608.188443
0.000000,0.897927,0.003677,0.063629,0.000000,3606.356464
1.017292,1.349218,0.029704,1.375396,10.095667,95.701445
27.427157,23.097448,1.594967,15.374993,14.119849,49.823672
3.459882,0.248093,0.000000,2.742533,0.000000,111.150371
52.801980,0.347230,0.000000,22.104901,11.644299,45.250514
10.470550,40.851525,1.134813,8.476789,26.879998,59.656831
13.264159,0.000000,0.042721,3.342040,0.000000,3304.434908
9.435095,30.057686,0.661612,8.363512,38.365974,69.610245
11.351754,0.484754,0.000000,10.637687,19.151212,41.844926
8.899891,1.060196,0.000000,9.338355,38.029673,65.748531
18.072734,0.111682,0.000000,9.089071,0.000000,51.615232
7.232055,0.000000,0.426727,2.817893,0.000000,3169.441234
4.983787,2.144308,0.008728,5.937417,54.249302,99.475674
11.843376,0.618858,0.000000,11.272559,24.876329,46.542509
6.529018,0.228195,0.000000,4.938716,0.000000,66.376321
4.895541,0.242576,0.000000,3.824868,0.000000,81.820670
18.118385,0.462745,0.000000,14.782111,17.057093,39.091463
89.894066,0.000000,0.736833,6.130599,0.000000,3100.376649
31.034519,0.467561,0.000000,20.449053,16.237336,43.517547
7.896841,0.519370,0.000000,8.058287,14.336215,43.455192
1.231024,0.000000,0.000000,0.055351,0.000000,3608.188443
0.000000,58.087760,0.000000,2.676815,0.000000,3672.021906
5.098468,0.000000,0.000000,0.055351,0.000000,3608.188443
6.561750,0.914141,0.000000,7.485237,32.612990,60.815297
3.100374,0.808643,0.000000,3.861806,12.509810,60.284305
0.000000,0.534186,0.007445,0.064872,0.000000,3607.446129
19.242946,0.054820,0.000662,5.885921,0.000000,92.785019
0.000000,0.986248,0.000000,0.068461,0.000000,3605.979209
89.196033,100.000000,1.250560,22.104901,17.978016,86.608430
21.443997,0.000000,0.000000,0.055351,0.000000,3608.188443
6.934917,0.000000,0.000000,0.055351,0.000000,3608.188443
70.551385,24.635745,1.342976,22.104901,16.835602,67.931088
11.920124,0.000000,0.000000,0.055351,0.000000,3608.188443
3.412727,0.381965,0.000000,3.235605,0.000000,74.927601
5.604280,0.222978,0.000421,4.165462,0.000000,78.051661
77.181337,77.812459,0.192758,22.104901,17.461442,80.434356
8.169268,0.000000,0.000126,0.076786,0.000000,3606.722933
8.945808,0.000000,0.000000,0.055351,0.000000,3608.188443
81.710109,0.140480,0.541065,6.130599,0.000000,286.893989
11.415485,0.000000,0.000000,0.055351,0.000000,3608.188443
0.000000,1.540413,0.000000,1.800403,0.000000,3566.543695
0.000000,40.478174,0.000000,2.841037,0.000000,3443.602702
0.000000,0.460464,0.120749,0.195241,0.000000,3609.310780
49.591220,76.707650,0.863160,22.104901,19.374012,73.430481
4.592307,32.938219,0.565624,4.986197,30.899785,78.503286
50.697889,54.744752,0.000000,22.104901,17.390498,74.324702
0.000000,2.722079,1.164190,0.936809,0.000000,3641.218158
9.749801,0.963037,0.001628,9.810273,34.856036,60.500772
23.162999,14.552527,0.000000,18.430854,28.861634,69.155648
16.099910,0.000000,0.000000,0.055351,0.000000,3608.188443
13.296908,1.920217,0.018801,11.560028,35.297915,80.830812
27.258550,48.729964,0.000000,20.320214,25.939383,71.422536
75.571871,1.774473,1.020775,13.019479,1.125962,55.489974
0.000000,0.033474,0.031906,0.067015,0.000000,3608.166732
7.381115,1.794116,0.230163,4.558478,42.592115,64.252956
59.776364,12.576976,0.697288,22.104901,17.588957,66.757763
4.469135,0.334037,0.000000,4.048245,0.000000,66.119148
5.241752,0.068298,0.000000,1.946671,0.000000,353.198055
9.566087,0.000000,0.000000,0.055351,0.000000,3608.188443
48.656099,2.536940,0.000000,22.104901,18.563809,73.853964
0.000000,0.000000,1.309764,0.711944,0.000000,3623.403912
0.000000,0.603796,0.000853,0.070288,0.000000,3607.282904
12.012821,0.689856,0.013088,9.744052,25.082278,47.669260
16.514887,0.173138,0.000000,10.693446,0.004617,38.516965
1.820981,0.000000,0.000988,0.104748,0.000000,3605.465671
3.731564,1.092452,0.000200,4.917255,28.049820,68.234538
6.893625,0.235971,0.000000,5.294270,0.000000,61.281888
0.000000,0.000000,0.423279,0.619939,0.000000,3607.852171
0.000000,0.000000,0.000185,0.055555,0.000000,3608.188214
5.284621,0.113765,0.000000,2.736973,0.000000,163.781406
13.276701,0.900816,0.006293,11.758327,28.077867,53.635654
0.000000,1.919726,0.020389,0.283083,0.000000,3600.849441
100.000000,82.045830,0.757256,22.104901,17.643195,90.242352
8.547312,0.390659,0.000000,8.057639,6.117130,39.705868
11.724827,0.490160,0.000000,10.935046,20.197661,42.168087
24.749759,12.238859,0.543710,15.162828,19.054757,56.291279
6.571374,0.317284,0.063913,3.229596,0.011509,52.864689
21.587187,63.155789,0.000000,17.643609,23.046653,67.762693
13.476776,0.123780,0.000000,7.265763,0.000000,60.451078
15.704133,0.000000,0.000000,0.055351,0.000000,3608.188443
0.000000,0.000000,0.000818,0.055837,0.000000,3608.187016
16.258506,6.965431,0.147955,12.255830,31.502798,66.901125
9.311455,0.397711,0.011778,7.008244,7.365633,38.852149
12.430512,0.000000,0.000000,0.055351,0.000000,3608.188443
9.680624,0.568421,0.000000,9.575568,21.989071,45.432761
3.551091,0.064886,0.000000,1.279304,0.000000,698.599112
7.511777,0.784534,0.000000,8.173778,29.384622,55.071822
0.000000,9.069993,0.000000,2.564531,0.000000,3646.451500
14.216523,0.845419,1.234414,3.872578,0.000000,407.955079
8.801508,0.180441,0.000000,5.901215,0.000000,62.762566
0.000000,0.564318,0.001510,0.069328,0.000000,3607.385609
14.522414,91.110662,0.510857,13.002718,26.886246,63.696657
6.878204,0.869885,0.000000,7.702103,31.631792,58.873927
14.321639,0.766898,0.000000,13.023978,25.758899,49.651892
0.000000,0.000000,0.000000,0.055351,0.000000,3608.188443
13.972333,0.308156,0.019712,7.865130,5.143894,34.451046
15.925999,0.571687,0.000000,13.763949,19.552358,42.500505
21.582729,0.197372,0.000000,14.220745,1.811105,31.284651
28.877934,27.338267,2.000000,15.162828,14.933244,49.235231
32.378310,0.490999,0.000000,20.911222,16.370353,44.946104
0.000000,0.249805,0.000000,0.055776,0.000000,3608.162725
43.881667,18.352119,0.000000,22.104901,17.315092,71.167021
13.051171,0.524115,0.000000,11.893861,21.693048,42.806531
14.013143,0.280339,0.000000,11.195912,4.376251,34.303937
0.000000,0.444804,0.000322,0.065401,0.000000,3607.714874
36.558024,82.227776,0.153333,22.104901,17.534586,69.048000
9.556932,0.549388,0.000011,9.443727,20.393257,44.511441
15.083581,0.255354,0.000000,11.572052,3.054991,33.711791
37.404157,0.000000,0.600479,4.986197,0.000000,3140.333029
11.961662,1.961132,0.000000,11.649714,39.307561,78.855522
7.647713,0.000000,0.000000,0.055351,0.000000,3608.188443
96.942284,60.265234,2.000000,22.104901,17.264715,83.865973
9.406880,0.055871,0.025703,3.362933,0.000000,206.428572
31.864271,92.781383,0.138084,21.827432,22.711538,69.042868
6.834278,16.860876,0.000000,8.013185,34.789188,78.160796
0.000000,17.778035,0.854184,1.122052,0.000000,3621.871576
84.379672,0.000000,1.514228,6.130599,0.000000,2928.666029
9.562143,0.000000,0.004086,1.297545,0.000000,3548.175124
37.240546,0.000000,2.000000,4.986197,0.000000,3050.259105
0.103409,0.128276,0.000000,0.080263,0.000000,3255.694087
0.000000,0.000000,0.000000,0.055351,0.000000,3608.188443
47.591348,84.451989,0.421803,22.104901,16.134502,69.425119
100.000000,12.494642,2.000000,22.104901,10.637215,56.940055
7.353798,0.000000,0.014614,2.327707,0.000000,3460.074269
0.000000,2.883803,0.000000,2.175328,0.000000,3602.849590
22.120914,0.000000,0.000000,0.055351,0.000000,3608.188443
10.291682,0.309584,0.000000,8.886554,2.667139,37.564044
16.660009,0.635988,0.000000,14.317059,20.793100,44.307199
12.998276,0.314275,0.000000,10.865396,6.453116,35.241940
47.780049,0.000000,0.801786,4.986197,0.000000,2992.702234
60.644011,100.000000,0.000000,22.104901,15.706112,74.055798
13.735462,0.053537,0.000542,4.161241,0.000000,131.250676
6.015430,0.000000,0.012948,1.872880,0.000000,3492.552361
2.040245,0.552346,0.000000,2.249178,0.000000,85.887556
10.765518,0.724007,0.000986,10.460436,28.946501,51.137613
9.708291,0.980540,0.000073,9.950014,35.703290,61.597328
11.113303,0.473187,0.000000,10.422393,17.781308,41.255583
65.171214,9.437371,0.000000,22.104901,16.679091,76.008959
22.687147,0.736101,0.001805,17.479473,23.546338,49.631477
0.000000,0.179998,0.000000,0.054338,0.000000,3608.238620
5.342527,0.337238,0.005209,4.485913,0.004870,55.808357
6.752462,1.032408,0.000000,7.690040,37.705996,66.699647
20.845450,100.000000,0.236431,16.785560,25.941396,67.711776
7.616015,0.444047,0.000000,7.542228,8.171746,41.625323
98.467434,0.000000,0.000000,0.055351,0.000000,3608.188443
0.000000,0.000000,0.388753,0.875701,0.000000,3635.742038
0.649555,0.066948,0.000000,0.258089,0.000000,2578.185459
90.611932,66.407427,1.601688,22.104901,17.769063,84.769089
14.121581,0.158993,0.000000,8.772875,0.001216,46.573046
0.159236,0.531981,0.000000,0.186372,0.000000,1925.722579
6.550173,0.891747,0.001588,7.333253,31.584059,59.674841
0.000000,8.083461,0.025361,2.042333,0.000000,3691.161382
10.592651,0.000000,0.004600,1.556892,0.000000,3533.412683
7.278418,0.248999,0.000000,5.735834,0.000000,55.626749
6.200398,0.170356,0.000000,4.047388,0.000000,91.321851
8.524133,0.479289,0.000000,8.443394,12.899426,41.801615
13.850771,0.000000,0.000000,0.055351,0.000000,3608.188443
49.464156,55.725906,1.859593,22.104901,18.885788,68.512862
13.189581,0.837720,0.192728,6.029091,13.588097,43.230557
9.053402,0.286258,0.000000,7.596113,0.362061,41.450598
8.871538,0.690213,0.001917,8.906636,27.755765,51.068153
7.256036,60.199723,0.549019,7.286218,40.515294,77.042232
6.090013,0.997708,0.000000,7.122407,34.498216,64.539665
6.802466,0.065629,0.000000,2.442996,0.000000,248.853265
16.877626,0.273941,0.000000,12.880656,6.687269,33.297380
9.943640,0.221309,0.002893,7.047055,0.004359,47.224477
12.733433,0.289512,0.000963,10.213229,3.750282,35.146876
8.400058,0.021230,0.000000,1.190215,0.000000,974.680490
7.169482,0.000000,0.000000,0.055351,0.000000,3608.188443
30.765399,0.616419,0.000000,20.728198,19.195256,48.917008
0.759136,0.532539,0.000000,0.834482,0.000000,284.517936
0.000000,0.000000,0.107765,0.089066,0.000000,3608.052461
5.183175,0.577340,0.000000,5.756608,10.105929,48.277591
9.094415,0.246848,0.000000,7.113273,0.005470,46.285943
24.081091,0.433969,0.000303,17.570021,16.508045,39.460829
15.654920,47.673386,0.148209,14.009564,23.829901,64.533467
8.198828,0.591616,0.000166,8.449957,20.068567,46.243271
12.070787,0.397488,0.000000,10.815165,12.966280,38.051351
45.650086,10.965027,0.987275,22.104901,14.517121,57.069114
6.925401,2.439636,0.000000,7.934286,57.409358,95.144515
6.435939,1.687704,0.000000,7.481640,51.616707,95.170128
17.166939,43.433056,1.498048,11.871692,26.814140,58.004485
10.756736,0.026515,0.012443,3.242192,0.000000,516.440409
0.028208,43.204843,0.537561,1.705377,0.000000,3613.983686
13.425076,0.000000,1.260158,3.020146,0.000000,3238.035187
56.984712,70.105125,0.259380,22.104901,18.836990,76.930581
100.000000,11.628647,0.558833,22.104901,17.887348,84.045078
0.000000,0.910373,0.020983,0.065737,0.000000,3606.455935
42.822110,5.526979,1.449743,13.686342,1.357927,44.205340
6.331051,0.915152,0.000000,7.307379,31.922144,60.717481
7.602084,1.655039,0.028792,6.988916,45.978382,88.343251
1.332071,73.833270,0.306142,2.937082,1.688101,99.618471
30.891100,9.448134,0.124306,21.045682,25.047617,68.034744
11.535684,0.446626,0.000000,10.647836,16.360976,40.099715
100.000000,8.108477,0.150157,22.104901,18.526075,92.469915
0.000000,0.063188,0.000000,0.055009,0.000000,3608.235879
7.137689,0.368111,0.000000,6.634381,2.163627,42.808392
9.516489,0.335953,0.000000,8.495068,3.585690,38.334485
6.207189,0.113432,0.000000,3.205422,0.000000,136.418033
15.266307,19.163030,0.546356,10.749913,27.702748,60.250522
25.242899,0.000000,0.328614,3.872578,0.000000,3173.175623
8.546967,0.180440,0.000200,5.711206,0.000000,64.445293
0.496340,1.519774,0.000000,1.809057,0.000000,153.150984
6.999308,0.214450,0.000000,5.134626,0.000000,65.959672
8.370282,0.000000,0.000624,0.250006,0.000000,3600.800828
10.386040,0.649861,0.000048,10.232890,28.270042,49.659075
3.432355,0.279770,0.000000,2.895469,0.000000,99.842055
4.572139,12.316993,0.045048,5.876710,25.555831,74.968155
7.919424,0.395443,0.000929,7.409367,5.227878,40.627771
11.814085,0.367448,0.000000,10.467996,9.792026,37.029335
7.669912,0.196629,0.002517,5.169908,0.000000,65.748892
3.644526,0.000000,0.011064,1.059092,0.000000,3544.985276
48.033660,74.231652,0.768981,22.104901,19.225075,71.898329
8.740936,0.379215,0.000000,8.152072,5.600805,39.367327
78.071012,0.369811,0.000000,22.104901,13.496599,51.885906
27.082500,33.212788,0.710175,18.430854,23.379248,64.990960
0.320767,0.184134,0.000000,0.233436,0.000000,2299.016544
100.000000,46.448846,2.000000,22.104901,18.066011,87.235807
9.100323,0.429782,0.000000,8.720006,10.289979,39.965900
2.312131,0.487789,0.000000,2.417982,0.000000,85.819459
7.430710,0.371817,0.000519,6.865936,2.807984,41.853148
11.790695,4.981590,0.532638,7.311974,23.187545,49.952356
0.000000,0.803365,0.003340,0.062291,0.000000,3606.584062
7.749315,0.455653,0.000000,7.715673,9.332293,41.703882
6.809485,0.185763,0.000000,4.650377,0.000000,77.231057
6.119489,0.464977,0.000000,6.238395,5.979596,44.563632
11.699409,0.013441,0.000000,1.087160,0.000000,1124.043344
36.085082,45.394971,0.463060,22.104901,18.926886,67.985292
20.088488,0.501231,1.201598,3.872578,0.000000,788.382946
8.234214,0.526546,0.000000,8.354435,15.692289,43.591296
4.844292,0.389400,0.000284,4.588834,0.172908,53.690618
5.382085,0.000000,0.672944,2.280058,0.000000,3401.445639
5.057614,0.021684,0.000000,0.738533,0.000000,1572.043255
5.001563,0.317444,0.000000,4.435575,0.000000,62.516665
15.118285,0.115668,0.000000,7.799840,0.000000,58.153850
8.071146,0.313015,0.000000,7.054101,0.633937,42.537819
12.323256,0.067685,0.000082,4.476310,0.000000,115.215904
5.929177,0.306968,0.000000,5.171663,0.002278,55.312790
2.892827,0.289053,0.000000,2.484694,0.000000,114.001709
1.205060,0.046931,0.000000,0.352520,0.000000,2333.007155
11.657290,0.459884,0.000000,10.783647,17.686627,40.722202
5.943868,0.063489,0.042482,2.603098,0.000000,343.208479
1.103327,0.300575,0.000000,0.982560,0.000000,397.753759
7.198280,0.294190,0.000000,6.142769,0.006135,48.511073
3.716419,0.000000,0.000257,0.073233,0.000000,3606.790773
38.907145,0.000000,0.258099,4.986197,0.000000,3219.665608
7.019623,0.220036,0.000047,5.210239,0.000000,64.255374
6.865949,0.359184,0.000000,6.324088,1.335734,44.093803
36.724606,0.000000,0.998145,4.986197,0.000000,3199.991475
3.839072,0.000000,0.000000,0.055351,0.000000,3608.188443
8.132212,0.624699,0.000000,8.461137,22.035028,47.713503
47.045538,49.528636,0.962260,22.104901,20.127592,72.123415
5.063478,0.134168,0.092997,2.347485,0.000000,154.949109
11.674019,6.201135,0.893264,6.831033,19.065419,51.485763
11.526525,64.263304,0.088521,10.742832,28.500943,68.472382
49.926651,94.487870,0.066334,22.104901,17.479981,73.691686
50.014747,2.346214,0.102511,22.104901,20.636466,72.956300
5.042214,0.761282,0.008238,5.348450,19.693552,53.984984
16.142069,24.370497,0.264494,13.002718,23.310612,65.457491
8.176092,0.853799,0.000000,8.740317,34.291227,58.962124
4.457631,0.166197,0.027083,2.638375,0.000000,130.473494
5.073587,32.947075,0.667626,4.986197,35.191256,77.575359
12.427143,9.649260,0.000000,11.871692,38.162462,75.411530
11.411772,0.272332,0.008018,7.855990,0.798159,37.182150
0.000000,10.631763,0.480257,0.909664,0.000000,3627.667767
31.799141,0.235452,0.000000,19.172039,6.904949,34.587247
7.775879,0.386666,0.000000,7.347306,4.395866,40.902595
7.110451,0.178389,0.000000,4.750420,0.000000,77.046980
7.150200,0.337040,0.000000,6.440669,0.738028,44.271607
12.532868,0.831346,0.476503,3.872578,0.000000,100.032938
21.559456,93.503740,0.979023,16.785560,24.910233,63.409509
7.251329,0.203007,0.002011,5.004987,0.000000,67.188575
11.469352,0.000000,0.006355,2.084210,0.000000,3499.941328
8.029275,0.237293,0.000000,6.171799,0.000000,53.263861
6.186103,0.423250,0.000765,6.006010,3.549541,44.528134
8.034278,0.311631,0.000059,7.002623,0.556676,42.766410
13.393996,0.354275,0.000000,11.430820,10.914030,36.315704
48.006750,7.635457,0.082183,22.104901,18.943258,72.233513
6.532418,0.347358,0.000000,5.955110,0.539798,46.272564
7.059252,0.113020,0.000000,3.633247,0.000000,119.757945
6.593797,0.348744,0.002301,5.787038,0.572704,45.815309
2.748220,1.579194,0.033083,3.135577,36.352158,88.058913
20.360633,3.881450,1.155898,7.804265,0.307784,41.280326
7.409547,0.418990,0.000000,7.226276,5.918559,41.620955
88.564620,0.120259,0.000000,22.104901,4.039591,39.310124
19.277034,10.559159,0.414159,12.482719,24.057641,58.274254
3.309224,0.268542,0.000000,2.737009,0.000000,107.487960
18.132689,35.503020,0.443707,14.009564,23.162367,65.000270
13.937671,0.175019,0.000000,9.116455,0.003999,43.516831
11.024247,0.353948,0.000000,9.815017,7.325930,37.012753
9.136648,0.300470,0.000000,7.830243,0.957228,40.189610
1.977654,0.000000,0.188917,1.417285,0.000000,3401.411607
4.395322,0.824026,0.006592,4.945699,20.033622,57.027792
8.256992,0.364269,0.000000,7.627950,3.690559,40.143856
9.058458,0.418756,0.000000,8.637408,9.319839,39.703719
7.473799,0.422637,0.000000,7.306154,6.312506,41.540010
11.250903,0.022098,0.000000,1.643918,0.000000,626.724285
0.000000,6.581787,1.391724,0.616883,0.000000,3628.670574
49.332995,1.230200,0.000000,22.104901,18.510234,74.301714
9.015753,0.195897,0.000000,6.300716,0.000000,57.060609
6.815881,0.347002,0.000000,6.205930,0.783746,44.993858
5.573023,54.783303,0.000000,7.286218,22.705192,76.620701
6.830051,0.375383,0.000000,6.398498,2.078899,43.559739
4.683573,0.559646,0.000000,5.144014,7.313354,49.482718
9.449420,0.219453,0.000000,6.981790,0.002086,49.581481
8.574758,0.348756,0.000000,7.780112,3.131762,39.744851
14.709162,0.294952,0.000189,11.738474,6.581934,34.232263
8.922542,0.340807,0.000000,8.025740,3.091182,39.227191
6.544080,0.450085,0.000000,6.571993,6.071793,43.493546
9.888491,0.126857,0.000000,5.439519,0.000000,78.031834
0.000000,0.512877,0.000000,0.068832,0.000000,3607.527818
3.202193,0.291810,0.000000,2.758242,0.000000,102.457217
7.608919,0.469758,0.000000,7.648421,10.034629,42.175883
10.317191,0.365236,0.000000,9.352025,7.177025,37.673970
11.802499,0.145795,0.000322,6.970253,0.000000,58.538306
18.689857,69.708900,0.239408,15.912678,25.430192,65.706446
6.524280,0.366446,0.000123,6.047715,1.219750,45.081026
7.996328,0.363570,0.000000,7.385369,3.222759,40.687112
40.902826,2.161486,0.087348,22.104901,20.830902,70.775371
2.764611,0.268107,0.000000,2.290803,0.000000,128.673648
3.228639,1.486781,0.000000,4.522691,36.630110,93.083849
19.705417,51.966281,1.231449,14.009564,21.515489,58.031935
9.245191,0.085711,0.110483,3.061592,0.000000,146.995799
12.089288,93.802533,0.617386,10.742832,29.110627,67.623217
11.079933,27.796134,0.000000,10.742832,28.768825,72.413055
22.562457,61.708035,0.188045,17.643609,27.526211,68.803169
26.728268,7.243998,0.695868,14.863931,16.377601,48.280979
5.961991,0.316056,0.002784,4.998349,0.005212,53.649396
39.651483,8.377845,1.741045,14.409885,3.731998,41.181757
5.938030,0.019892,0.000000,0.799812,0.000000,1479.136539
4.938876,0.476071,0.009920,4.508968,3.200076,48.348636
20.144667,27.370622,0.000000,16.785560,24.299130,68.229627
28.929969,9.056625,1.360866,13.336433,7.825141,41.113705
0.000000,0.362543,0.023584,0.065933,0.000000,3607.878896
75.941199,0.000000,0.791077,5.648271,0.000000,3057.335971
0.000000,0.382210,0.000000,0.061977,0.000000,3607.887489
8.640530,0.374453,0.000000,8.036229,5.067679,39.480613
10.469781,0.450084,0.000000,9.852881,14.672556,40.229716
7.475737,0.377029,0.000000,7.005921,3.231111,41.664777
25.798115,0.540917,0.706813,4.849725,0.000000,238.078721
60.775377,21.092513,1.295350,22.104901,16.092813,64.702935
9.512199,0.495642,0.001089,9.090401,16.288215,42.132962
0.653292,0.849535,0.001449,0.828090,0.000000,175.535748
8.517677,0.366765,0.000000,7.875655,4.293909,39.670083
6.467939,0.423850,0.000000,6.354172,4.218142,43.716097
8.433609,0.352373,0.000000,7.686642,3.164071,39.962204
2.600411,0.222699,0.000000,1.951721,0.000000,170.779691
41.505906,13.802846,0.305949,22.104901,19.232732,68.539438
10.547402,0.374190,0.000407,9.497573,8.303369,37.707964
7.902918,0.091162,0.000000,3.550683,0.000000,133.329250
9.313505,0.399320,0.000817,8.598470,8.194523,39.057919
4.231486,0.030129,0.022313,2.004286,0.000000,1362.803226
55.634830,73.873826,1.243485,22.104901,19.996496,73.374592
8.503667,0.406591,0.000000,8.111428,7.255945,39.954493
0.000000,0.000000,0.000000,0.055351,0.000000,3608.188443
9.188999,7.946509,0.383135,6.861875,36.020136,66.157699
10.353405,0.390804,0.000000,9.520334,9.436079,38.231006
24.844182,49.503134,1.819718,15.912678,23.136030,60.051634
6.351346,0.119672,0.000000,3.387997,0.000000,125.758904
6.001553,0.314605,0.000000,5.286642,0.005157,53.535846
8.815147,0.345615,0.000000,7.967831,3.267685,39.346873
3.746345,5.143671,0.826810,2.817893,0.000000,69.896532
7.553116,0.128823,0.001372,4.104835,0.000000,98.742337
8.344455,0.363529,0.000000,7.700778,3.780225,39.987164
6.736844,0.362417,0.000000,6.228612,1.316768,44.430477
9.129769,0.384784,0.000000,8.510484,6.737459,38.978604
10.527741,0.496659,0.000000,10.044893,18.504928,42.251428
51.115271,32.668448,0.979446,22.104901,19.170675,68.046483
27.033081,1.075150,1.112043,5.081020,0.000000,139.640270
8.994515,0.416146,0.000000,8.569976,8.982506,39.689197
8.812522,0.376971,0.000000,8.197902,5.556556,39.260830
3.327620,53.499022,0.074171,4.986197,17.317791,81.454624
8.796612,0.407844,0.000000,8.362383,7.933071,39.680410
8.578816,0.307059,0.000000,7.429708,0.796311,41.326962
8.680576,0.322245,0.000000,7.660193,1.628777,40.258667
8.628986,0.379353,0.000000,8.057921,5.412809,39.516478
11.798788,0.084031,0.000205,4.965524,0.000000,97.461939
9.527991,0.246877,0.000000,7.446721,0.005746,44.535539
9.934107,0.434760,0.000000,9.401493,12.366736,39.751050
8.045749,0.560286,0.000000,8.279413,17.582281,44.948184
2.765776,0.346007,0.000000,2.555975,0.000000,100.177997
5.637171,0.355785,0.000000,5.193146,0.127051,50.865102
1.369812,0.414191,0.000000,1.343810,0.000000,173.874729
7.849164,0.283600,0.000000,6.576442,0.006150,46.527670
9.437184,0.407500,0.000061,8.876584,9.147868,39.165839
12.592448,0.000000,0.000000,0.055351,0.000000,3608.188443
9.096056,0.387689,0.000071,8.487629,6.902471,39.052146
8.521277,0.367328,0.000000,7.882996,4.340722,39.662201
75.772993,9.708010,1.422837,22.104901,11.555169,56.923476
7.442702,0.934183,0.000000,8.208345,35.868520,62.433760
5.546341,0.808852,0.000000,6.521224,24.259740,55.718845
16.751172,51.903006,0.389155,14.009564,21.888090,62.387788
2.146728,0.336828,0.082972,1.679962,0.000000,134.788489
12.343691,79.333852,0.471923,11.871692,31.364025,66.749310
10.122399,47.067549,0.850632,8.476789,30.536042,65.679055
19.989728,56.751533,0.392699,15.912678,26.077531,66.049789
87.971607,8.682623,0.536428,22.104901,16.571132,74.086669
8.492899,0.335054,0.001382,7.403812,2.071785,40.201856
47.364186,16.518774,1.568981,22.104901,13.810552,54.109819
1.736116,0.847217,0.000000,2.206596,4.315450,75.460943
4.183450,0.542519,0.012118,3.971889,4.300785,51.345797
14.510054,84.809227,1.016905,11.871692,32.352921,66.550716
12.535756,8.137566,0.000000,11.871692,39.903464,76.232377
8.463967,0.250986,0.000000,6.680330,0.004859,48.471586
46.442014,15.430096,0.000000,22.104901,17.645652,73.565780
0.987689,0.385599,0.000000,0.962047,0.000000,315.685521
8.336506,0.380603,0.000000,7.813979,4.984324,39.942246
10.077283,0.410487,0.000000,9.392174,10.612731,38.912881
7.612379,0.376760,0.000000,7.130237,3.444851,41.344277
12.948105,7.609593,0.730528,7.933682,20.602685,51.683596
18.652681,88.197349,0.639061,14.986921,25.522992,62.228103
9.416254,0.446863,0.000110,9.021627,12.302383,40.338781
8.095931,0.272077,0.010655,5.553075,0.007571,47.489074
8.566517,0.379712,0.000000,8.007115,5.329110,39.603851
7.500933,0.401964,0.000000,7.202759,4.923287,41.398580
8.473542,0.356447,0.000000,7.758180,3.497867,39.824812
10.966820,0.278158,0.000000,9.035384,1.278654,37.464730
13.408559,21.234834,0.182046,11.871692,32.941439,70.527878
10.528858,0.375645,0.000108,9.552835,8.419908,37.758921
8.514343,0.451797,0.000000,8.332086,10.773040,40.958148
6.243641,0.363781,0.001569,5.636536,0.744539,46.473109
7.792002,0.797892,0.009755,7.444726,30.611100,55.690373
94.240741,17.189040,1.264897,22.104901,15.239502,71.281189
6.811936,0.415907,0.000859,6.554431,4.408954,42.828880
100.000000,0.496929,0.000000,22.104901,14.766410,64.979014
12.650967,3.375370,0.101587,9.318468,35.076725,67.358121
10.499616,0.214461,0.000000,7.657278,0.004414,46.296842
100.000000,53.725417,0.353192,22.104901,17.662618,88.224954
14.323960,0.316216,0.000000,11.743545,8.334887,34.889529
6.267914,0.338186,0.000000,5.667831,0.156501,48.558033
8.782996,0.350129,0.000000,7.972657,3.534271,39.348063
8.622229,0.486796,0.285571,3.017431,0.000000,102.960479
3.316006,0.586724,0.000261,3.716448,3.528110,57.191961
8.352974,0.366647,0.000000,7.730881,4.012290,39.948588
8.694643,0.360662,0.000000,7.982644,4.145613,39.412552
7.073978,0.360994,0.000000,6.526364,1.697141,43.270507
8.010598,0.000000,0.000000,0.055351,0.000000,3608.188443
39.637558,16.464262,1.311869,20.538305,16.592265,55.479683
21.732666,0.211305,0.135193,5.623915,0.387110,49.465533
8.372139,0.364011,0.000000,7.728390,3.859371,39.933568
6.273083,0.338415,0.000000,5.673737,0.163224,48.502697
3.937343,60.682573,0.516099,4.986197,31.746578,81.777618
6.381205,0.342984,0.000000,5.795885,0.311270,47.430261
8.965205,0.295198,0.001772,7.391212,0.541480,40.974997
8.495739,0.361259,0.000000,7.815145,3.867543,39.738418
8.651358,0.336310,0.000000,7.753262,2.425773,39.856106
18.405791,0.404807,0.000426,14.611932,14.903450,37.194463
8.623919,0.269820,0.000000,7.041679,0.006087,44.871839
6.478602,0.360688,0.000000,5.981142,0.935849,45.607901
7.783604,0.458958,0.000000,7.756636,9.658717,41.745319
6.521040,0.331300,0.000000,5.849452,0.161580,47.793343
7.464918,0.365088,0.000000,6.912531,2.486449,41.949233
9.388657,0.401838,0.000000,8.819966,8.594503,39.067670
8.458778,0.356532,0.000000,7.745791,3.481251,39.851226
9.734206,0.337538,0.000279,8.633972,3.991023,38.022924
7.516293,0.481784,0.000000,7.609041,10.681866,42.568041
6.535511,0.333149,0.000019,5.871704,0.198969,47.521080
8.881874,0.342700,0.000000,8.004620,3.163275,39.270513
56.213996,4.684966,0.000000,22.104901,17.394825,74.415610
4.586315,0.591639,0.000000,5.150208,8.753515,50.192236
4.747193,0.926116,0.000000,5.839067,26.427859,60.879343
27.144269,58.322740,0.482795,19.761602,24.071657,67.909778
6.013597,0.197146,0.000000,4.237210,0.000000,81.987982
13.467830,23.506945,0.818384,9.673498,27.234901,61.650822
11.190957,49.274445,0.940083,9.617189,35.149298,67.672667
45.432785,21.066697,0.125393,22.104901,17.691775,69.534308
0.000000,2.138736,0.807361,0.745369,0.000000,3624.759443
8.781146,0.342386,0.000000,7.914086,3.000881,39.459603
37.898490,16.963059,1.211608,20.270418,17.604363,55.965917
11.636551,0.712551,0.000000,11.187063,26.854158,49.436160
0.000000,0.705215,0.011894,0.059722,0.000000,3607.013684
18.427882,0.000000,0.686177,3.872578,0.000000,2938.785768
24.670948,2.557114,1.803230,6.002085,0.000000,64.120380
9.291168,0.395637,0.000000,8.703798,7.905353,39.014058
19.439569,8.632467,0.215696,14.009564,23.737069,59.933276
12.691717,0.356859,0.000000,10.993323,10.136161,36.491293
8.306103,0.381218,0.000000,7.790969,4.974219,39.990515
9.524037,0.143958,0.000000,5.638141,0.000000,71.792291
8.261869,0.371124,0.000000,7.682737,4.173633,40.082033
14.131482,1.539861,0.736593,4.557806,0.000000,75.434794
30.401801,38.957962,0.466798,20.788804,23.453821,66.615651
9.073579,0.393934,0.003202,7.975483,7.162473,39.127015
6.005619,0.261154,0.009560,4.293961,0.000000,63.509315
8.619942,0.326410,0.000000,7.644316,1.794385,40.241592
9.411592,0.380216,0.000000,8.707025,6.875492,38.645217
8.789717,0.357077,0.000000,8.035834,4.039106,39.280591
6.699860,0.288781,0.000000,5.677251,0.004212,52.452467
10.501112,13.048039,0.086133,9.641415,43.894775,77.640134
9.724404,0.361448,0.000170,8.813891,5.875146,38.113646
7.899452,0.271035,0.000000,6.475308,0.005691,48.107176
6.764656,0.357404,0.001805,6.037113,1.072646,44.518423
1.745250,0.860877,0.032224,1.976778,4.437380,74.401592
0.000000,40.811680,0.133905,2.335173,0.000000,3722.250958
9.347093,0.370020,0.000000,8.592029,5.946801,38.582541
7.302199,0.008043,0.000000,0.427237,0.000000,2292.811363
11.469757,12.915762,0.706144,7.989870,27.806058,56.656599
9.080861,0.299727,0.000000,7.775294,0.875746,40.380340
46.456509,29.299059,0.341146,22.104901,18.624000,70.724779
6.085578,0.143073,0.000000,3.610370,0.000000,109.702581
8.592313,0.342933,0.000000,7.752132,2.771216,39.821357
8.840330,0.343744,0.000000,7.976251,3.175120,39.328618
7.670951,5.585461,0.566240,5.071725,46.153588,71.035785
8.915679,0.597261,0.000000,9.050696,22.206003,46.593959
8.797938,0.358095,0.000000,8.051200,4.126359,39.262174
8.996849,0.338094,0.000000,8.069128,3.009635,39.139085
9.088271,0.405831,0.000000,8.594318,8.341437,39.386401
9.591951,0.374888,0.000000,8.817140,6.757587,38.404938
13.720858,12.773198,1.311969,8.111326,18.889814,45.549171
75.782362,0.633239,0.671368,9.840614,0.000000,66.306294
9.116555,0.336076,0.000000,8.155986,3.037296,38.963700
8.800387,0.381510,0.000000,8.217621,5.882731,39.309035
5.574338,0.000000,0.352911,2.334860,0.000000,3277.187498
8.695881,0.392234,0.000000,8.195902,6.518377,39.541261
8.865007,0.319209,0.000000,7.791048,1.662722,39.941687
8.590275,0.364639,0.000000,7.922946,4.261826,39.561358
8.775550,0.344960,0.000000,7.928589,3.165134,39.426763
6.438522,0.112855,0.000169,3.301894,0.000000,131.889155
8.694783,0.329191,0.000000,7.732890,2.046726,39.970852
8.866895,0.464138,0.000000,8.651668,12.507027,41.141231
8.140787,0.306991,0.000000,7.057729,0.476462,42.753558
9.049866,0.333108,0.000000,8.074645,2.747301,39.135002
8.642983,0.381352,0.000000,8.082506,5.588030,39.509205
0.000000,0.373731,0.000000,0.061540,0.000000,3607.909193
8.620404,0.355237,0.000000,7.875672,3.642805,39.575376
11.848797,0.233002,0.000127,8.944763,0.048447,39.334937
9.122996,0.000000,0.000000,0.055351,0.000000,3608.188443
7.904827,0.379359,0.000032,7.413724,4.125745,40.691160
8.234509,0.388805,0.000000,7.776297,5.398167,40.121766
59.318967,7.661572,0.448866,22.104901,16.888409,63.744845
6.662336,0.342550,0.000000,6.043344,0.504903,46.016555
0.266332,1.208220,0.000000,0.386852,0.000000,415.173119
28.534560,27.912820,0.338406,20.089809,24.652031,66.525380
9.805713,0.241288,0.000000,7.575663,0.005659,44.345296
10.808584,66.821181,0.371856,10.742832,28.901007,67.967460
8.869809,46.626100,0.365020,8.476789,33.928231,72.162555
40.587822,84.484729,0.547392,22.104901,18.503181,69.507406
88.504883,2.145410,0.395595,22.104901,9.858167,55.411289
8.820837,0.343848,0.000000,7.960102,3.154226,39.361774
17.697519,11.315577,0.970415,10.460470,17.137171,47.713519
1.542996,0.294691,0.000000,1.351640,0.000000,238.885872
1.355541,0.695836,0.008987,1.507779,0.000000,101.815819
14.469092,33.186475,0.000000,13.002718,27.285290,70.716044
8.131106,12.300703,1.646140,4.589148,10.375474,56.997459
8.988586,0.333675,0.000000,8.026042,2.704277,39.238607
100.000000,7.451926,0.522669,22.104901,16.539513,77.219105
1.391268,0.373626,0.000000,1.332932,0.000000,195.706535
8.518409,0.378200,0.000000,7.956852,5.132401,39.665748
8.777688,0.356192,0.000000,8.018283,3.955826,39.305132
8.826518,0.355935,0.000000,8.058067,4.014861,39.229012
14.999712,12.587483,0.654917,10.093594,26.108462,59.734737
33.526842,0.000000,0.190514,4.501659,0.000000,3097.970487
7.780694,0.228825,0.001841,5.718507,0.000000,56.579441
8.723811,0.957810,0.000942,9.133612,37.587038,63.134826
8.536680,0.365310,0.000000,7.881347,4.220972,39.645165
8.336183,0.388278,0.000000,7.861281,5.547782,39.971620
8.724505,0.345047,0.000000,7.884148,3.098940,39.520048
9.078834,0.323084,0.000000,8.010872,2.135112,39.336135
13.997019,5.071480,0.166421,9.907149,28.864759,60.568235
7.474818,0.355955,0.000744,6.768855,1.953529,42.166746
7.982939,0.330203,0.000000,7.121771,1.278576,41.779286
8.172190,0.341628,0.000000,7.372812,2.119556,40.801650
1.566851,0.648432,0.000000,1.838431,0.000000,94.811671
51.330215,57.897386,1.491917,22.104901,18.759099,69.429428
6.893451,0.374416,0.000000,6.451041,2.126582,43.381354
0.000000,0.155323,0.000000,0.054017,0.000000,3608.253075
10.523035,5.455455,0.000000,10.742832,31.222945,72.076833
8.838767,0.321094,0.000000,7.785961,1.740660,39.928890
17.053282,38.800119,0.722080,13.002718,30.763506,65.039422
10.096018,0.339447,0.000000,8.997043,4.687990,37.594810
8.827154,0.359491,0.000000,8.087715,4.275526,39.211323
8.846063,0.343106,0.000000,7.976584,3.139663,39.327870
3.367461,5.932851,0.270716,3.062416,18.637844,70.866573
3.461204,0.541420,0.000145,3.756571,2.220185,56.986198
8.120630,0.378493,0.000000,7.607460,4.447329,40.298983
8.804907,0.371493,0.000000,8.154606,5.128717,39.244997
7.862893,0.364217,0.000000,7.268948,3.054299,40.973979
11.864197,0.210440,0.000000,8.551129,0.005206,42.599160
30.621883,51.558640,1.677402,19.761602,22.289796,62.115261
0.000000,1.202284,0.551846,0.681087,0.000000,3604.358696
8.467791,0.416410,0.000000,8.126408,7.942283,40.159687
8.408788,0.330926,0.000000,7.498572,1.801077,40.586792
3.909674,90.301975,0.295763,4.986197,20.098757,79.829792
8.354109,0.322659,0.000000,7.382197,1.303345,41.086319
8.745404,0.381337,0.000000,8.169656,5.770492,39.376432
8.594131,0.374219,0.000000,7.995655,4.970464,39.546184
8.670750,0.356362,0.000000,7.927857,3.800237,39.479573
17.542584,0.345594,0.000578,13.756124,12.118442,35.509956
8.590006,0.355524,0.000000,7.851890,3.615537,39.625480
7.317915,0.288493,0.000000,6.188169,0.006008,48.649715
8.744562,0.440050,0.000000,8.468391,10.359402,40.476107
7.588605,0.351538,0.000000,6.921400,1.903647,42.025628
7.346041,0.344143,0.000000,6.659814,1.230957,43.117174
13.859651,0.369078,0.000000,11.834389,13.027035,36.904146
8.854905,0.345442,0.000000,8.001149,3.314158,39.279913
11.175261,0.255141,0.000275,8.794406,0.340600,38.563437
13.025040,0.012623,0.000000,1.140246,0.000000,1070.579918
9.274362,0.366688,0.000020,8.507872,5.556978,38.634247
8.529349,0.331362,0.000000,7.607086,1.972422,40.279135
48.184824,2.684786,0.929765,13.425714,0.000000,45.463271
7.639921,0.317666,0.000000,6.724049,0.481807,43.761073
2.604004,0.731168,0.000000,3.146139,6.101457,62.909124
40.188287,67.329018,1.459924,22.104901,20.033532,70.142799
10.133618,0.321913,0.000000,8.878487,3.372897,37.611232
14.385187,8.153181,0.399546,9.983021,27.706545,58.203726
8.978249,43.181299,0.000000,9.617189,38.115052,77.727082
8.465661,0.000000,0.347512,2.817893,0.000000,3037.571609
42.757916,7.463144,0.601920,22.104901,14.922740,56.905742
8.824806,0.343994,0.000000,7.964598,3.169886,39.352534
46.427435,5.149012,0.000000,22.104901,16.968996,72.173134
11.294133,0.882412,0.000000,11.060868,29.677177,54.665755
1.871136,0.332494,0.000000,1.716308,0.000000,155.797368
8.330940,21.926682,0.241843,8.476789,48.537265,81.586363
35.593371,7.234782,0.000000,22.104901,16.261073,69.360231
8.042895,0.227532,0.000000,6.059711,0.000000,55.205003
85.929981,11.976635,0.140857,22.104901,18.244689,86.695134
2.165611,0.346088,0.000000,2.009615,0.000000,127.092362
8.911519,0.376842,0.000000,8.280696,5.721225,39.136225
10.216444,0.284407,0.000000,8.523412,1.032338,38.586991
7.877895,0.374370,0.000000,7.358100,3.743916,40.792371
18.599997,1.117233,0.892396,4.389687,0.000000,128.143942
41.028954,3.573217,0.738783,15.267210,2.409824,39.581611
8.017661,0.358999,0.000648,7.287294,2.927889,40.693903
6.630267,0.669689,0.008305,6.495475,20.264308,49.539981
8.677608,0.348742,0.000000,7.871215,3.279877,39.549850
8.394960,0.368537,0.000000,7.781279,4.215365,39.866039
8.717984,0.343844,0.000000,7.869461,3.009564,39.553770
8.821682,0.312665,0.000000,7.691388,1.266915,40.338901
11.217062,24.906289,0.010885,10.742832,28.697712,71.276852
7.677531,0.385878,0.000692,7.165885,4.126986,41.085069
8.704242,0.339314,0.000000,7.823049,2.690931,39.673055
9.170047,0.343391,0.000000,8.259171,3.630060,38.786351
10.306273,0.407213,0.000000,9.566120,10.760048,38.721786
56.914202,36.079377,0.444461,22.104901,18.450844,72.678347
8.113083,0.350966,0.000000,7.386693,2.601002,40.681184
12.761883,0.086608,0.000000,5.496522,0.000000,88.129671
13.690440,0.815730,0.889234,3.872578,0.000000,421.620619
8.812795,0.344901,0.000000,7.960689,3.214746,39.360847
45.104434,26.018566,0.462337,22.104901,20.359120,72.831678
14.287423,0.134075,0.000000,8.064855,0.000000,53.510830
8.440944,0.340877,0.000000,7.603794,2.431551,40.193833
8.846636,0.343042,0.000000,7.976616,3.136127,39.327804
10.271588,0.027018,0.522554,2.817893,0.000000,3130.041746
4.815367,0.369852,0.000000,4.500376,0.008648,56.303306
8.966412,0.350006,0.000000,8.131059,3.803177,39.049055
8.669156,0.357958,0.000000,7.939229,3.910488,39.470133
8.156625,0.339756,0.000000,7.345619,1.990599,40.902506
9.124086,0.183733,0.000000,6.172790,0.000000,59.792533
14.794048,26.057264,0.858447,10.742832,28.169276,57.464415
33.282042,0.358040,0.683858,4.986197,0.000000,271.704306
8.537174,0.320890,0.000000,7.524572,1.402201,40.678691
8.362635,0.369281,0.000000,7.758285,4.213914,39.917425
7.879658,0.000000,0.471952,2.817893,0.000000,3353.376224
8.689977,0.338242,0.000000,7.802226,2.600966,39.726843
8.877131,0.293778,0.000000,7.538751,0.500618,41.375302
8.740050,0.366570,0.000000,8.067034,4.653555,39.327618
8.860116,0.343141,0.000000,7.989012,3.162243,39.302411
19.461326,0.023246,0.000533,2.985468,0.000000,246.178758
8.582377,0.348131,0.000000,7.781101,3.101035,39.740682
6.818208,0.567193,0.000000,7.279412,14.699356,45.735056
8.686024,0.398709,0.000000,8.225911,7.004112,39.636857
8.008722,0.350414,0.000000,7.288299,2.418485,40.943660
7.404420,0.376682,0.000000,6.937750,3.088960,41.848590
0.000000,0.405612,0.000000,0.063204,0.000000,3607.825546
8.601008,0.354895,0.000000,7.856324,3.588783,39.612629
8.589415,0.284391,0.000221,7.168048,0.137254,43.221334
8.309458,0.060103,0.000000,2.784929,0.000000,210.886325
8.458605,0.342911,0.000013,7.632240,2.581421,40.102498
8.642414,0.382324,0.000000,8.088158,5.660293,39.516267
39.913373,4.086988,0.451907,18.489769,12.178210,49.518481
7.759479,0.324884,0.000000,6.885724,0.825734,42.800779
9.767508,0.141829,0.000000,5.732809,0.000000,71.133696
6.866200,28.472206,1.358042,5.337493,48.007765,77.046010
9.673386,0.300347,0.000000,8.277844,1.423781,38.941830
11.372478,82.502070,0.052176,10.742832,30.250577,71.630720
9.160297,29.966232,1.315025,6.861875,37.981612,74.636352
53.101375,1.541535,0.108603,22.104901,19.043430,67.930864
55.855186,7.026026,0.685353,22.104901,13.517738,55.273718
8.825203,0.344009,0.000000,7.965048,3.171449,39.351609
21.960162,31.187515,0.869126,14.986921,20.708421,56.613628
0.000000,0.429085,0.000000,0.064462,0.000000,3607.761075
6.438973,0.524675,0.005122,6.261673,10.566064,44.780776
31.428043,55.102305,0.675209,21.212890,25.413860,70.345947
18.616260,3.598793,0.060075,14.294877,27.498416,65.833166
8.087924,0.337322,0.000000,7.267448,1.765367,41.169040
53.199715,8.142032,0.247618,22.104901,18.890442,70.333941
5.969361,0.343050,0.000000,5.429323,0.101067,49.941589
8.497241,0.349904,0.000000,7.721384,3.094280,39.877741
9.815289,0.163527,0.000000,6.234924,0.000000,62.198727
7.920734,0.341081,0.000000,7.147390,1.766193,41.478040
14.854737,3.537303,0.000000,13.567422,23.812064,67.595240
32.327893,5.781130,1.203983,13.019479,3.311417,41.243891
8.115253,0.389184,0.000042,7.664416,5.199501,40.307287
1.685436,0.405468,0.001756,1.593899,0.000000,139.896270
8.691701,0.347086,0.000000,7.870094,3.188758,39.548337
8.996044,0.357432,0.000000,8.212743,4.394145,38.969083
8.904844,0.344157,0.000000,8.035185,3.297731,39.210547
8.734422,0.330651,0.000000,7.779607,2.182367,39.837037
60.304771,0.000000,0.097326,5.175407,0.000000,3112.001193
8.388335,0.348570,0.000533,7.544643,2.814367,40.104090
8.776372,0.340225,0.000000,7.893329,2.850495,39.510430
8.683625,0.342537,0.000000,7.829493,2.874078,39.645847
8.780323,0.587457,0.000000,8.923809,21.236284,46.116214
5.306856,15.523023,0.226002,5.423800,34.551461,76.660435
8.703918,0.342534,0.000000,7.847310,2.902476,39.605962
10.751856,0.201929,0.000000,7.601879,0.002826,47.767961
10.241834,18.878234,0.655029,7.566816,35.417498,64.900809
8.843997,0.346647,0.000000,8.000282,3.381937,39.283628
84.268591,23.910649,1.130070,22.104901,16.575799,74.487823
9.161301,0.191569,0.000000,6.330901,0.000000,57.392407
8.838480,0.341065,0.000000,7.954364,2.992115,39.375313
8.846694,0.343035,0.000000,7.976619,3.135773,39.327798
5.463576,4.209441,0.092378,5.126726,64.733922,102.700630
5.593255,0.315252,0.000000,4.937202,0.000320,56.879008
8.603525,0.346492,0.000000,7.787911,3.022367,39.728322
8.711014,0.361319,0.000000,8.001998,4.220138,39.383635
8.352250,0.343106,0.000000,7.542037,2.449578,40.333634
8.693972,0.391393,0.000000,8.189063,6.449407,39.533947
13.126690,26.264955,0.710121,9.673498,31.873327,64.239035
23.441533,1.305457,0.715964,6.662305,0.000000,52.950707
8.880428,0.389200,0.000000,8.335055,6.630320,39.296320
8.361395,0.358510,0.000000,7.674985,3.465662,40.011679
8.861544,74.952214,0.312369,9.617189,39.009643,76.430250
8.852921,0.346791,0.000000,8.009082,3.405198,39.266607
8.859736,0.362710,0.000000,8.139218,4.565632,39.156816
8.821224,0.365104,0.000000,8.124231,4.679744,39.211154
8.879052,0.341819,0.000000,7.995701,3.098814,39.288663
9.297543,0.123707,0.000439,5.000317,0.000000,84.541250
8.682583,0.353667,0.000000,7.916272,3.629198,39.483522
7.747710,0.189975,0.000000,5.344459,0.000000,67.206558
7.626677,0.463183,0.000000,7.640556,9.595256,42.001919
8.480039,0.349276,0.000000,7.700258,3.027110,39.923448
7.682332,0.329865,0.000000,6.856914,0.957889,42.757382
5.245943,0.362616,0.000000,4.866899,0.052658,53.167668
8.699140,0.343466,0.000000,7.850076,2.957729,39.597273
8.346276,0.310572,0.000165,7.244620,0.744464,41.799517
7.894212,0.321246,0.000000,6.973020,0.799753,42.575053
8.386210,0.373149,0.000005,7.805799,4.529721,39.865386
8.693734,0.378063,0.000000,8.104557,5.430377,39.422660
66.559353,7.766038,0.676882,22.104901,15.645549,59.446539
7.787008,0.347356,0.000000,7.071451,1.934701,41.614735
0.793738,0.793697,0.000000,0.986640,0.000000,151.615528
57.409367,67.528605,0.380656,22.104901,18.878500,75.823609
9.423846,0.295899,0.000000,8.017627,0.976169,39.735628
16.433860,12.143655,0.346977,11.871692,28.977268,62.740097
11.524138,72.129640,0.356908,10.742832,29.038124,68.806059
29.854886,2.352081,0.185637,16.025130,16.977764,51.231119
60.380657,2.548022,0.476626,22.104901,9.326117,49.981285
8.825243,0.344010,0.000000,7.965093,3.171606,39.351517
36.376507,11.526365,0.268172,22.104901,18.448667,65.591286
8.708224,0.591810,0.000000,8.875489,21.352178,46.302741
7.605949,0.490920,0.002124,7.428887,11.464330,42.696980
1.313304,21.722466,0.000000,3.172470,0.817610,115.271550
14.433638,23.355861,2.000000,9.170816,16.547844,47.045302
8.491316,0.350652,0.000000,7.722885,3.135399,39.876572
26.045690,14.346779,0.070361,19.279590,27.000564,68.597755
8.639489,0.343548,0.000000,7.798192,2.878513,39.713264
8.527126,0.361264,0.000000,7.842362,3.918300,39.684663
9.476844,0.420814,0.000000,8.977804,10.319890,39.499192
8.734855,0.403946,0.000000,8.291906,7.506606,39.669132
16.414432,14.791388,1.613227,9.310294,13.556979,42.465526
5.588078,22.907007,0.423040,5.192556,34.006814,73.971008
8.559776,0.386390,0.000000,8.042602,5.817252,39.653478
8.534315,0.782984,0.010031,7.918652,31.742030,55.438776
8.618135,0.379421,0.000000,8.049138,5.398701,39.531517
8.087527,0.341904,0.000000,7.300184,2.024244,41.005129
8.627427,0.345113,0.000000,7.799044,2.965065,39.706774
8.877558,0.341394,0.000000,7.991254,3.067858,39.298007
40.385348,15.488336,0.226972,22.104901,18.724449,67.928868
8.981455,0.340093,0.000418,7.999669,3.100180,39.128840
8.935608,0.342430,0.000000,8.049104,3.222235,39.180768
8.821695,0.345224,0.000000,7.970731,3.250236,39.340684
3.515869,0.344291,0.000000,3.231240,0.000000,80.320951
7.114593,8.679986,0.778927,4.799650,29.940799,58.721098
8.846875,0.341245,0.000000,7.963135,3.015698,39.356688
7.768988,0.239142,0.000000,5.997736,0.000000,54.444597
9.906953,0.000000,0.000000,0.055351,0.000000,3608.188443
8.854515,0.340210,0.000000,7.961782,2.957241,39.360915
0.052522,19.269232,0.294691,1.601489,0.000000,3176.505666
8.639335,0.292474,0.000000,7.326619,0.333099,42.251146
8.878233,0.341083,0.000000,7.989433,3.047955,39.301885
8.846699,0.343035,0.000000,7.976620,3.135738,39.327797
3.513608,4.642327,0.613713,2.817893,0.959360,64.741617
6.720421,0.340402,0.000000,6.082054,0.488531,45.909057
8.680408,0.365664,0.000000,8.009321,4.487194,39.417446
8.850060,0.339579,0.000000,7.952906,2.909188,39.381290
8.782240,0.342460,0.000000,7.915619,3.007387,39.456181
9.191258,0.267897,0.000000,7.468805,0.051518,42.893412
42.082352,2.356073,0.000000,22.104901,18.805579,72.598745
22.131085,0.269627,0.000000,15.621722,8.465465,32.803976
8.655650,0.315023,0.000000,7.572385,1.226018,40.651803
8.588995,0.343043,0.000000,7.750030,2.773752,39.825780
4.617292,31.706413,0.562812,4.986197,28.436268,74.466244
8.808156,0.335748,0.000000,7.885769,2.599745,39.545500
8.869500,0.336937,0.000000,7.948937,2.760469,39.397585
8.751426,0.363164,0.000000,8.051595,4.421584,39.315195
8.880946,0.341687,0.000000,7.996362,3.092481,39.287315
7.671679,0.430434,0.000000,7.524122,7.305647,41.334065
8.861564,0.349902,0.000000,8.038618,3.636327,39.218914
6.496001,0.393502,0.000000,6.190490,2.498081,44.144416
8.974606,0.411623,0.000000,8.530088,8.582250,39.603218
8.999704,0.345391,0.000000,8.126566,3.522206,39.037492
8.203816,0.340114,0.000000,7.389718,2.072499,40.772488
6.386956,0.344358,0.000000,5.808707,0.349646,47.274783
8.637825,0.341977,0.000000,7.785041,2.772927,39.749119
9.003939,0.325529,0.000000,7.968602,2.196966,39.417214
8.654980,0.373468,0.000000,8.041972,5.019512,39.457520
8.567834,0.366670,0.000002,7.918396,4.371511,39.589761
8.486684,0.356716,0.000000,7.772096,3.536366,39.797311
49.635928,0.000000,0.920253,4.986197,0.000000,3149.116403
8.299643,0.342839,0.000000,7.493765,2.362773,40.461148
3.135967,0.372066,0.000000,2.957097,0.000000,83.127454
30.434041,14.318145,0.688726,17.862062,20.598847,57.294422
9.384004,0.360696,0.000000,8.560965,5.268917,38.472252
16.380405,18.928081,0.629951,11.467332,24.876867,58.906113
8.431722,0.000000,0.209124,2.817893,0.000000,3269.921743
26.479371,41.246419,0.415204,19.135796,22.921513,65.522360
38.265432,7.712176,0.569658,20.197841,16.434880,56.696978
8.851684,0.342243,0.000000,7.975076,3.089060,39.331135
18.462752,16.301120,0.707231,12.461823,25.134548,56.231782
8.340085,0.508456,0.000000,8.389816,14.640101,42.890526
7.897114,0.285790,0.009506,5.639975,0.007928,46.413405
22.008299,40.157346,0.687388,15.912678,21.744674,61.423560
11.947409,12.100103,0.085642,10.742832,29.461087,67.125203
8.705359,0.347174,0.000000,7.882837,3.214229,39.521752
22.169819,14.675919,0.884543,13.990984,20.946328,51.395201
8.961867,0.349349,0.000000,8.122390,3.748728,39.061468
8.714317,0.371349,0.000000,8.077784,4.963691,39.368999
9.101352,0.232961,0.000000,6.917825,0.003906,48.606931
8.851536,0.298628,0.000000,7.571322,0.660989,41.092251
19.221605,0.881911,0.000000,15.980289,25.746721,52.933934
40.987484,85.001278,1.364822,22.104901,18.641734,68.929014
8.667347,0.360255,0.000062,7.946290,4.067958,39.457432
6.585532,0.288867,0.008282,4.937113,0.002925,53.441762
8.997800,0.325713,0.000000,7.964954,2.200962,39.424469
8.806700,0.341891,0.000000,7.932792,3.003360,39.420199
8.844814,0.344317,0.000000,7.984283,3.221307,39.312578
8.891871,0.342468,0.000000,8.011560,3.161705,39.256324
11.204985,11.793191,0.140697,9.617189,34.994812,70.215250
9.040767,0.339246,0.000406,8.045910,3.125912,39.039324
8.784306,0.341805,0.000000,7.912426,2.966656,39.464272
9.053782,0.340111,0.000373,8.069273,3.206424,39.005466
8.396041,0.315354,0.000171,7.330027,0.989241,41.349856
100.000000,65.016994,0.407159,22.104901,17.662618,85.463205
8.866188,0.341805,0.000000,7.984450,3.079750,39.311910
9.498002,0.308010,0.000139,8.196177,1.681303,38.983350
9.020574,0.320685,0.000061,7.929199,1.919063,39.534146
8.855342,0.346422,0.000000,8.008554,3.382982,39.266924
42.188421,36.255578,1.217144,22.104901,17.939375,64.914498
8.799884,0.357804,0.000189,8.021255,4.096541,39.257392
8.882741,0.341958,0.000000,7.999911,3.113461,39.280013
9.012132,0.340718,0.000081,8.088394,3.207739,39.072092
4.562582,0.000000,0.156892,2.138400,0.000000,3288.800799
8.829240,0.344023,0.000000,7.968651,3.178252,39.344215
8.874870,0.324342,0.000000,7.846532,1.972112,39.730653
8.871787,0.340409,0.000000,7.978508,2.994155,39.325281
9.142834,0.319978,0.000000,8.036678,2.019436,39.301681
8.839881,0.363723,0.000000,8.129987,4.608155,39.184662
31.231797,59.859036,2.000000,19.761602,22.148348,61.663950
25.157143,0.651038,1.024075,4.278863,0.000000,243.451111
8.832249,0.379346,0.000154,8.204470,5.763880,39.250399
8.956165,0.339716,0.000000,8.046516,3.063863,39.184863
5.347563,58.508419,0.171273,6.130599,23.703539,77.837969
8.826549,0.336609,0.000000,7.908772,2.680744,39.488956
8.858424,0.336268,0.000000,7.933870,2.701382,39.433735
8.674205,0.342092,0.000303,7.769365,2.813720,39.661395
8.881135,0.341674,0.000000,7.996428,3.091848,39.287181
8.751703,0.377631,0.000000,8.150832,5.499715,39.343584
8.865857,0.349111,0.000000,8.036812,3.587084,39.219502
8.510505,0.391251,0.000000,8.029294,6.093125,39.758447
8.160595,0.387500,0.000259,7.661796,5.149485,40.227415
8.515346,0.344850,0.000000,7.698340,2.786751,39.938847
8.328197,0.341446,0.000000,7.508833,2.316750,40.434229
9.874992,0.340788,0.000548,8.724507,4.428389,37.836717
8.835348,0.342110,0.000000,7.959684,3.057551,39.363198
9.021487,0.335191,0.000000,8.067372,2.847973,39.145982
8.269071,0.289643,0.000164,6.969913,0.125120,43.899249
8.636561,0.358706,0.000002,7.916748,3.911945,39.518814
8.777897,0.351176,0.000394,7.916854,3.576051,39.339773
29.996822,9.362368,0.921583,15.723854,10.109124,47.481419
8.913330,0.340260,0.000442,7.938540,3.014286,39.245961
7.916989,0.395463,0.000018,7.525914,5.275693,40.647502
7.569227,65.302644,0.711869,7.286218,50.089225,83.158531
9.165957,0.262246,0.000000,7.369474,0.008959,43.712561
10.052570,96.954118,0.000000,10.742832,28.763600,71.208915
12.421952,95.267650,0.521752,11.871692,32.657492,70.057250
47.103131,38.168661,0.257169,22.104901,17.706645,71.625744
75.566235,0.790325,0.630688,10.503690,0.000000,59.284057
8.854608,0.341869,0.000000,7.974769,3.068058,39.331896
26.696620,14.989671,1.688466,13.806961,13.174576,43.373389
5.332989,0.504817,0.000000,5.625155,6.247802,46.944993
1.603499,0.863352,0.005697,1.962420,3.672798,78.349875
10.232085,36.599123,0.442104,9.617189,39.603684,74.124252
60.774316,12.510365,1.909309,22.104901,11.171575,54.382497
8.908498,0.342366,0.000000,8.025192,3.178748,39.228679
59.518964,10.365956,0.000000,22.104901,16.767399,74.757553
8.863603,0.334852,0.000142,7.904250,2.607252,39.448243
8.668832,0.361712,0.000000,7.968563,4.179569,39.448622
8.780320,0.301163,0.000000,7.538942,0.710554,41.125145
8.507897,0.389860,0.000000,8.018788,5.983268,39.749408
13.038082,13.337862,0.372169,9.617189,30.531316,61.942129
41.458759,30.377671,0.084909,22.104901,17.218664,69.780326
8.919921,0.335591,0.000115,7.963548,2.732593,39.324143
2.568419,0.932081,0.004896,3.241587,14.089600,65.990370
8.989126,0.324733,0.000170,7.922322,2.120535,39.462761
8.912413,0.341897,0.000000,8.025106,3.151926,39.228624
8.960821,0.339971,0.000545,7.959482,3.054630,39.164997
8.857136,0.341478,0.000000,7.973960,3.045353,39.333853
70.942117,15.884269,0.149335,22.104901,17.920531,77.974608
8.981997,0.340462,0.000416,8.003154,3.126606,39.122490
8.895472,0.339603,0.000554,7.899660,2.939592,39.287669
8.880830,0.345760,0.000268,7.980144,3.357932,39.227231
9.472656,0.341994,0.000016,8.501422,3.968319,38.355327
91.688691,61.680483,2.000000,22.104901,18.231782,83.572416
8.970779,0.339638,0.000008,8.057180,3.078746,39.160288
10.388862,0.256682,0.000002,8.252881,0.136354,40.378403
8.861484,0.372010,0.000041,8.198677,5.261863,39.171172
8.811282,0.344837,0.000000,7.958913,3.208075,39.364438
63.907352,2.490496,0.210986,22.104901,17.141569,63.601675
8.773476,0.336973,0.000534,7.779904,2.601532,39.568881
8.888685,0.341173,0.000611,7.895646,3.031621,39.273094
8.830557,0.341184,0.000145,7.924621,2.980591,39.384516
4.238196,5.674127,0.198722,3.872578,34.716756,74.930023
9.084120,0.341894,0.000000,8.173413,3.397512,38.938400
8.813934,0.360895,0.000119,8.068929,4.349758,39.224718
8.938503,0.340433,0.000457,7.958843,3.060241,39.198335
8.664200,0.347920,0.000012,7.850467,3.204635,39.586478
9.334117,0.235467,0.000025,7.127591,0.004845,47.152051
17.301561,0.000000,0.218928,3.872578,0.000000,3161.214590
78.305909,0.752171,1.091494,7.395469,0.000000,84.442427
8.622937,0.321622,0.000182,7.578425,1.520612,40.417943
8.856316,0.340947,0.000475,7.889309,2.980479,39.337077
4.535402,32.811776,0.417113,4.986197,32.739937,78.135166
8.848117,0.336813,0.000188,7.899165,2.712205,39.434011
8.852165,0.342747,0.000000,7.979253,3.123899,39.322387
8.762325,0.365382,0.000101,8.060627,4.596685,39.294461
8.881712,0.341811,0.000000,7.997942,3.102042,39.284064
8.904762,0.432222,0.000306,8.518461,10.062214,40.150592
8.808236,0.342571,0.000227,7.901602,3.037367,39.401163
6.408645,0.365391,0.000620,5.885024,1.014403,45.623047
8.470976,0.323770,0.000364,7.440094,1.463029,40.703523
8.978999,0.346755,0.000272,8.071527,3.571425,39.052764
8.693072,0.341096,0.000321,7.775485,2.773502,39.643828
7.073439,0.345311,0.000000,6.425114,0.982299,44.049270
8.972797,0.340931,0.000397,8.002105,3.147242,39.131811
8.989002,0.324924,0.000439,7.882089,2.116725,39.447713
7.733881,0.340801,0.000338,6.932416,1.506673,42.012984
8.865413,0.355560,0.000590,7.995600,4.012390,39.161079
8.914660,0.336183,0.000231,7.944853,2.757827,39.319332
65.785147,1.588669,1.247342,9.951219,0.000000,58.018894
8.974699,0.340002,0.000486,7.981556,3.080104,39.141054
8.640551,0.381374,0.000542,7.991010,5.552471,39.505753
54.992745,72.036293,1.022893,22.104901,19.294796,72.644370
8.882886,0.304624,0.000619,7.577254,0.906622,40.590863
17.420182,41.102024,1.010616,13.002718,27.482566,62.455246
10.863977,86.573144,0.285500,10.742832,29.741333,69.965526
0.747690,41.517494,0.330126,2.287288,8.339937,156.774018
23.863812,0.683247,0.239983,8.111988,0.767077,41.750160
8.946350,0.340702,0.000435,7.971200,3.091286,39.180702
66.167528,10.965113,1.514051,22.104901,11.542743,53.490565
9.710724,0.430325,0.000464,9.120761,11.532371,39.673432
3.183046,0.916890,0.003173,4.022766,17.726581,62.814214
24.667252,57.318969,0.393897,18.430854,26.670029,67.202545
0.000000,11.101677,0.842920,1.020915,0.000000,3644.996717
8.751822,0.345193,0.000000,7.909363,3.147252,39.466683
61.562958,13.256886,0.172238,22.104901,19.732942,78.276091
8.989049,0.338341,0.000305,8.012226,2.997076,39.144550
9.019891,0.334549,0.000552,7.967464,2.770186,39.153394
8.915864,0.308087,0.000387,7.671373,1.110717,40.316076
8.502754,0.324498,0.000000,7.526473,1.552368,40.607167
23.722465,7.220774,0.392446,14.780851,17.632555,52.906489
27.970075,16.621294,1.167646,16.030307,15.832407,52.705227
8.954985,0.333404,0.000530,7.907404,2.610342,39.297164
5.016021,0.946791,0.005967,5.669110,28.369200,61.610874
9.027537,0.330408,0.000276,7.987884,2.523960,39.229129
8.830764,0.339528,0.000516,7.850263,2.848776,39.408572
8.988047,0.339562,0.000494,7.988371,3.068136,39.124392
9.038170,0.340473,0.000379,8.057579,3.209207,39.026778
25.779894,22.584981,0.079418,19.141409,24.862780,67.058237
8.975302,0.339987,0.000418,7.993575,3.084130,39.141178
9.000259,0.339476,0.000480,8.000450,3.080254,39.104610
8.993267,0.341634,0.000260,8.048264,3.233565,39.088906
9.107694,0.309469,0.000156,7.879740,1.370260,39.783848
88.314760,9.215618,0.000000,22.104901,17.082648,82.543017
8.846552,0.340070,0.000186,7.923306,2.926044,39.373823
10.639359,0.262618,0.000638,8.455405,0.345215,39.147514
8.873934,0.334318,0.000851,7.792756,2.544248,39.428717
9.058352,0.338882,0.000391,8.060768,3.126337,39.014782
21.839434,54.943460,0.287856,16.848716,24.330696,64.586341
8.894998,0.337623,0.000501,7.893408,2.810693,39.324864
8.959167,0.340488,0.000569,7.957938,3.086586,39.159661
8.845289,0.341467,0.000136,7.940881,3.020237,39.353026
4.930653,0.729091,0.519311,2.480157,0.000000,372.192202
8.966791,0.340912,0.000479,7.982733,3.132239,39.141340
8.730784,0.332971,0.000576,7.705816,2.288059,39.753531
8.985012,0.340068,0.000587,7.973802,3.093093,39.120676
9.160171,0.336796,0.000069,8.187067,3.143232,38.878148
8.882941,0.368535,0.000120,8.179383,5.030958,39.129397
21.906577,51.392360,1.814763,14.009564,19.191116,56.314886
13.573102,0.640048,0.180954,5.731921,12.299007,43.005829
8.925234,0.403020,0.000353,8.382996,7.781311,39.466321
8.956428,0.340979,0.000489,7.972723,3.121537,39.158180
7.148649,31.314304,0.161710,7.286218,39.110664,80.524238
9.085564,0.336570,0.000638,8.023926,2.988922,39.000109
8.975140,0.341469,0.000012,8.073946,3.211466,39.125883
8.816981,0.378640,0.000222,8.175583,5.678427,39.263433
8.869476,0.361490,0.000732,8.017776,4.445608,39.135051
7.971861,0.330580,0.000125,7.097511,1.279448,41.788134
8.816529,0.340998,0.000328,7.880204,2.938015,39.411055
7.115066,0.425067,0.000000,6.989891,5.705549,42.191858
8.557015,0.400904,0.000295,8.077060,6.904185,39.807903
8.379701,0.345838,0.000282,7.545425,2.641765,40.189627
8.891126,0.339739,0.000453,7.913815,2.948718,39.294540
7.481182,0.341161,0.000531,6.686628,1.227754,42.790238
8.863002,0.341648,0.000000,7.980433,3.064765,39.320267
8.998568,0.344376,0.000308,8.064870,3.430018,39.045282
8.423194,0.345822,0.000391,7.570380,2.695469,40.091839
9.032144,0.353005,0.000600,8.109207,4.085905,38.922694
9.023252,0.337177,0.000416,8.013529,2.958040,39.101945
23.662718,4.066087,1.290436,8.551171,2.580957,47.360051
8.984683,0.340083,0.000445,7.997731,3.102373,39.123023
8.727060,0.327451,0.000590,7.656507,1.950235,39.927871
43.505532,18.221291,1.006676,22.104901,17.153094,61.138369
8.983481,0.352554,0.000478,8.086957,3.984880,38.998421
12.604234,11.626549,0.000000,11.871692,38.143025,76.009050
10.714978,0.000000,0.991243,2.817893,0.000000,3245.373472
68.785062,14.393669,0.460186,22.104901,18.642198,74.307663
81.613619,4.620270,0.415757,22.104901,15.968962,66.903779
8.966206,0.339652,0.000550,7.960843,3.039953,39.160475
42.245506,24.107794,0.820686,22.104901,17.586869,65.464497
8.373031,0.412432,0.000219,7.990409,7.428301,40.188635
5.761014,0.352611,0.003551,5.008666,0.099578,50.299354
22.983444,71.877989,0.203714,17.903216,24.962272,65.861611
55.210671,3.910489,0.927446,18.762093,4.499878,46.666095
8.936330,0.341345,0.000405,7.972529,3.123345,39.189002
46.496252,13.777191,0.388950,22.104901,18.254700,67.791941
8.976683,0.333968,0.000152,7.993563,2.698769,39.249783
9.042355,0.337765,0.000562,8.009417,3.016156,39.056932
8.970610,0.350004,0.000436,8.063428,3.782109,39.034799
8.790293,0.368465,0.000003,8.121196,4.877349,39.257516
11.621058,4.424527,0.504130,6.978263,25.191110,49.699972
60.315556,76.529685,0.612130,22.104901,18.432313,73.020335
8.972586,0.341217,0.000556,7.976934,3.156961,39.125808
8.871777,0.286399,0.002957,7.070807,0.209268,42.031394
9.019932,0.337542,0.000294,8.034271,2.985860,39.103360
8.922411,0.339837,0.000564,7.922671,2.990993,39.235029
8.990770,0.339521,0.000489,7.991260,3.069468,39.120348
8.875453,0.341940,0.000244,7.951938,3.087180,39.289674
34.586496,0.000000,0.211208,4.615719,0.000000,3166.676713
8.987805,0.340043,0.000418,8.004655,3.105688,39.118596
8.879899,0.339920,0.000499,7.897916,2.942813,39.311252
8.977547,0.345535,0.000406,8.038309,3.474913,39.065551
8.915035,0.314981,0.000299,7.750046,1.465814,39.986154
10.406597,34.936945,1.048947,8.476789,30.597273,62.780885
8.993465,0.340878,0.000409,8.017309,3.172104,39.096844
9.574460,0.328830,0.000041,8.476971,3.144895,38.326506
9.016327,0.337084,0.000876,7.929070,2.914250,39.109830
8.635357,0.345010,0.000293,7.760642,2.952427,39.682328
81.964689,26.401626,1.509865,22.104901,16.370691,72.504978
9.036007,0.340572,0.000595,8.019693,3.199710,39.025922
8.979843,0.339896,0.000412,7.997835,3.084668,39.134729
8.880357,0.341897,0.000423,7.925531,3.080347,39.279097
9.369902,0.732993,0.615970,2.817893,0.000000,234.369203
8.955283,0.340114,0.000540,7.956692,3.056961,39.172585
8.626708,0.356226,0.000000,7.888952,3.721847,39.555355
8.989663,0.340032,0.000600,7.975290,3.096376,39.112995
8.459563,0.342986,0.000155,7.611081,2.579479,40.090796
9.197926,0.292197,0.000262,7.752472,0.639965,40.551207
16.336413,30.288218,0.096470,14.009564,22.811222,62.629114
46.995471,1.136595,0.741087,9.151893,0.000000,55.950570
8.948965,0.371706,0.000026,8.272253,5.389840,39.057215
9.003803,0.339610,0.000497,8.001675,3.093519,39.096259
7.568341,73.589823,0.257324,8.476789,47.375682,81.564316
8.753667,0.341948,0.000317,7.834904,2.914624,39.511373
8.881335,0.342150,0.000664,7.887494,3.084369,39.270195
8.773821,0.369915,0.000201,8.084466,4.945404,39.280513
8.906426,0.333445,0.000421,7.885074,2.555720,39.389960
8.329081,0.455131,0.000515,8.115872,10.590138,41.171243
8.942784,0.342345,0.000378,7.990043,3.203533,39.163894
7.662873,0.411123,0.000688,7.317851,5.853768,41.129317
8.445613,0.305121,0.000255,7.264677,0.608182,41.861967
8.402754,0.344760,0.000132,7.577435,2.614307,40.172705
8.939095,0.339698,0.000458,7.953704,3.010890,39.208944
7.941836,0.338440,0.000568,7.064652,1.626120,41.498404
8.882160,0.340657,0.000061,7.979336,3.021147,39.300699
8.986286,0.325557,0.000411,7.889755,2.153846,39.435196
9.026914,0.340654,0.000428,8.041017,3.202851,39.042608
8.831720,0.343934,0.000516,7.882901,3.144554,39.333670
8.897754,0.333526,0.000287,7.899925,2.557449,39.407589
60.659241,2.103262,0.426175,20.783983,7.744105,48.634116
8.985681,0.340091,0.000441,7.999350,3.104618,39.121235
8.747309,0.328993,0.000381,7.718396,2.077139,39.840807
32.223759,53.526060,0.000000,21.978005,23.369305,72.818484
8.877160,0.331859,0.000616,7.815680,2.402461,39.482154
10.427621,26.320656,0.982036,7.566816,32.789126,61.014331
11.567310,76.695329,0.081565,11.829671,31.562852,72.191632
0.000000,57.143645,0.479200,1.639379,0.000000,3642.621910
10.361126,5.019704,0.582815,6.113360,22.927627,51.115136
8.968191,0.339547,0.000562,7.959804,3.034823,39.158482
25.201324,0.000000,1.077694,3.872578,0.000000,3184.104249
8.368866,0.314146,0.000572,7.241482,0.897598,41.486547
9.245344,0.277148,0.001522,7.455176,0.177214,41.677957
2.516942,77.219320,0.302652,3.872578,15.198874,109.303928
0.000000,0.782313,0.958270,0.826119,0.000000,3627.843217
9.029147,0.339164,0.000620,7.998994,3.090838,39.057460
66.723287,0.000000,0.557431,4.986197,0.000000,3202.497710
8.983002,0.333801,0.000384,7.958749,2.682236,39.238066
9.005881,0.333577,0.000546,7.949087,2.687903,39.198366
8.920882,0.301202,0.000459,7.595945,0.797927,40.705045
8.570463,0.374033,0.000791,7.845841,4.867947,39.571313
18.250792,13.809330,0.616305,12.158882,24.840738,56.833891
10.517361,30.348320,1.769973,7.497236,27.236204,54.390969
8.974346,0.341998,0.000559,7.983760,3.213508,39.111851
9.364724,0.254256,0.002441,7.154420,0.006264,44.131838
9.024286,0.332819,0.000541,7.959516,2.662194,39.179953
9.069714,0.339076,0.000636,8.029971,3.140473,38.989174
8.991042,0.339517,0.000488,7.991549,3.069601,39.119943
8.940104,0.340687,0.000679,7.924488,3.066404,39.188535
46.565483,21.834900,0.196678,22.104901,18.284456,70.450606
8.981396,0.339721,0.000435,7.993887,3.073345,39.134366
8.971095,0.337161,0.000603,7.937369,2.875724,39.192856
8.924641,0.340283,0.000357,7.962749,3.036619,39.226600
9.070979,0.344855,0.000343,8.124806,3.567426,38.922291
80.572122,40.042170,0.191820,22.104901,17.063420,77.928298
8.935299,0.337047,0.000397,7.940884,2.832799,39.262675
9.183084,0.327363,0.000807,8.003935,2.490890,39.002756
9.041461,0.337394,0.000769,7.970724,2.976461,39.061723
8.940782,0.342119,0.000099,8.034270,3.202050,39.174651
77.875209,42.313877,1.241824,22.104901,18.079167,77.727518
8.990639,0.336893,0.000795,7.919583,2.872257,39.160051
9.031754,0.339249,0.000618,8.002108,3.100442,39.051695
8.928851,0.338222,0.000753,7.884433,2.880791,39.248709
3.020457,0.427301,0.319713,1.820952,0.000000,499.880617
9.048923,0.339121,0.000530,8.030816,3.121137,39.025421
8.841796,0.336691,0.000443,7.851043,2.680501,39.443895
8.990128,0.340028,0.000601,7.975438,3.096705,39.112227
8.936457,0.338619,0.000484,7.939096,2.933532,39.231344
8.987477,0.294560,0.000416,7.585750,0.582257,40.973974
36.436708,25.897349,1.540674,20.371618,18.309012,58.108328
10.865043,0.299890,0.860537,2.817893,0.000000,2109.887330
8.582988,0.362555,0.000479,7.827466,4.070709,39.575271
8.999300,0.339375,0.000620,7.975213,3.063385,39.105930
7.579278,0.000000,0.689945,2.817893,0.000000,3209.712702
9.075741,0.335045,0.000135,8.089627,2.901828,39.049635
8.872436,0.339483,0.000483,7.891039,2.904603,39.332745
8.867428,0.370175,0.000607,8.096787,5.098014,39.148560
8.912561,0.340066,0.000337,7.954243,3.006531,39.251932
8.714892,0.337204,0.000717,7.701608,2.525807,39.677706
8.976408,0.341864,0.000683,7.963434,3.199467,39.108368
8.108318,0.319862,0.000713,7.049594,0.905731,41.936090
8.183004,0.400776,0.000280,7.751245,6.165722,40.277212
8.618365,0.344162,0.000329,7.733403,2.869914,39.730364
9.056703,0.339522,0.000978,7.964273,3.132024,39.000126
8.131519,0.339171,0.000577,7.232909,1.895483,40.958169
9.016438,0.340857,0.000279,8.059086,3.211339,39.059823
8.988865,0.330032,0.000132,7.974439,2.458438,39.317173
8.926172,0.340516,0.000511,7.939825,3.045319,39.218068
8.869784,0.344709,0.000578,7.911870,3.249795,39.255044
9.031122,0.335761,0.000382,8.015145,2.875502,39.112829
0.000000,7.536503,0.451777,0.928247,0.000000,3638.193997
8.987811,0.339977,0.000479,7.993749,3.097338,39.118695
8.847439,0.381877,0.000613,8.157399,5.957831,39.246583
9.520152,42.760227,0.109146,9.617189,40.819646,78.961385
9.090748,0.338043,0.000632,8.040733,3.098447,38.968497
11.487613,8.876208,0.545793,7.968600,28.975235,57.929040
10.003017,32.519026,0.991866,7.566816,38.409485,69.436383
38.237061,64.195311,0.420520,22.104901,19.156244,69.139155
10.681614,0.217913,0.572581,2.817893,0.000000,1192.454999
8.971312,0.339274,0.000611,7.952080,3.017412,39.156645
64.280642,4.228559,1.123823,18.233704,3.134048,45.281842
8.613659,0.363360,0.000049,7.925921,4.205047,39.528533
9.423813,0.332966,0.000889,8.233431,3.181708,38.494929
17.972438,18.137343,0.000000,15.729210,26.202563,68.277792
35.570404,13.980619,0.216452,22.104901,19.062374,67.848367
9.038428,0.338946,0.000641,8.001587,3.087428,39.044442
28.601973,9.773155,0.631286,15.289362,16.150028,53.071147
9.027727,0.334857,0.001102,7.884049,2.767627,39.126926
9.018451,0.341040,0.000534,8.018524,3.211159,39.050136
8.957767,0.336472,0.000568,7.926797,2.814475,39.230131
8.989610,0.351547,0.000978,8.002555,3.889175,38.989096
22.664278,0.000000,0.158982,3.872578,0.000000,3116.932148
34.222532,49.271095,0.000000,22.104901,17.660835,70.486083
9.095771,0.338533,0.000623,8.050294,3.140034,38.953019
9.081969,0.338472,0.002214,7.778240,3.017805,38.962686
9.024722,0.332346,0.000566,7.952030,2.630152,39.188723
9.006478,0.336538,0.000614,7.960852,2.880593,39.140176
8.991652,0.339463,0.000578,7.976387,3.061194,39.118473
8.965660,0.340205,0.000721,7.935687,3.066951,39.150528
11.662207,18.367092,0.118441,10.742832,30.156465,67.693994
8.991354,0.340026,0.000852,7.933944,3.082809,39.106691
9.054352,0.337017,0.000617,8.004579,2.977829,39.047346
9.067978,0.338670,0.000559,8.038552,3.114660,38.999068
9.089860,0.334708,0.000402,8.053274,2.881644,39.027114
0.000000,0.439167,0.441255,0.642479,0.000000,3592.008936
8.974468,0.337311,0.000983,7.877702,2.867388,39.179442
10.419517,0.268380,0.000270,8.418867,0.452864,39.198275
9.043975,0.337425,0.000758,7.974899,2.982784,39.056964
8.914901,0.342443,0.000000,8.031295,3.193244,39.216424
0.000000,16.606871,1.428683,0.625334,0.000000,3629.100039
9.039822,0.339246,0.000788,7.980040,3.100998,39.035562
8.976421,0.339932,0.000542,7.973121,3.074328,39.138348
9.004486,0.335995,0.000836,7.917740,2.828600,39.150828
7.043872,1.507391,0.481268,3.212591,0.000000,85.876563
9.018459,0.340783,0.000625,8.001051,3.187597,39.052360
8.939384,0.336434,0.000560,7.912307,2.787932,39.264714
9.029746,0.338794,0.000622,7.996318,3.065909,39.061976
8.985589,0.340142,0.000521,7.986003,3.103074,39.119512
9.039414,0.342426,0.000757,8.008608,3.323984,38.993763
17.698211,26.856432,0.000000,14.986921,21.988547,64.701014
83.961857,0.240177,0.855109,6.130599,0.000000,356.090676
8.608371,0.353726,0.000072,7.842359,3.514467,39.611005
9.038139,0.339436,0.000858,7.968281,3.107530,39.034713
3.010270,25.589212,0.000000,4.734572,15.011786,86.912360
8.877689,0.335019,0.000490,7.861078,2.616197,39.409935
9.064150,0.338884,0.000864,7.985050,3.105287,38.998230
8.935200,0.343695,0.000534,7.966773,3.276795,39.156449
9.028190,0.340125,0.000843,7.967529,3.142242,39.041932
9.011985,0.327822,0.000448,7.925066,2.326141,39.319736
8.992407,0.340240,0.000776,7.949310,3.103892,39.102732
8.691830,0.468844,0.000677,8.432320,12.447654,41.362194
9.264210,0.336309,0.000426,8.209831,3.229724,38.708732
8.817891,0.344071,0.000390,7.893086,3.141750,39.358073
9.068464,0.339504,0.001030,7.965281,3.144108,38.979722
9.186838,0.339282,0.000685,8.122671,3.315346,38.791950
8.892232,0.339711,0.000469,7.911962,2.947467,39.292801
9.027948,0.341066,0.000190,8.085893,3.247739,39.038904
8.996859,0.339473,0.000619,7.973956,3.066734,39.108684
8.973568,0.348517,0.000595,8.028661,3.669148,39.039707
9.035855,0.336742,0.000756,7.963304,2.924931,39.082593
90.648343,0.000000,1.247005,6.130599,0.000000,3310.445359
8.988024,0.339965,0.000483,7.993189,3.096610,39.118441
8.920072,0.383967,0.000540,8.244611,6.258583,39.182798
27.151533,20.302143,1.580016,15.723854,13.351798,48.366354
9.054275,0.336089,0.000614,7.997957,2.914315,39.063040
17.030165,49.340226,0.934587,13.002718,29.677653,63.962988
10.790584,50.661178,0.384296,9.617189,41.326364,76.821116
13.030415,0.000000,0.589869,3.012317,0.000000,3044.638531
87.031109,0.415043,0.688700,7.002441,0.000000,90.918028
8.973087,0.339373,0.000372,7.994978,3.041394,39.155216
0.000000,35.372570,0.653468,1.290740,0.000000,3591.184945
9.250861,0.338212,0.000565,8.189442,3.337295,38.704266
8.924379,0.270560,0.001602,7.118072,0.023552,43.569569
19.426513,16.824528,1.117488,12.115821,19.348084,49.709151
21.159751,19.416083,0.146856,16.785560,27.461082,66.253378
9.029157,0.339042,0.000606,8.000477,3.083263,39.059481
66.174987,14.215921,0.000000,22.104901,17.008501,76.527399
9.032908,0.336385,0.000478,8.005114,2.913760,39.097486
9.025041,0.340321,0.000715,7.987902,3.159264,39.046316
9.008087,0.342113,0.000953,7.947446,3.245255,39.047347
8.980372,0.361352,0.000962,8.069246,4.599430,38.975197
5.899285,4.798674,1.216961,2.999278,0.000000,81.433752
79.962580,33.945734,1.958892,22.104901,16.347306,70.730339
9.045804,0.341115,0.000671,8.019018,3.246735,39.001039
8.835327,0.306946,0.001790,7.393437,0.919256,40.567064
9.055363,0.340669,0.000584,8.038706,3.234528,38.992155
9.055505,0.340655,0.000663,8.025281,3.228883,38.990939
9.053421,0.339492,0.000995,7.958467,3.124349,39.005878
8.993156,0.340019,0.000863,7.933626,3.084260,39.103529
44.153987,8.287830,0.124837,22.104901,18.680700,68.456538
9.053119,0.339349,0.000921,7.969556,3.118573,39.009471
8.940828,0.339022,0.000613,7.923934,2.958472,39.214962
8.915804,0.340689,0.000616,7.914422,3.036177,39.232354
9.053964,0.309151,0.001081,7.696153,1.252375,39.900074
100.000000,30.892514,1.818657,22.104901,15.551492,73.830781
9.021871,0.337248,0.000812,7.945920,2.936852,39.098035
9.622109,0.316804,0.000396,8.344210,2.352984,38.470657
9.076257,0.339694,0.000909,7.993843,3.175785,38.965600
9.092366,0.343734,0.000007,8.193349,3.539744,38.904994
100.000000,79.475763,0.210785,22.104901,17.150961,85.676304
9.044740,0.339482,0.000788,7.986090,3.124303,39.023700
8.996652,0.339543,0.000598,7.977933,3.072562,39.108265
9.044815,0.337277,0.000857,7.957820,2.967694,39.056617
8.663307,2.881209,0.329377,5.348799,33.797604,59.477734
8.939384,0.342846,0.000747,7.928204,3.210751,39.157505
9.050715,0.338140,0.000684,7.998626,3.046171,39.034942
9.043411,0.339037,0.000903,7.962063,3.084441,39.030926
9.048860,0.339192,0.000541,8.029432,3.125293,39.024330
9.197248,0.284167,0.000119,7.673774,0.368827,41.186479
32.561444,37.460299,1.358133,20.320214,19.601866,60.679469
69.809625,1.079154,0.524895,13.091228,0.402111,50.018689
8.780933,0.364654,0.000418,8.018769,4.554069,39.263970
9.042023,0.339442,0.000882,7.967584,3.111948,39.027649
5.119565,80.393752,0.633875,6.130599,32.275835,76.757378
9.010899,0.338534,0.001032,7.909184,2.996185,39.093420
9.083322,0.338824,0.000903,7.994339,3.125541,38.966008
8.985474,0.337611,0.000981,7.889541,2.902011,39.154423
9.059778,0.339190,0.000898,7.977914,3.118255,39.000730
9.054066,0.334058,0.000874,7.938119,2.762830,39.097050
9.081937,0.339101,0.000801,8.012470,3.149138,38.965781
8.550323,0.284245,0.000798,7.068544,0.112014,43.381383
7.752857,0.390847,0.000915,7.236196,4.590023,40.917994
8.888175,0.342133,0.001017,7.839028,3.071388,39.253654
9.069640,0.339502,0.001035,7.965382,3.145310,38.977682
8.916231,0.339240,0.000857,7.863694,2.925257,39.252461
8.922608,0.340206,0.000763,7.892033,3.004095,39.226029
9.026382,0.334796,0.000833,7.927532,2.778064,39.133598
9.004227,0.339060,0.000789,7.948403,3.038177,39.099927
9.005649,0.344914,0.000940,7.971632,3.438749,39.017952
9.029748,0.337533,0.000822,7.953037,2.966485,39.079272
0.000000,2.372516,0.749258,0.666737,0.000000,3621.846100
9.089946,0.339894,0.001255,7.947839,3.187392,38.936116
8.792593,0.344394,0.000555,7.848358,3.117973,39.396346
62.545860,79.953919,0.005389,22.104901,18.223250,77.848534
9.007535,0.338132,0.000640,7.969470,2.987951,39.110869
7.399848,30.234309,0.305884,7.286218,50.608219,85.779232
10.559434,33.897779,0.665287,8.476789,29.804571,64.411228
54.907384,100.000000,0.000000,22.104901,16.804139,73.926011
0.000000,6.298916,0.932963,0.769127,0.000000,3614.509273
9.009577,0.339161,0.000560,7.992524,3.066738,39.092150
77.075076,1.086072,1.176563,9.782361,0.897493,66.099204
8.610399,0.369241,0.000325,7.923726,4.611909,39.513905
8.965667,0.315717,0.001292,7.650273,1.506776,39.813003
15.799852,99.937369,0.000000,14.009564,22.253321,70.123487
23.823286,0.000000,0.698951,3.872578,0.000000,3003.235606
9.072124,0.339403,0.000665,8.029546,3.164814,38.980015
0.436365,15.010782,0.518419,1.421220,5.657593,209.858349
9.069492,0.340940,0.000742,8.025756,3.263639,38.962647
9.061582,0.340023,0.000933,7.979770,3.176579,38.985445
9.097037,0.340090,0.001057,7.989115,3.223375,38.923490
8.658627,0.354863,0.000716,7.796922,3.632976,39.502233
26.239021,11.512796,0.645891,15.162828,18.154973,55.170691
13.291315,54.050529,0.856213,10.742832,29.594996,65.155633
9.040399,0.340842,0.000613,8.022385,3.223602,39.014603
8.927201,0.308550,0.000710,7.639836,1.128035,40.250391
9.069700,0.339729,0.000581,8.044439,3.189322,38.980841
9.065632,0.336472,0.000676,7.999854,2.952203,39.035829
9.085473,0.339783,0.001092,7.971226,3.183514,38.946321
9.025180,0.339701,0.000922,7.948454,3.103717,39.052174
11.617770,5.578711,0.210726,8.453930,31.896592,62.257502
9.104276,0.339309,0.001066,7.987973,3.178367,38.921651
9.144472,0.337083,0.001028,8.011455,3.081580,38.886453
9.140441,0.340049,0.001043,8.026773,3.282041,38.853693
9.126877,0.341150,0.000177,8.173807,3.394781,38.874705
0.000000,28.828228,0.000000,2.758749,0.000000,3416.631204
9.047164,0.340765,0.000874,7.983086,3.211622,39.000480
9.899876,0.350204,0.000865,8.747294,5.195881,37.835686
9.101914,0.340282,0.001449,7.928882,3.219118,38.910147
8.726434,0.343065,0.000324,7.818317,2.950460,39.542770
0.000000,68.841990,0.151770,2.135569,0.000000,3576.609390
9.059092,0.338651,0.000789,7.991789,3.086688,39.011360
9.067438,0.340076,0.001232,7.935541,3.169940,38.971152
9.075133,0.339263,0.000868,7.996560,3.146742,38.974071
4.130399,1.348177,0.460532,2.359772,0.000000,132.622498
9.011386,0.338268,0.000928,7.925116,2.984925,39.098171
9.078253,0.339381,0.000921,7.991149,3.155994,38.966400
9.058848,0.338883,0.000958,7.964650,3.091971,39.006048
9.011322,0.339366,0.000607,7.987489,3.080437,39.085378
9.184045,0.288961,0.000121,7.721029,0.514069,40.834306
10.521112,19.083678,0.852977,7.566816,35.146365,63.366586
50.010258,1.194069,0.621377,11.187995,0.000000,49.037673
8.923118,0.365982,0.000868,8.070802,4.858741,39.059280
9.054323,0.339747,0.000891,7.978784,3.149796,39.002189
7.039148,0.052001,0.198086,2.723458,0.000000,1262.884758
9.050111,0.339355,0.001056,7.944327,3.106441,39.012728
9.087156,0.338812,0.000910,7.996194,3.129592,38.959581
9.067461,0.339505,0.001283,7.922917,3.127064,38.978378
9.066096,0.339003,0.000909,7.979975,3.113420,38.992534
9.061827,0.340238,0.001085,7.955839,3.182457,38.979983
9.026941,0.340011,0.001249,7.899892,3.107468,39.040278
8.394378,0.397741,0.000842,7.828201,6.313845,39.959613
9.251102,0.365325,0.000733,8.356891,5.363007,38.641463
8.977263,0.339433,0.001031,7.887652,3.010981,39.138158
9.069875,0.339502,0.001037,7.965402,3.145550,38.977274
8.954694,0.339792,0.000927,7.888665,3.010339,39.173568
8.931585,0.340121,0.001003,7.859521,2.996093,39.208349
9.087698,0.339792,0.001309,7.936647,3.173792,38.940763
9.023162,0.339325,0.001468,7.857794,3.041255,39.054353
9.083781,0.339198,0.000976,7.985178,3.147621,38.958871
9.114291,0.340478,0.001141,7.990990,3.269446,38.889978
78.917854,3.479679,0.069712,22.104901,20.112949,91.740698
9.110330,0.339880,0.001409,7.938682,3.205306,38.901725
9.013526,0.334831,0.000632,7.950792,2.775675,39.158642
51.236204,17.319532,0.443309,22.104901,19.335451,71.733032
9.064842,0.340249,0.000874,7.994319,3.200640,38.977696
10.824978,43.771461,0.837429,9.617189,37.248798,68.785912
9.407469,60.712374,0.247771,9.617189,38.444420,75.514234
45.240294,0.000000,0.474791,4.986197,0.000000,3158.899697
7.864536,5.193476,0.279606,5.782652,43.996549,70.064048
9.052053,0.339041,0.000653,8.011854,3.112301,39.019523
61.956093,30.091199,1.817341,22.104901,15.851612,63.598118
8.939369,0.334933,0.000525,7.906899,2.690677,39.294721
9.122248,0.340035,0.000968,8.024959,3.260306,38.883790
19.648304,73.077675,0.556230,15.912678,25.209997,64.779928
42.718298,5.944384,1.032177,18.132068,5.909502,44.138967
9.073878,0.339383,0.001067,7.962705,3.140949,38.971774
100.000000,0.000000,0.623182,6.130599,0.000000,2995.992324
9.058996,0.337488,0.001085,7.932980,2.987899,39.025584
9.068890,0.339964,0.000977,7.978136,3.180006,38.973349
9.114827,0.339686,0.001078,7.997201,3.218720,38.899310
8.989625,0.337380,0.000763,7.927848,2.905266,39.153688
9.528452,9.326447,0.856106,6.050085,30.595178,62.771712
14.788683,0.000000,0.689314,3.830876,0.000000,3025.351748
9.053258,0.339702,0.000656,8.017289,3.159651,39.007911
9.240675,0.312240,0.000442,7.977759,1.644890,39.351491
9.069785,0.339683,0.000631,8.035572,3.183164,38.980595
9.077426,0.337432,0.001326,7.907547,2.994697,38.991533
9.098294,0.339899,0.001131,7.975790,3.207142,38.923291
9.045373,0.339286,0.000945,7.958579,3.101865,39.023355
9.052090,18.482237,0.163060,8.476789,36.404978,74.374790
9.124739,0.339293,0.001124,7.994484,3.202208,38.887743
9.029241,0.340347,0.000613,8.009070,3.173295,39.040264
8.875447,0.339191,0.000398,7.905697,2.894344,39.333503
9.119054,0.341410,0.000890,8.045610,3.357157,38.873723
100.000000,39.381308,0.215844,22.104901,17.678083,86.124749
9.065454,0.341749,0.000996,7.985219,3.298686,38.955444
9.938238,0.316527,0.000381,8.602119,2.711621,37.960441
9.112177,0.340517,0.001666,7.904025,3.236320,38.888980
9.175277,0.339497,0.000758,8.102015,3.309759,38.806931
31.280222,18.392621,0.157327,21.485829,23.847059,67.703346
9.103028,0.340549,0.001458,7.930388,3.238768,38.905000
9.136709,0.340344,0.001605,7.931227,3.262238,38.851825
9.091822,0.340550,0.001183,7.965945,3.240286,38.925346
3.778788,1.265470,0.328586,2.294119,0.083726,104.099752
9.179867,0.336876,0.001136,8.020400,3.109033,38.829509
9.093190,0.340067,0.001699,7.880635,3.176274,38.925403
9.080570,0.339279,0.000984,7.981623,3.148274,38.963023
9.129279,0.339559,0.000980,8.025451,3.236119,38.878155
9.102170,0.337530,0.000626,8.047415,3.079058,38.956839
32.891599,34.765730,0.336156,21.978005,21.715738,70.228510
22.078461,1.222349,0.881291,5.735035,0.000000,86.558867
8.713054,0.343083,0.000414,7.791982,2.927494,39.566466
9.090929,0.339757,0.000900,8.008166,3.201293,38.940221
2.699547,0.000000,0.261949,1.788119,0.000000,3385.257682
9.068190,0.339839,0.001073,7.960279,3.164331,38.974899
9.117212,0.339750,0.000932,8.025035,3.235680,38.896152
9.104230,0.341571,0.001205,7.980093,3.327846,38.893016
9.076147,0.339544,0.001134,7.954530,3.151139,38.964745
9.099596,0.341631,0.001154,7.985180,3.328706,38.900200
9.117138,0.340299,0.001354,7.956199,3.247541,38.885881
8.840837,0.364600,0.001194,7.940879,4.600249,39.168476
9.289630,0.379901,0.001056,8.423343,6.565752,38.739782
9.194569,0.338556,0.001100,8.050452,3.248909,38.784307
9.070074,0.339443,0.001066,7.960146,3.139881,38.977382
9.029269,0.339884,0.001034,7.934331,3.115202,39.040994
8.976290,0.340204,0.001141,7.876344,3.056150,39.126436
9.133801,0.341889,0.001637,7.936003,3.364761,38.838851
9.088476,0.339388,0.001640,7.881072,3.126008,38.942499
9.153875,0.337773,0.001198,7.994684,3.131901,38.859399
9.148108,0.341657,0.001269,8.004487,3.392066,38.821689
66.985110,8.832942,1.968940,22.104901,8.232946,54.751721
9.122304,0.339751,0.001374,7.952684,3.215196,38.884087
9.247497,0.337940,0.000796,8.143253,3.298361,38.710386
44.239370,27.414519,0.564778,22.104901,18.549824,67.130328
9.133264,0.341255,0.001302,7.984569,3.340326,38.849264
16.589919,84.813517,0.687231,14.009564,21.147976,61.131955
9.526710,9.194386,0.710791,6.348424,33.617157,62.388401
39.011536,11.972972,0.671800,22.104901,16.266589,57.942804
51.705860,2.766628,0.218416,22.104901,17.175959,60.326558
9.068103,0.339315,0.001149,7.943552,3.123069,38.981428
0.000000,0.000000,1.394448,0.680889,0.000000,3624.072005
9.108411,0.321445,0.000739,7.904543,2.026698,39.304234
8.927229,0.330948,0.001277,7.741771,2.370113,39.400121
16.779782,24.730076,0.040777,14.986921,26.976632,66.728203
26.779466,16.070934,0.000000,20.075214,23.500397,68.936305
9.125997,0.339630,0.001359,7.956940,3.212844,38.879684
0.000000,8.567026,0.235221,1.105848,0.000000,3605.573051
9.097101,0.339513,0.001282,7.946051,3.169119,38.929082
9.106494,0.340059,0.001158,7.978796,3.228114,38.907648
9.121943,0.339524,0.001086,8.000427,3.216824,38.889678
9.158603,0.331070,0.001040,7.974220,2.689612,38.965684
10.810074,13.996327,0.375529,8.476789,31.604915,61.437542
51.949263,96.158640,1.374200,22.104901,19.484709,72.986878
9.066017,0.343158,0.000634,8.057813,3.420963,38.943326
9.468551,0.332370,0.000816,8.278155,3.204889,38.434274
9.106468,0.330496,0.001336,7.877093,2.567708,39.069072
9.142602,0.339456,0.001873,7.886156,3.191530,38.851187
9.133996,0.341386,0.001265,7.991983,3.352847,38.846961
9.108508,0.339196,0.001531,7.912487,3.147438,38.912694
41.893474,15.139246,0.102990,22.104901,19.541558,71.081945
9.147786,0.340717,0.001831,7.906648,3.289593,38.828028
8.920413,0.341293,0.001147,7.838944,3.051546,39.207799
8.940539,0.343212,0.001138,7.873363,3.213868,39.145121
9.111423,0.313173,0.001289,7.746765,1.516540,39.588886
0.000000,33.935438,0.691955,1.292491,0.000000,3591.474773
9.163323,0.342634,0.001158,8.042700,3.491310,38.789131
9.242305,0.127736,0.000285,5.081928,0.000000,82.494184
9.149981,0.338188,0.001759,7.900030,3.120345,38.856335
9.390847,0.340842,0.000539,8.328168,3.730874,38.470797
83.498620,19.488953,1.074499,22.104901,16.578942,69.456082
9.145335,0.341795,0.001913,7.899976,3.356995,38.819398
9.192126,0.340559,0.001904,7.927751,3.336083,38.758938
9.117432,0.341967,0.001550,7.937805,3.352458,38.864682
9.069681,4.712274,0.139960,7.286218,39.474425,70.791135
9.097816,0.341163,0.001151,7.980599,3.293656,38.908499
9.112141,0.341232,0.001666,7.909446,3.286302,38.880546
9.155377,0.342033,0.001287,8.010219,3.428229,38.806243
9.219899,0.341947,0.001677,7.996446,3.490376,38.703805
9.183010,0.373851,0.001433,8.240150,5.874525,38.775248
38.724362,5.425760,1.217230,13.585814,3.188812,41.540383
19.963999,0.144130,0.583055,3.872578,0.000000,1156.543373
8.473576,0.357340,0.000221,7.732806,3.545876,39.810564
9.131664,0.341479,0.001322,7.981762,3.352527,38.849193
1.681467,52.655332,0.267129,3.234219,12.961018,98.573934
9.113398,0.340787,0.001242,7.975127,3.283543,38.886992
9.130102,0.341787,0.001124,8.015767,3.384714,38.850028
9.173032,0.343263,0.001381,8.018399,3.536627,38.766346
9.103742,0.340910,0.001348,7.951422,3.271896,38.900308
9.173135,0.338684,0.001234,8.010263,3.219909,38.816033
9.189295,0.340529,0.001437,8.000356,3.359772,38.767428
9.510852,0.320804,0.001973,8.016425,2.387099,38.560079
7.772187,0.391203,0.001244,7.213594,4.633181,40.876603
9.178392,0.337691,0.001131,8.025697,3.164209,38.820985
9.134968,0.339698,0.001842,7.887027,3.199716,38.860785
9.171021,0.340446,0.001403,7.991130,3.330057,38.797431
9.100337,0.341613,0.001318,7.959148,3.318266,38.897858
9.170683,0.343566,0.001899,7.935516,3.521910,38.762674
9.150650,0.340283,0.001808,7.909143,3.264570,38.828592
9.183546,0.338191,0.001962,7.893339,3.153988,38.800242
9.141896,0.340200,0.001379,7.970464,3.273564,38.846891
42.642174,0.989888,1.470986,5.449010,0.000000,152.048673
9.145011,0.340458,0.001357,7.978522,3.297332,38.839084
9.189407,0.339227,0.001668,7.953001,3.252977,38.780100
27.032435,100.000000,1.473515,19.135796,26.296317,66.802281
9.188001,0.342060,0.001644,7.978095,3.454559,38.752109
16.600034,0.000000,0.312855,3.872578,0.000000,2997.763147
10.371548,22.529368,0.727125,7.666371,36.631049,65.629922
41.995128,68.222038,0.202621,22.104901,16.946806,69.184938
80.060093,5.318132,1.167087,22.104901,7.082841,51.343218
9.111809,0.337968,0.001565,7.899873,3.064407,38.923769
13.170798,29.746539,0.809474,9.673498,32.859139,63.157312
9.104068,0.314354,0.001243,7.758454,1.577632,39.558005
8.818951,0.327569,0.001518,7.587931,2.014468,39.714026
18.136788,48.271876,0.000000,15.912678,23.207758,66.353650
34.345244,8.790182,2.000000,13.019479,3.483065,42.279782
9.167872,0.341995,0.001924,7.917140,3.402927,38.781753
32.317397,15.662545,0.380857,21.019826,22.820209,64.432472
9.128017,0.342679,0.001440,7.969324,3.425316,38.841410
9.151653,0.340491,0.001691,7.930278,3.287931,38.825494
9.123179,0.339713,0.001341,7.958320,3.215807,38.883379
9.274213,0.337023,0.001518,8.030268,3.224234,38.673288
20.902603,2.918673,0.103610,13.712892,26.745617,62.956493
35.603344,57.112600,1.028335,22.104901,18.085989,66.394521
9.154246,0.341094,0.002047,7.880146,3.311377,38.811855
9.447920,0.349057,0.001384,8.279701,4.373574,38.349187
9.215174,0.325563,0.002171,7.788742,2.330805,38.975137
9.203060,0.343721,0.001577,8.013499,3.601110,38.714834
9.227643,0.343645,0.001763,8.002046,3.619559,38.676810
9.179635,0.340628,0.002495,7.825151,3.285774,38.773558
56.562387,5.809765,0.000000,22.104901,17.448334,75.080238
9.171748,0.342524,0.002704,7.800894,3.396756,38.764401
9.194428,0.334828,0.001655,7.926932,2.954192,38.831839
9.301074,0.347325,0.002602,7.952910,3.943852,38.539081
9.111570,0.320404,0.002350,7.636459,1.875908,39.324266
87.867494,18.803590,1.723241,22.104901,14.376762,62.112016
9.156629,0.341158,0.002127,7.869771,3.314282,38.806783
9.803284,0.191189,0.000000,6.760231,0.000000,54.181925
9.191056,0.338524,0.001881,7.914636,3.192648,38.784443
9.233013,0.344963,0.000000,8.325505,3.838095,38.678448
60.265376,25.742027,1.772255,22.104901,16.151728,63.516459
9.245626,0.340865,0.002399,7.892487,3.402755,38.668805
9.150056,0.341601,0.001987,7.890418,3.345291,38.813447
9.170885,0.343572,0.001971,7.924270,3.518067,38.761694
7.049397,4.203504,0.003610,8.000786,60.223506,95.347437
9.020895,0.345436,0.001411,7.911702,3.468101,38.984062
9.172427,0.342132,0.001337,8.016127,3.456908,38.778230
9.154605,0.342437,0.001829,7.925620,3.421585,38.798851
9.319580,0.344574,0.002445,7.970772,3.778038,38.528974
9.240838,0.337241,0.002164,7.897317,3.152927,38.718928
18.343516,22.723422,1.197512,11.911758,21.253789,52.996254
60.668406,0.382617,0.602406,6.195542,0.000000,129.103615
8.550266,0.373964,0.001217,7.760335,4.802152,39.596105
9.256802,0.343925,0.002089,7.974423,3.661709,38.628255
5.140602,68.382458,0.482096,6.130599,29.150548,72.685229
9.244023,0.341418,0.002048,7.951352,3.463034,38.668725
9.100810,0.339684,0.001639,7.893141,3.163994,38.918197
9.189501,0.343390,0.001543,8.006000,3.559494,38.738517
9.165218,0.343234,0.002205,7.880102,3.470407,38.771594
9.193188,0.340250,0.001507,7.989803,3.340911,38.763723
9.218884,0.340437,0.001483,8.015568,3.392474,38.721795
9.800157,0.278546,0.002565,7.737526,0.406548,39.974523
6.641541,0.362772,0.000373,6.105510,1.200387,44.779435
9.021410,0.339706,0.001329,7.880796,3.073785,39.053240
9.245745,0.341062,0.002463,7.883869,3.413011,38.666179
9.326948,0.341066,0.001808,8.050906,3.572349,38.549369
9.252463,0.343642,0.002018,7.980116,3.639242,38.637476
9.157230,0.340067,0.001250,8.003965,3.293665,38.824889
9.214556,0.341440,0.002029,7.931948,3.423429,38.713906
9.215101,0.341015,0.002516,7.851763,3.362382,38.713581
9.180738,0.340719,0.001855,7.928120,3.334467,38.775528
0.854118,0.449989,0.000000,0.860362,0.000000,310.221779
9.200658,0.341224,0.001352,8.029199,3.431362,38.743211
9.125509,0.340642,0.002626,7.763490,3.203602,38.859210
37.107656,55.087829,2.000000,22.104901,18.758757,64.204771
9.248213,0.342945,0.002020,7.971030,3.581816,38.649293
5.604159,17.405589,0.449539,4.986197,36.218992,71.640617
12.698043,29.895859,0.471199,10.742832,27.278639,63.474127
35.435750,78.322183,0.000000,22.104901,17.457807,69.884682
81.344585,4.175044,2.000000,15.083663,1.144233,52.787036
9.248578,0.338600,0.002029,7.935594,3.268001,38.691198
37.173946,26.059678,0.710515,22.104901,17.694034,62.408778
8.914148,0.369414,0.001718,7.948605,5.049523,39.069398
8.821420,0.340288,0.001753,7.659967,2.813128,39.397866
20.185125,100.000000,0.424315,15.912678,24.923499,64.545805
26.361210,0.000000,0.490362,3.872578,0.000000,2995.364251
9.204586,0.344400,0.001905,7.967211,3.631711,38.704198
100.000000,9.747407,0.478556,22.104901,18.114250,83.906383
9.167164,0.345312,0.001813,7.960002,3.648997,38.754343
9.218321,0.341463,0.002275,7.895951,3.414803,38.705912
9.170919,0.339904,0.002072,7.879706,3.249425,38.798700
9.330348,0.346015,0.002239,8.023466,3.913529,38.507716
31.008375,3.984555,0.475682,16.086589,9.411300,43.877529
47.391096,6.061509,1.368885,16.653049,3.240635,44.739496
9.105754,0.339592,0.002733,7.723868,3.096318,38.904331
9.081491,0.340320,0.000850,8.012885,3.230414,38.949200
9.300871,0.330326,0.003006,7.754701,2.700928,38.722180
9.276550,0.344680,0.001516,8.088151,3.783361,38.599598
9.253982,0.344681,0.002053,7.983806,3.715408,38.627341
9.213497,0.342612,0.001837,7.971113,3.519053,38.706184
30.996934,0.000000,0.344057,4.208648,0.000000,3171.885838
9.194958,0.342365,0.002081,7.915940,3.458706,38.734846
9.489736,0.335880,0.002200,8.074371,3.397546,38.352563
9.153362,0.340494,0.001926,7.894063,3.275717,38.820966
9.143765,0.346515,0.003287,7.718910,3.607597,38.767669
100.000000,6.707112,0.935002,22.104901,11.677078,58.466112
9.122067,0.339706,0.001983,7.854871,3.173679,38.880730
11.605135,0.324835,0.000675,9.867880,5.529006,36.167543
9.263759,0.340388,0.001842,7.991361,3.430023,38.650123
8.487576,0.348970,0.000463,7.643782,2.991226,39.897270
0.000000,45.062496,1.276639,0.972202,0.000000,3630.211260
9.267622,0.341596,0.001956,7.985638,3.515798,38.632096
9.141014,0.341994,0.001330,7.991742,3.402093,38.828857
9.223422,0.343500,0.002252,7.919260,3.571204,38.679949
3.976824,0.000000,0.549076,1.820952,0.000000,3425.505529
9.136543,0.343611,0.001688,7.943335,3.488855,38.816818
9.187795,0.341994,0.001483,8.003422,3.459882,38.754445
9.161905,0.341115,0.002300,7.846138,3.307743,38.797634
9.239746,0.343612,0.002900,7.830220,3.561317,38.649072
9.222008,0.243225,0.000000,7.160225,0.005362,46.330890
0.000000,56.759409,1.724223,1.224090,0.000000,3640.564528
100.000000,1.730288,0.000000,22.104901,16.614815,87.851343
9.531307,0.369477,0.001763,8.421985,6.096909,38.363299
9.304520,0.345770,0.001291,8.155875,3.919525,38.555479
11.190632,83.630986,0.246770,10.742832,27.568785,68.264129
9.285211,0.341736,0.001751,8.033301,3.564712,38.606320
9.219307,0.340367,0.002255,7.891198,3.338483,38.715778
9.069379,0.343984,0.001564,7.913903,3.425715,38.919940
9.292842,0.341659,0.001646,8.055508,3.576900,38.596518
9.202543,0.347194,0.001886,7.990358,3.834953,38.688407
9.186422,0.340738,0.001711,7.955730,3.353109,38.767502
8.697365,0.347263,0.000468,7.805603,3.181068,39.527894
6.370401,0.351234,0.000936,5.732139,0.492855,46.764748
9.030813,0.344379,0.002054,7.809108,3.367947,38.973747
9.249047,0.342854,0.002422,7.906986,3.550476,38.645304
9.444582,0.341503,0.001599,8.185060,3.786974,38.378464
9.230185,0.345423,0.001636,8.038439,3.761903,38.661396
9.168990,0.336785,0.000852,8.059691,3.105585,38.852149
9.163294,0.341901,0.001874,7.920981,3.392814,38.790334
9.234192,0.343792,0.001510,8.049143,3.656249,38.668256
9.225243,0.342296,0.002166,7.925069,3.492025,38.688334
0.000000,0.000000,0.002359,0.055702,0.000000,3608.191419
9.217875,0.342299,0.001621,8.006727,3.516601,38.704189
9.234895,0.342397,0.002888,7.819097,3.466683,38.666910
89.902005,25.158332,0.000000,22.104901,16.350528,80.502669
9.294463,0.343203,0.002401,7.947764,3.643452,38.575192
1.064438,93.232884,0.298466,2.938047,6.497813,131.656688
12.110875,60.364685,0.393936,10.742832,30.006226,66.805093
27.522917,39.613598,0.192817,20.320214,23.264186,65.908304
34.873732,3.821182,0.000000,22.104901,16.778186,69.992578
9.199871,0.341006,0.002142,7.899295,3.363870,38.740237
83.532642,13.397129,1.076458,22.104901,14.643579,64.856663
8.812349,0.369528,0.001514,7.899358,4.899989,39.210005
9.089798,0.355702,0.001953,7.955101,4.288262,38.816136
27.571896,0.000000,0.710580,3.872578,0.000000,3174.541543
12.181707,24.555302,0.000000,11.871692,36.039309,75.330873
9.241022,0.340347,0.001310,8.063321,3.428804,38.689990
47.612337,0.000000,0.437545,4.986197,0.000000,3039.864967
9.210227,0.348209,0.002225,7.949787,3.899335,38.668277
9.220196,0.342535,0.002550,7.862222,3.477307,38.690752
9.247143,0.340400,0.002101,7.937255,3.390489,38.673374
9.048232,0.343324,0.002348,7.768405,3.300474,38.954985
21.774844,8.174028,1.017102,11.075509,9.084041,41.274772
85.411275,0.000000,1.985363,6.130599,0.000000,2974.187989
9.039534,0.339709,0.002310,7.740365,3.038652,39.015951
8.919106,0.310901,0.000886,7.630341,1.226623,40.145209
9.245061,0.345694,0.002115,7.974859,3.772763,38.633158
9.263397,0.342138,0.001794,8.012817,3.559701,38.635180
9.076663,0.342454,0.001550,7.910130,3.329439,38.924692
9.192642,0.339671,0.000692,8.129263,3.350768,38.778000
0.000000,12.835763,0.256327,1.279382,0.000000,3652.996808
9.191252,0.339702,0.001045,8.065354,3.328523,38.776715
9.015432,0.339227,0.002086,7.753413,2.985534,39.065368
9.048191,0.333256,0.000942,7.915660,2.698116,39.122627
9.236116,0.338516,0.003129,7.752417,3.174643,38.704399
43.463018,6.660837,0.000000,22.104901,17.342060,71.808054
9.086277,0.342629,0.000627,8.072422,3.412962,38.916463
10.787663,0.375217,0.002145,9.339395,8.671662,37.572272
9.215183,0.342951,0.001698,7.997346,3.554957,38.701879
8.413909,0.341229,0.002415,7.242885,2.285414,40.198690
76.531157,91.561519,0.248958,22.104901,17.461442,79.717845
9.140209,0.342858,0.001274,8.006902,3.466284,38.821947
9.158577,0.342416,0.000896,8.083833,3.485451,38.800982
9.128760,0.340615,0.001925,7.876326,3.250182,38.859074
3.186429,7.344908,1.224574,2.248714,0.000000,79.774424
9.283959,0.343591,0.002162,7.980979,3.672208,38.589960
9.222649,0.341580,0.002008,7.942677,3.446606,38.700273
9.209606,0.341191,0.002265,7.888686,3.383306,38.722238
9.098799,0.339144,0.001724,7.873809,3.118239,38.928114
9.187623,0.335929,0.000330,8.158346,3.104312,38.841026
42.983052,8.182650,0.755631,22.104901,14.797734,57.830000
3.062092,1.673084,0.523378,2.005043,0.000000,201.602271
9.183389,0.331267,0.001145,7.978846,2.727662,38.916592
9.108599,0.341497,0.000460,8.111715,3.375508,38.895746
14.851893,0.000000,0.197278,3.437137,0.000000,3216.493914
9.138031,0.341714,0.000682,8.100165,3.418920,38.842245
9.318294,0.342230,0.001998,8.022976,3.632848,38.551107
8.997445,0.341035,0.001668,7.819124,3.111070,39.072512
9.314796,0.344705,0.001096,8.192026,3.868645,38.548808
9.204752,0.345070,0.002039,7.951061,3.672344,38.697695
9.200295,0.341071,0.001933,7.933497,3.382530,38.740514
8.002586,0.419283,0.000631,7.658579,7.156696,40.729144
6.507371,0.344575,0.001757,5.732893,0.404001,46.585142
9.117120,0.348371,0.002440,7.844769,3.757939,38.802117
9.130686,0.341981,0.001669,7.929083,3.364784,38.842549
9.361720,0.341483,0.001216,8.186152,3.691745,38.500905
9.134558,0.342746,0.001163,8.019644,3.457094,38.832840
9.188649,0.343435,0.000755,8.140661,3.612107,38.747021
9.143305,0.342426,0.001592,7.954640,3.419506,38.818643
9.215524,0.344744,0.000317,8.251173,3.775556,38.701716
9.252797,0.343376,0.002049,7.973332,3.618183,38.638739
1.246236,0.778219,0.002001,1.513016,0.085652,99.295379
9.234918,0.342605,0.001643,8.018776,3.562155,38.675439
9.246258,0.343282,0.000759,8.186332,3.685213,38.661766
47.859747,60.009445,0.854989,22.104901,18.635352,70.077542
9.181411,0.341226,0.001444,7.998651,3.397860,38.772398
13.248230,59.730012,0.385840,11.871692,33.344329,69.077943
7.565198,60.257841,0.289884,8.476789,43.780254,81.297451
37.840341,0.000000,0.390492,4.986197,0.000000,3041.119872
7.635072,5.531334,1.046970,4.382697,0.000000,73.056851
9.087347,0.339841,0.001140,7.964936,3.187191,38.941926
100.000000,2.528943,1.585580,13.838768,0.000000,55.006063
8.749413,0.354510,0.001484,7.751779,3.701171,39.342973
9.475642,0.352589,0.001965,8.233097,4.649264,38.306850
23.354630,9.593511,0.374311,14.986921,21.306833,56.448705
10.297587,38.610690,0.508301,9.617189,38.793592,74.578622
9.145501,0.336200,0.001171,7.981233,3.012761,38.896198
27.434931,18.236100,0.423828,18.430854,22.168223,61.406961
9.197797,0.344992,0.001987,7.953374,3.659664,38.709111
9.137444,0.342271,0.000672,8.105501,3.458506,38.837525
9.213656,0.342807,0.001814,7.976417,3.534940,38.704382
8.967461,0.322170,0.001832,7.617339,1.848344,39.569373
5.143195,14.963516,0.605887,4.411735,29.740073,68.257929
100.000000,89.572174,1.751912,22.104901,18.622157,91.978900
8.999630,0.344065,0.000000,8.116681,3.428842,39.052082
9.237419,0.305101,0.001619,7.722947,1.187138,39.663449
9.139910,0.340655,0.000927,8.050917,3.331068,38.848523
9.179161,0.339300,0.002117,7.874049,3.215676,38.792411
8.983869,0.339449,0.000860,7.922099,3.031950,39.128483
9.112845,0.341046,0.000555,8.095535,3.343823,38.892682
42.020090,20.253371,0.000000,22.104901,15.670974,70.611861
9.187175,0.338862,0.000724,8.113047,3.283914,38.796019
8.869631,0.338274,0.000898,7.810486,2.795854,39.355042
9.223986,0.334209,0.001615,7.953131,2.953759,38.792437
9.300919,0.316851,0.001710,7.861985,1.908204,39.058123
0.000000,34.267678,1.869891,0.989296,0.000000,3622.511606
9.193819,0.345743,0.000000,8.297781,3.836960,38.731157
9.444965,0.310231,0.002692,7.759189,1.611779,38.997775
9.161749,0.345770,0.001540,8.003338,3.691938,38.761594
8.670231,0.341437,0.001014,7.654125,2.723728,39.672812
100.000000,77.848975,0.693086,22.104901,17.354800,91.407063
9.032193,0.343579,0.001282,7.926983,3.361824,38.986309
9.259708,0.342725,0.001906,7.996475,3.589866,38.634865
9.066848,0.338399,0.001264,7.916272,3.050648,38.995548
11.083588,7.054344,1.212738,5.630575,18.423287,46.942558
9.250705,0.338737,0.001532,8.020808,3.312576,38.690128
9.153933,0.341193,0.001834,7.914525,3.331449,38.812902
9.188459,0.343123,0.000992,8.096005,3.573952,38.747563
9.198215,0.342987,0.000332,8.221900,3.620795,38.740818
9.157570,0.409403,0.001599,8.392053,8.665412,39.384276
44.849756,0.000000,0.866463,4.986197,0.000000,3111.211713
0.000000,1.234505,1.216041,0.877106,0.000000,3638.651487
8.779310,0.299170,0.000538,7.446887,0.610482,41.250189
9.018712,0.336006,0.000857,7.926226,2.846719,39.124732
5.617246,97.194087,0.690844,6.130599,32.288515,74.344454
8.988726,0.342290,0.000365,8.031278,3.266339,39.086351
9.116056,0.341622,0.001392,7.959541,3.336301,38.871994
9.148633,0.339265,0.001564,7.938569,3.205848,38.845982
9.076391,0.343036,0.000801,8.037183,3.416688,38.925277
9.209155,0.341692,0.001569,8.003581,3.463440,38.723639
9.225002,0.341206,0.001812,7.972915,3.435590,38.701874
9.238132,0.358407,0.001799,8.117615,4.735397,38.617202
9.003429,0.391471,0.001849,8.130251,6.920503,39.175646
9.251276,0.339112,0.001355,8.055129,3.351663,38.686551
9.073239,0.341696,0.000872,8.012492,3.313707,38.945049
8.931339,0.345650,0.001561,7.819380,3.344628,39.126318
9.004180,0.338254,0.001284,7.860640,2.952077,39.106646
9.185102,0.348510,0.003016,7.807453,3.833049,38.695458
9.197478,0.342464,0.001937,7.941602,3.478768,38.731190
9.113554,0.334856,0.000537,8.051474,2.915620,38.981289
9.238295,0.342060,0.001589,8.025842,3.530908,38.675523
5.849317,1.380997,0.001211,6.870229,45.164432,82.969355
9.132635,0.339515,0.001432,7.949479,3.209458,38.869791
9.170111,0.342047,0.000000,8.248847,3.532922,38.799163
0.000000,83.555833,1.037556,1.688593,0.000000,3629.087405
9.085028,0.340151,0.000902,8.005796,3.220355,38.944794
26.307223,30.614317,0.328305,19.135796,25.701813,67.114796
6.435515,51.772082,0.427215,7.286218,39.471515,79.050033
40.282257,63.196461,0.408444,22.104901,19.045828,68.096187
2.039634,4.286615,1.278187,1.820952,0.000000,191.940777
9.035103,0.339849,0.001027,7.940183,3.121454,39.031588
0.000000,0.000000,1.900975,0.630380,0.000000,3629.354160
9.434750,0.349898,0.001778,8.210267,4.391566,38.360391
9.241112,0.318034,0.001641,7.835276,1.917934,39.139713
9.621666,81.864343,0.122292,9.617189,41.086063,75.686287
23.215633,0.000000,2.000000,3.872578,0.000000,3154.921398
9.058243,0.333284,0.001425,7.843768,2.683972,39.098538
1.573656,31.993885,0.123006,3.234219,8.345591,98.142786
9.126141,0.341953,0.001382,7.971508,3.374504,38.852382
9.092057,0.339951,0.000000,8.165314,3.272532,38.949331
9.176819,0.345456,0.001498,8.019403,3.694067,38.741709
9.275410,0.330163,0.001210,8.035375,2.768962,38.776216
13.573058,8.477026,0.102501,11.871692,35.851291,68.826570
41.431650,72.328873,0.000000,22.104901,16.555209,72.043302
8.972365,0.343768,0.000460,8.011793,3.340114,39.093739
9.502929,0.353250,0.001839,8.280509,4.751529,38.276062
9.087925,0.327160,0.001105,7.873599,2.340569,39.183728
9.030247,0.336302,0.001894,7.772473,2.818863,39.088012
9.029440,0.338943,0.000719,7.980678,3.069761,39.058935
9.074214,0.342967,0.001518,7.917230,3.363824,38.923291
65.949609,30.880579,0.194004,22.104901,18.251621,76.735222
9.225032,0.340842,0.001904,7.955245,3.403359,38.704669
8.953362,0.336398,0.000902,7.866603,2.783648,39.235685
9.418159,0.335479,0.002567,7.953218,3.245181,38.461002
9.278155,0.296670,0.000000,7.905412,0.896073,40.053220
100.000000,73.022988,2.000000,22.104901,18.092494,92.066127
9.205345,0.346511,0.001087,8.116935,3.840405,38.696596
8.597818,0.190210,0.001738,5.747144,0.000000,61.129831
9.167185,0.343276,0.001603,7.978112,3.514845,38.773219
9.284208,0.346230,0.000000,8.377276,4.007397,38.597729
77.947525,8.461673,0.751943,22.104901,14.892610,63.419931
9.244382,0.340663,0.001667,8.006895,3.433575,38.678592
9.240253,0.344582,0.002375,7.921037,3.667122,38.645366
9.068354,0.342256,0.000810,8.023114,3.350002,38.947235
14.001392,0.000000,0.304808,3.325626,0.000000,3172.382027
9.080981,0.342035,0.001273,7.954571,3.323408,38.924677
9.131354,0.336736,0.001486,7.918945,3.010893,38.909430
9.183054,0.342890,0.000290,8.215620,3.594189,38.765684
9.332738,0.346121,0.000347,8.353006,4.048394,38.525455
9.202160,0.283330,0.002493,7.356374,0.276106,41.247777
41.664061,31.498380,1.641029,22.104901,16.561419,58.400956
54.528656,0.072813,0.324598,4.986197,0.000000,291.656956
8.494688,0.317285,0.001060,7.306630,1.129564,40.928834
9.160560,0.336301,0.002160,7.829588,2.978627,38.863128
0.000000,67.142089,0.363189,2.122386,0.000000,3632.357847
9.150033,0.342977,0.001218,8.024685,3.492829,38.805952
8.921818,0.340566,0.001306,7.810125,2.994419,39.214773
9.392237,0.338805,0.001508,8.139800,3.519992,38.474961
8.976927,0.337877,0.000646,7.940559,2.928522,39.169343
9.210272,0.336724,0.001021,8.064246,3.147322,38.782886
9.252181,0.341355,0.001679,8.016435,3.494039,38.659986
10.280086,0.296788,0.002189,8.344801,1.658017,37.923127
10.854862,0.422968,0.001828,9.694028,12.997052,39.089164
9.138416,0.329619,0.000683,8.006014,2.590142,39.036060
9.169869,0.341515,0.001750,7.942811,3.382523,38.785002
8.490126,0.346351,0.002019,7.399643,2.732722,39.923496
9.025489,0.340826,0.001460,7.872310,3.148961,39.029530
9.190216,0.342740,0.002840,7.795317,3.430241,38.732617
9.217195,0.341813,0.002019,7.938496,3.454890,38.706329
9.147091,0.331796,0.001276,7.930821,2.708601,38.969327
9.144180,0.339911,0.001416,7.963957,3.254186,38.846373
9.919373,0.433445,0.001512,9.112142,12.137716,39.681882
9.051720,0.338314,0.001417,7.879959,3.014337,39.020974
9.130876,0.335406,0.003234,7.633406,2.809871,38.922625
100.000000,35.771809,1.181061,22.104901,17.213686,87.658030
9.106157,0.342774,0.001347,7.968072,3.406410,38.875736
13.342383,0.000000,0.777217,3.073345,0.000000,3170.091442
15.138738,57.820907,0.603803,13.002718,29.256700,67.699354
26.939671,100.000000,0.578754,19.761602,23.583185,66.279296
100.000000,2.825300,0.000000,22.104901,16.148957,85.219348
9.217578,0.341124,0.002034,7.931028,3.404706,38.712337
17.872241,16.519252,0.154816,14.821907,25.641415,64.746358
9.839970,0.358792,0.001910,8.556478,5.725917,37.948167
8.907025,0.304622,0.001288,7.503350,0.896634,40.512016
17.073685,67.710007,0.420303,14.009564,24.259638,64.646352
45.843950,2.140341,0.000000,22.104901,19.271444,74.254179
9.104375,0.342835,0.001754,7.901870,3.382484,38.874611
0.000000,5.056227,0.641561,0.730769,0.000000,3651.274135
9.107539,0.338123,0.001421,7.920972,3.078332,38.929660
9.234529,0.337695,0.004278,7.569153,3.042840,38.710900
9.191352,0.345146,0.001353,8.051839,3.702253,38.723658
9.536148,0.349070,0.001160,8.393189,4.523958,38.239902
29.989146,0.000000,1.034720,3.872578,0.000000,2909.483239
0.000000,15.270209,1.678878,0.633379,0.000000,3629.505327
9.089295,0.341473,0.001092,7.986035,3.307131,38.919164
9.289966,0.362708,0.000772,8.362293,5.219998,38.581009
9.190223,0.322590,0.002432,7.703513,2.093736,39.099474
9.263921,0.335929,0.001562,8.006533,3.130724,38.703104
9.170441,0.341319,0.001435,7.992328,3.389367,38.788726
9.219583,0.341019,0.002647,7.834716,3.360704,38.705625
44.031340,4.718945,0.348444,22.104901,15.682266,57.755574
9.160888,0.344118,0.003151,7.735021,3.467420,38.762682
9.691770,0.337985,0.002131,8.262471,3.839038,38.054840
9.183942,0.343790,0.002032,7.926336,3.549033,38.739242
9.252817,0.367814,0.002076,8.148446,5.474033,38.637916
28.091441,26.103956,0.000000,20.788804,25.967519,71.062061
9.098849,0.342254,0.002376,7.794693,3.294836,38.885030
9.342287,0.210361,0.000443,6.707006,0.000000,51.948725
9.296101,0.340431,0.001894,8.008154,3.476034,38.600215
9.479621,0.350490,0.002620,8.112606,4.449209,38.292340
13.064122,0.000000,1.068302,3.293400,0.000000,3416.046050
9.450896,0.338911,0.002480,8.019957,3.546965,38.379689
9.142442,0.341662,0.001825,7.910849,3.349082,38.826099
9.246797,0.345618,0.002250,7.954070,3.760962,38.629841
5.733365,3.960718,0.000000,6.933106,44.253556,88.188384
9.069368,0.344737,0.001307,7.960941,3.495667,38.914738
9.142551,0.340339,0.001121,8.016554,3.300380,38.846263
9.196397,0.340398,0.002068,7.903655,3.320249,38.752732
9.378056,0.337347,0.002835,7.895852,3.307114,38.499537
9.257366,0.156192,0.002338,5.516085,0.000000,68.402893
29.765615,81.125738,2.000000,19.761602,22.636787,64.628990
58.489082,0.000000,0.143039,5.010322,0.000000,3187.890284
9.771787,0.360220,0.002268,8.452543,5.708061,38.023133
9.306924,0.340424,0.002950,7.848555,3.422441,38.575373
4.637818,8.147181,0.078092,5.081925,33.042645,77.856917
9.319472,0.341270,0.002401,7.951566,3.537880,38.553458
8.925712,0.340700,0.001761,7.746607,2.981223,39.200417
9.365523,0.339879,0.001843,8.066679,3.538573,38.502025
9.320578,0.336706,0.001241,8.114350,3.283983,38.606806
9.211026,0.333439,0.002062,7.860560,2.855345,38.823975
9.212621,0.341252,0.001714,7.979500,3.427383,38.721293
8.515912,0.361686,0.002042,7.526126,3.808891,39.674480
10.001414,0.405579,0.000015,9.303888,10.055210,38.803041
8.991599,0.335076,0.002524,7.635655,2.649598,39.177435
9.329710,0.341303,0.002721,7.908881,3.534211,38.535313
8.930877,0.341106,0.001768,7.752527,3.015613,39.185131
9.323882,0.343984,0.002072,8.029298,3.765118,38.530003
9.161566,0.334888,0.000399,8.116133,2.992092,38.900004
9.181003,0.340295,0.001828,7.929274,3.306347,38.779988
9.200903,0.334488,0.002063,7.861129,2.914002,38.824087
9.100677,0.337692,0.001775,7.855773,3.016937,38.945110
5.720742,0.000000,0.002269,0.500117,0.000000,3588.452133
9.131155,0.344158,0.001575,7.961373,3.527564,38.821182
9.182259,0.341584,0.005973,7.309726,3.136836,38.737060
0.000000,0.000000,0.212947,0.731209,0.000000,3541.720867
9.280255,0.344909,0.002092,7.999663,3.768265,38.587101
2.840419,67.298471,0.809123,3.872578,24.950089,101.211145
20.431948,22.666422,0.119495,16.456215,25.273838,63.839145
21.958448,0.000000,0.000000,0.055351,0.000000,3608.188443
33.764205,5.039036,1.012253,12.606434,2.732899,39.793645
9.323439,0.341547,0.002644,7.918270,3.548084,38.543233
51.175361,19.036145,0.000000,22.104901,17.247709,72.524477
9.049867,0.373550,0.001619,8.103725,5.605340,38.921591
8.958070,0.312904,0.001062,7.654294,1.357971,39.954562
26.142204,42.962383,0.387517,19.135796,23.332539,65.140001
67.895696,12.587673,2.000000,22.104901,10.509571,53.952292
9.214204,0.352116,0.002087,8.004600,4.203798,38.648868
10.953525,0.000000,0.744814,3.066414,0.000000,3133.309065
9.196680,0.341843,0.001787,7.960079,3.442317,38.739567
9.280194,0.342189,0.007162,7.221219,3.239982,38.570578
9.259458,0.338799,0.001488,8.036136,3.332179,38.676172
9.096371,0.345397,0.001462,7.962060,3.573032,38.865145
39.383556,21.137037,0.595568,22.104901,18.498245,66.626848
55.333317,25.280521,2.000000,22.104901,14.634943,58.839427
9.363276,0.338750,0.002850,7.893513,3.387046,38.507381
8.917158,0.295621,0.000184,7.569163,0.584399,41.109555
9.355037,0.336790,0.002969,7.852874,3.226106,38.539885
9.466383,0.343682,0.001718,8.196967,3.972481,38.335309
9.377973,0.343887,0.002419,8.014340,3.813706,38.449958
9.294295,0.338389,0.002740,7.855956,3.271260,38.617188
7.536981,0.000000,0.314410,2.817893,0.000000,3293.716071
9.106146,0.341643,0.002552,7.767996,3.251308,38.879099
9.713654,0.340412,0.003007,8.146158,3.994600,38.006680
8.976120,0.348851,0.000772,8.005214,3.685888,39.030620
9.233187,0.356573,0.004236,7.714203,4.429322,38.593237
0.000000,0.000000,0.362422,0.848341,0.000000,3624.356036
9.118563,0.336217,0.002850,7.689631,2.872900,38.931966
11.526581,0.374033,0.000000,10.306422,9.938172,37.311166
9.366142,0.340484,0.002135,8.023575,3.564686,38.493375
9.056724,0.334821,0.002919,7.621847,2.693311,39.063825
0.000000,47.943567,0.719843,1.437007,0.000000,3597.055239
9.147732,0.340120,0.002462,7.802184,3.208170,38.830676
9.067150,0.338478,0.001085,7.947310,3.067689,38.996157
9.404602,0.339625,0.003471,7.834153,3.468846,38.433144
0.000000,5.723234,0.882002,0.566730,0.000000,3618.278144
9.112280,0.346107,0.001469,7.978826,3.647625,38.834757
9.264218,0.345224,0.001791,8.038243,3.787437,38.611359
9.202828,0.340400,0.003513,7.682622,3.237367,38.732600
9.246532,0.329622,0.004520,7.479433,2.492022,38.826370
9.191901,0.187068,0.001286,6.129197,0.000000,58.463958
13.102296,10.287765,0.845605,8.113932,24.002947,52.937798
11.664066,1.589624,0.000000,11.472768,37.404303,78.705285
10.151506,0.359628,0.001742,8.839652,6.305691,37.680538
9.361066,0.347127,0.002602,7.997523,4.017599,38.456089
13.469915,0.000000,0.079041,3.247821,0.000000,3200.537593
9.450041,0.339044,0.002817,7.966630,3.533374,38.376960
9.179332,0.342269,0.002024,7.912221,3.432832,38.760393
9.076097,0.341692,0.001825,7.859846,3.257992,38.932375
9.590306,0.340244,0.002432,8.145133,3.845129,38.175840
9.211444,0.349270,0.002707,7.882064,3.948386,38.656506
9.184679,0.341011,0.001977,7.913915,3.353090,38.765265
7.509643,0.411608,0.001154,7.124910,5.549898,41.383467
6.538857,0.323378,0.000096,5.802212,0.063112,48.573728
9.193259,0.346943,0.002876,7.823907,3.738826,38.694183
9.400278,0.341142,0.002176,8.048437,3.659138,38.438318
9.911631,0.334495,0.001237,8.573942,3.942803,37.796895
9.350338,0.343364,0.001641,8.114532,3.785971,38.500256
9.129124,0.332645,0.000000,8.139192,2.819470,39.000448
9.169583,0.339072,0.001447,7.972596,3.228722,38.815373
9.267241,0.345935,0.001363,8.115805,3.872068,38.607169
9.220282,0.340307,0.002291,7.885835,3.333301,38.714634
0.666557,0.443940,0.002501,0.663002,0.000000,478.795641
9.296531,0.349922,0.001815,8.096312,4.182037,38.544218
9.250980,0.345098,0.001748,8.033968,3.761437,38.631931
92.509644,38.743767,0.000000,22.104901,16.389093,84.322821
9.300821,0.345284,0.002208,7.999868,3.818468,38.554018
14.301534,48.536006,0.567080,11.871692,29.210152,66.359782
2.920038,24.445812,0.453319,3.872578,23.669564,92.289403
5.544319,0.467259,0.001420,5.573917,4.580570,46.197432
11.805749,4.091985,2.000000,4.525299,0.000000,76.417587
9.011633,0.336668,0.001200,7.867829,2.860674,39.121533
69.208745,7.617297,0.313161,22.104901,17.997552,73.418065
8.010921,0.378407,0.001302,7.318951,4.173595,40.477154
9.715539,0.351739,0.002104,8.379989,4.948450,38.023863
35.085137,0.000000,0.346610,4.845230,0.000000,3185.646707
83.302081,28.342029,0.855022,22.104901,18.848933,82.842206
9.183369,0.348193,0.002153,7.940260,3.862698,38.708068
69.340203,8.918539,0.205851,22.104901,18.992287,79.337083
9.311685,0.345894,0.002208,8.013106,3.879505,38.535094
9.127874,0.344193,0.002596,7.797003,3.460276,38.817457
9.283272,0.336375,0.002062,7.938930,3.156263,38.663082
8.736709,0.337373,0.002011,7.529817,2.491130,39.618841
22.088697,30.078635,0.000000,17.643609,25.961540,68.467324
100.000000,83.231791,0.000000,22.104901,15.285971,79.695671
9.328625,0.340059,0.003338,7.801374,3.401464,38.543199
8.958228,0.245106,0.000620,6.910263,0.005214,47.166617
9.309143,0.354672,0.001562,8.184416,4.577199,38.524965
9.382059,0.347880,0.001964,8.122743,4.147118,38.431757
9.193180,0.339921,0.002088,7.894329,3.280495,38.762963
9.204181,0.336566,0.000778,8.100274,3.143317,38.797909
0.000000,5.754516,0.000000,2.276064,0.000000,3668.893370
9.137712,0.338322,0.001422,7.946124,3.133847,38.876975
9.527002,0.338511,0.002466,8.076541,3.625249,38.274076
8.868137,0.345704,0.000263,7.969531,3.335722,39.249682
9.275242,0.293299,0.000837,7.751891,0.710877,40.249102
100.000000,56.550963,2.000000,22.104901,17.612213,83.659358
9.194754,0.331396,0.001953,7.851711,2.701163,38.888142
11.646947,0.297508,0.001844,9.391466,3.154266,36.070880
9.245422,0.342554,0.001934,7.979723,3.554839,38.657445
8.274177,0.331200,0.000038,7.377978,1.652795,40.917399
69.391421,78.377082,1.400692,22.104901,18.714870,77.306264
8.813601,0.344258,0.001413,7.736628,3.086899,39.349663
9.157718,0.340735,0.002166,7.861081,3.283478,38.809519
9.260187,0.334364,0.002898,7.773683,2.932483,38.723450
4.116327,6.998733,1.654456,2.817893,0.000000,78.027785
9.292094,0.342545,0.001976,8.008789,3.619348,38.587471
9.220841,0.347223,0.002599,7.890908,3.818264,38.654633
9.194716,0.342126,0.002184,7.897491,3.434444,38.736646
9.079442,0.329756,0.001162,7.877686,2.494873,39.137302
9.147490,0.301255,0.000000,7.848014,1.003387,40.116580
20.764493,0.000000,0.000000,0.055351,0.000000,3608.188443
19.532843,2.742888,0.962821,7.109493,0.000000,42.437010
9.685316,0.349828,0.000406,8.663417,4.865534,38.072793
9.191849,0.344467,0.000170,8.256443,3.729622,38.740652
12.280410,41.476451,0.226733,11.871692,35.371612,71.284733
9.318654,0.337540,0.001108,8.142504,3.349934,38.601610
9.495032,0.342516,0.001565,8.239273,3.936902,38.303225
8.814962,0.341784,0.001683,7.677452,2.907784,39.384043
9.608329,0.345351,0.002193,8.239903,4.275598,38.138145
9.194150,0.363701,0.002431,8.019017,5.030862,38.679413
9.248111,0.341197,0.001900,7.976413,3.462438,38.665778
9.856072,0.454857,0.000512,9.325681,13.826566,40.489704
6.405521,0.300828,0.000962,5.440957,0.004915,52.621750
9.263007,0.347514,0.000503,8.275959,4.038166,38.615202
9.162236,0.341328,0.001323,8.004186,3.385434,38.802453
9.377306,0.332520,0.001475,8.088058,3.049826,38.569239
9.167282,0.340941,0.001267,8.015085,3.368539,38.799039
9.142590,0.347505,0.002738,7.810960,3.713463,38.767070
9.203576,0.342083,0.001402,8.029339,3.494379,38.729941
9.292202,0.351124,0.000599,8.307334,4.345072,38.562353
9.341440,0.343776,0.002432,7.983373,3.751827,38.502593
0.788026,0.990647,0.001641,1.046063,0.000000,122.581889
9.295634,0.341064,0.001788,8.030066,3.528385,38.596139
9.284422,0.344927,0.000000,8.368312,3.911528,38.604235
100.000000,86.031191,1.282378,22.104901,17.747817,88.637272
9.189874,0.342384,0.001694,7.974077,3.477548,38.745730
25.855512,3.036884,0.000000,19.570878,29.947733,72.969148
0.000000,71.313481,0.692407,1.874067,0.000000,3771.714884
0.000000,0.952812,0.003539,0.063775,0.000000,3606.261067
60.840016,6.793425,0.000000,22.104901,17.286580,75.504325
8.728174,0.332096,0.000228,7.750617,2.250371,39.795285
19.879461,1.173973,1.590037,4.000849,0.000000,185.477206
7.774461,0.323360,0.001262,6.719579,0.734980,42.805460
9.949083,0.355019,0.003026,8.415889,5.512018,37.792035
7.741778,100.000000,0.060069,8.476789,37.934150,80.222240
41.569265,7.255309,0.000000,22.104901,17.256191,71.257689
9.063471,0.331657,0.002116,7.726665,2.541879,39.116448
77.365027,8.292435,0.000000,22.104901,17.729626,80.419665
9.304303,0.340057,0.002119,7.975433,3.446015,38.589428
9.102465,0.339411,0.000000,8.170090,3.249460,38.939136
9.255015,0.341491,0.002394,7.905257,3.461737,38.648502
8.695206,0.339004,0.002223,7.479311,2.528561,39.663463
0.002656,4.135680,1.715787,0.619450,0.000000,3627.788239
75.340624,77.227493,0.297492,22.104901,18.220582,81.341637
9.017435,0.343578,0.003058,7.636573,3.230676,38.997549
9.372125,0.317365,0.002642,7.768760,1.964024,38.902310
9.099263,0.331543,0.000306,8.052574,2.689494,39.071497
8.958798,0.339321,0.001990,7.725795,2.919566,39.162861
9.013567,0.336777,0.001181,7.873468,2.871635,39.116354
9.042814,0.338194,0.000000,8.109378,3.081131,39.057429
74.375910,11.561131,0.104916,22.104901,18.385963,81.248378
9.252511,0.341750,0.000421,8.242172,3.604534,38.668341
8.677231,0.334825,0.000528,7.681555,2.337327,39.817592
9.556728,0.326277,0.001496,8.179140,2.846347,38.379359
9.310730,0.277692,0.000000,7.697355,0.248512,41.427407
1.221736,65.719325,0.463745,2.764808,5.647353,115.775574
9.280273,0.334325,0.000849,8.134351,3.085972,38.703880
10.924560,0.189629,0.003270,7.090109,0.000000,49.826465
9.070522,0.343114,0.001440,7.927966,3.373842,38.928248
8.719238,0.353984,0.000000,7.950190,3.707918,39.418318
100.000000,42.189880,2.000000,22.104901,16.465563,80.544370
8.626561,0.341660,0.001328,7.574164,2.659089,39.751345
9.256544,0.343756,0.002963,7.834314,3.592371,38.622286
9.008231,0.343476,0.000685,8.002076,3.357429,39.033922
9.680095,2.211924,1.499406,2.817893,0.000000,139.896218
9.303086,0.337824,0.002022,7.972081,3.289363,38.615084
9.085042,0.332743,0.001644,7.825728,2.669611,39.058412
9.169586,0.343106,0.000000,8.256572,3.608674,38.789695
9.189883,0.340646,0.000000,8.254990,3.460788,38.782618
9.129346,0.479478,0.001207,8.723027,14.204454,41.560173
20.924954,0.221427,0.001364,13.927980,3.848008,31.495987
74.991951,3.407854,1.319139,17.247383,1.774944,54.026811
8.764270,0.321894,0.000000,7.729136,1.702711,40.072052
8.984983,0.338804,0.000000,8.064378,3.041795,39.148568
1.580079,100.000000,0.776436,2.817893,4.883854,102.685117
8.853008,0.341105,0.000137,7.944725,3.006680,39.344991
9.043673,0.340461,0.001141,7.933761,3.168951,39.006783
9.052831,0.338333,0.001502,7.867542,3.011980,39.018267
8.946415,0.347112,0.001271,7.888220,3.486910,39.088593
9.181764,0.334996,0.000289,8.153081,3.034010,38.865560
9.280055,0.341415,0.001679,8.038360,3.538494,38.617377
10.884738,0.297299,0.000833,9.050042,2.390250,36.974052
7.966882,0.397700,0.001332,7.406750,5.460317,40.556360
9.087711,0.336039,0.000000,8.131011,2.994843,39.013879
8.916494,0.341553,0.000997,7.860406,3.073034,39.212657
8.363764,0.347236,0.001921,7.316610,2.616812,40.167071
8.910023,0.338655,0.000898,7.847431,2.875617,39.273516
9.229137,0.352845,0.004151,7.697185,4.147176,38.604263
9.229424,0.342328,0.002288,7.909070,3.492491,38.680650
9.138058,0.334587,0.000670,8.047504,2.922414,38.941657
9.306201,0.344760,0.001114,8.182141,3.858952,38.560627
4.691544,0.788142,0.000948,5.584700,19.740160,55.447255
9.170373,0.333102,0.001499,7.922752,2.812569,38.901576
9.223502,0.343607,0.001336,8.067589,3.638316,38.687291
83.564578,84.514843,2.000000,22.104901,18.257789,83.354526
9.092689,0.338653,0.001244,7.943069,3.105485,38.948254
14.496061,18.103692,0.875787,10.069160,26.229199,57.696444
12.219549,29.525912,0.327637,10.742832,28.727848,63.515902
11.651436,0.997987,0.001280,11.243316,31.115375,57.982389
100.000000,3.684751,0.065059,22.104901,18.922204,98.866112
9.097055,0.337189,0.001803,7.844655,2.975457,38.958583
9.175250,27.814066,2.000000,6.575850,29.020017,62.681430
10.679725,0.308895,0.001630,8.866283,2.951198,37.041798
9.199958,0.328701,0.002724,7.710684,2.483708,38.930831
0.000000,88.346822,0.697385,1.807769,0.000000,3622.908764
0.000000,0.000000,2.000000,0.633945,0.000000,3629.533847
9.070472,0.332210,0.001271,7.871313,2.638229,39.099636
0.000000,2.039067,0.935619,0.775172,0.000000,3625.916413
9.169768,0.335705,0.001897,7.873563,2.966352,38.858204
9.166717,0.336690,0.001955,7.869757,3.026824,38.848343
9.156556,0.347679,0.001787,7.974187,3.808157,38.754069
9.342903,0.351751,0.001847,8.141584,4.388326,38.478058
0.000000,0.000000,1.861494,0.628959,0.000000,3629.282533
0.000000,64.713024,1.608881,1.281980,0.000000,3592.913656
8.990994,0.342609,0.002076,7.761663,3.186184,39.059778
9.564236,0.421627,0.001050,8.863052,10.494333,39.459228
9.041377,0.318508,0.001500,7.701004,1.735264,39.538474
8.824222,0.331192,0.001698,7.592940,2.231005,39.597539
9.299637,0.340469,0.000845,8.195067,3.551961,38.604270
9.153086,0.342530,0.001295,8.011024,3.460121,38.804853
100.000000,24.199652,0.370742,22.104901,18.622326,92.265750
9.229417,0.343748,0.001157,8.104437,3.668832,38.679140
8.814614,0.338260,0.000000,7.911478,2.773111,39.476456
9.829327,0.326524,0.003122,8.106612,3.107991,37.956076
9.271733,0.275929,0.002665,7.307425,0.139394,41.750505
0.000000,38.601442,0.000000,2.787346,0.000000,3677.476523
9.358974,0.335190,0.000454,8.276253,3.279846,38.571901
9.318528,0.087350,0.002521,3.927307,0.000000,117.680114
9.165390,0.341193,0.001358,7.999857,3.378082,38.798604
9.647474,0.365610,0.001512,8.527387,5.994863,38.210655
62.538150,27.135230,1.419366,22.104901,17.149982,65.362820
9.488628,0.338738,0.002117,8.108849,3.611266,38.330079
9.328629,0.344482,0.000801,8.255105,3.891640,38.533784
8.873030,0.351229,0.000000,8.058470,3.747858,39.188305
12.504197,0.000000,0.629222,2.817893,0.000000,3290.188899
9.232467,0.335882,0.001478,7.995735,3.090189,38.755042
9.144804,0.325611,0.000928,7.937580,2.322015,39.115515
9.187431,0.341177,0.002429,7.845791,3.340081,38.755790
9.319465,0.354027,0.002318,8.064288,4.494390,38.501927
9.225544,0.514733,0.002311,8.754345,17.042120,42.908145
13.122310,0.331818,0.000954,10.869721,8.236281,35.596518
100.000000,1.417078,0.000000,22.104901,16.468706,90.774166
8.944377,0.297186,0.000357,7.586451,0.656932,40.911891
9.106300,0.337728,0.002059,7.815477,3.009495,38.933477
0.000000,42.082889,0.578545,1.312509,0.000000,3593.623916
9.049568,0.345016,0.000249,8.123825,3.553256,38.956483
8.816438,0.338792,0.001659,7.657158,2.712632,39.436700
9.576372,0.338363,0.001570,8.273753,3.742748,38.214786
8.370074,0.341367,0.000768,7.436474,2.325654,40.307396
9.211494,0.316879,0.000000,8.065387,1.909747,39.262499
9.233713,0.341252,0.001622,8.010608,3.463677,38.689599
9.380558,0.199308,0.002338,6.361583,0.000000,54.300743
10.712029,0.481152,0.001475,9.890087,17.571906,41.527981
9.003983,0.328307,0.002963,7.526060,2.198409,39.306872
9.074167,0.341453,0.002121,7.809807,3.220276,38.936275
9.406270,0.350118,0.001771,8.190893,4.365640,38.397418
9.083102,0.341090,0.002347,7.778254,3.193293,38.924641
9.273273,0.337282,0.002843,7.815207,3.156564,38.662468
9.232628,0.339782,0.001920,7.950153,3.336919,38.703785
9.094752,0.321840,0.002757,7.571010,1.920205,39.311545
9.167181,0.340397,0.000715,8.109275,3.364716,38.809951
9.774731,0.343878,0.001843,8.423208,4.432139,37.939294
9.042864,0.326906,0.001580,7.756425,2.239192,39.274184
9.156344,0.334971,0.003088,7.671527,2.823431,38.886805
1.201351,49.451111,0.535552,2.429546,15.587967,130.578550
9.091597,0.338629,0.001955,7.827638,3.058104,38.945788
0.000000,26.330864,1.299082,1.125741,0.000000,3669.764392
23.637354,0.000000,0.117249,3.988047,0.000000,3056.333183
18.693256,0.000000,0.000000,0.055351,0.000000,3608.188443
0.000000,2.740937,1.066593,0.946729,0.000000,3591.054356
9.596428,0.349697,0.003353,8.071312,4.515479,38.140773
15.885313,47.622746,0.027331,14.009564,21.385865,65.843997
9.436728,0.373428,0.002168,8.306408,6.228229,38.497091
8.426604,0.297449,0.001266,7.046320,0.327566,42.518286
14.980681,54.016417,0.540573,13.002718,31.620372,70.134377
6.436852,11.511221,1.205388,4.492780,14.182490,55.618262
9.241444,0.347299,0.001445,8.092882,3.929077,38.636037
62.910921,0.000000,1.183572,4.986197,0.000000,3430.247312
9.068564,0.338240,0.001423,7.891413,3.032224,38.993455
9.304389,0.338823,0.003924,7.683238,3.240107,38.588834
9.150662,0.353208,0.001154,8.114473,4.248032,38.745506
9.757124,0.357892,0.000972,8.662872,5.584814,38.035781
27.988995,5.177039,0.322924,15.382511,16.967606,53.279125
