Time,Signal,ExpEnvelope,LinEnvelope
1.5,-0.0900012103889863,0.518133771878251,0.466563539546462
1.51,-0.101383464239837,0.517516092996999,0.466454524104881
1.52,-0.114371491157347,0.516899150464584,0.4663455086633
1.53,-0.129576421913909,0.516282943403188,0.466236493221718
1.54,-0.147313053427213,0.51566747093604,0.466127477780137
1.55,-0.167557552413235,0.515052732187413,0.466018462338556
1.56,-0.190040876468563,0.514438726282625,0.465909446896974
1.57,-0.214338201477618,0.513825452348037,0.465800431455393
1.58,-0.239905008657858,0.51321290951105,0.465691416013812
1.59,-0.26610682995086,0.512601096900106,0.46558240057223
1.6,-0.292291878468073,0.511990013644687,0.465473385130649
1.61,-0.317874727424636,0.511379658875312,0.465364369689068
1.62,-0.342385367730678,0.510770031723536,0.465255354247487
1.63,-0.365491085090671,0.51016113132195,0.465146338805905
1.64,-0.386978990489344,0.509552956804178,0.465037323364324
1.65,-0.406691451516192,0.508945507304879,0.464928307922743
1.66,-0.424477441343606,0.508338781959742,0.464819292481161
1.67,-0.440197517131898,0.507732779905485,0.46471027703958
1.68,-0.453746669365592,0.507127500279859,0.464601261597999
1.69,-0.465066234320487,0.506522942221639,0.464492246156417
1.7,-0.47414126336928,0.505919104870628,0.464383230714836
1.71,-0.480981223229336,0.505315987367657,0.464274215273255
1.72,-0.485598287232869,0.504713588854577,0.464165199831674
1.73,-0.488008427729404,0.504111908474264,0.464056184390092
1.74,-0.488243964811367,0.503510945370618,0.463947168948511
1.75,-0.48634045290972,0.502910698688555,0.46383815350693
1.76,-0.48230449289415,0.502311167574014,0.463729138065348
1.77,-0.47610925757976,0.50171235117395,0.463620122623767
1.78,-0.467732078381807,0.501114248636337,0.463511107182186
1.79,-0.457194885446684,0.500516859110163,0.463402091740604
1.8,-0.444572092562536,0.499920181745431,0.463293076299023
1.81,-0.429966228412434,0.499324215693158,0.463184060857442
1.82,-0.413482583974695,0.498728960105371,0.463075045415861
1.83,-0.395236419089875,0.498134414135111,0.462966029974279
1.84,-0.375355889262517,0.497540576936427,0.462857014532698
1.85,-0.353945404568245,0.496947447664375,0.462747999091117
1.86,-0.331070879915063,0.496355025475021,0.462638983649535
1.87,-0.306797829544245,0.495763309525436,0.462529968207954
1.88,-0.281226195397949,0.495172298973695,0.462420952766373
1.89,-0.254478496802578,0.494581992978877,0.462311937324791
1.9,-0.226659906313809,0.493992390701066,0.46220292188321
1.91,-0.197843843495574,0.493403491301343,0.462093906441629
1.92,-0.168090953637519,0.492815293941792,0.461984891000048
1.93,-0.137466431555794,0.492227797785496,0.461875875558466
1.94,-0.106050892039162,0.491641001996534,0.461766860116885
1.95,-0.0739545467708484,0.491054905739982,0.461657844675304
1.96,-0.0413307084856665,0.490469508181913,0.461548829233722
1.97,-0.00837633878038761,0.489884808489392,0.461439813792141
1.98,0.0246889010553461,0.489300805830478,0.46133079835056
1.99,0.057648707779802,0.488717499374221,0.461221782908978
2,0.0903042160205834,0.488134888290664,0.461112767467397
2.01,0.122478031363367,0.487552971750836,0.461003752025816
2.02,0.154009288384272,0.486971748926756,0.460894736584235
2.03,0.184741722302227,0.486391218991431,0.460785721142653
2.04,0.214516304585754,0.485811381118851,0.460676705701072
2.05,0.24318160917162,0.485232234483995,0.460567690259491
2.06,0.270617910822042,0.48465377826282,0.460458674817909
2.07,0.296740715713375,0.484076011632271,0.460349659376328
2.08,0.321464684254897,0.48349893377027,0.460240643934747
2.09,0.344681087306886,0.482922543855721,0.460131628493165
2.1,0.366284784341413,0.482346841068507,0.460022613051584
2.11,0.386190346649913,0.481771824589488,0.459913597610003
2.12,0.404310561402317,0.481197493600499,0.459804582168422
2.13,0.420552110529403,0.480623847284354,0.45969556672684
2.14,0.434838797806667,0.480050884824838,0.459586551285259
2.15,0.447113567139907,0.479478605406711,0.459477535843678
2.16,0.457316146231182,0.478907008215703,0.459368520402096
2.17,0.465389175023531,0.478336092438516,0.459259504960515
2.18,0.471304222665026,0.477765857262823,0.459150489518934
2.19,0.475052164211975,0.477196301877261,0.459041474077352
2.2,0.476627425471439,0.476627425471439,0.458932458635771
2.21,0.476040758529675,0.47605922723593,0.45882344319419
2.22,0.473318634902589,0.47549170636227,0.458714427752608
2.23,0.468486440065202,0.474924862042963,0.458605412311027
2.24,0.461565610932617,0.474358693471472,0.458496396869446
2.25,0.452574686491408,0.473793199842224,0.458387381427865
2.26,0.441528565367924,0.473228380350604,0.458278365986283
2.27,0.428453548032057,0.472664234192958,0.458169350544702
2.28,0.413414518585724,0.47210076056659,0.458060335103121
2.29,0.396518018896409,0.47153795866976,0.457951319661539
2.3,0.377884523615142,0.470975827701683,0.457842304219958
2.31,0.357629541895362,0.470414366862532,0.457733288778377
2.32,0.335864694568556,0.469853575353429,0.457624273336795
2.33,0.312689803922817,0.469293452376453,0.457515257895214
2.34,0.288172727595297,0.46873399713463,0.457406242453633
2.35,0.262350487442696,0.468175208831939,0.457297227012052
2.36,0.235259513255539,0.467617086673306,0.45718821157047
2.37,0.206955812958304,0.467059629864607,0.457079196128889
2.38,0.177511384685994,0.466502837612662,0.456970180687308
2.39,0.147024974005647,0.465946709125239,0.456861165245726
2.4,0.115652283341082,0.465391243611049,0.456752149804145
2.41,0.083612173031236,0.464836440279747,0.456643134362564
2.42,0.0511557665710733,0.46428229834193,0.456534118920982
2.43,0.01852204793668,0.463728817009135,0.456425103479401
2.44,-0.0140940415439333,0.463175995493842,0.45631608803782
2.45,-0.0465387772146323,0.462623833009466,0.456207072596239
2.46,-0.0786735976323684,0.462072328770362,0.456098057154657
2.47,-0.110362482585456,0.461521481991821,0.455989041713076
2.48,-0.141478607061969,0.46097129189007,0.455880026271495
2.49,-0.171910158383548,0.460421757682269,0.455771010829913
2.5,-0.201550874575626,0.459872878586513,0.455661995388332
2.51,-0.230285465622135,0.459324653821828,0.455552979946751
2.52,-0.257988243439796,0.458777082608171,0.455443964505169
2.53,-0.284522061662002,0.458230164166429,0.455334949063588
2.54,-0.309731654009986,0.457683897718418,0.455225933622007
2.55,-0.333462025460565,0.457138282486883,0.455116918180426
2.56,-0.355601545136714,0.456593317695492,0.455007902738844
2.57,-0.376094102216809,0.456049002568843,0.454898887297263
2.58,-0.394896240204344,0.455505336332454,0.454789871855682
2.59,-0.411936959155211,0.45496231821277,0.4546808564141
2.6,-0.427124349970144,0.454419947437156,0.454571840972519
2.61,-0.440363982836047,0.453878223233899,0.454462825530938
2.62,-0.451569662490219,0.453337144832204,0.454353810089356
2.63,-0.460681087122682,0.452796711462199,0.454244794647775
2.64,-0.467664467579528,0.452256922354925,0.454135779206194
2.65,-0.472493981879764,0.451717776742343,0.454026763764613
2.66,-0.475150531789573,0.451179273857329,0.453917748323031
2.67,-0.475629168084678,0.450641412933672,0.45380873288145
2.68,-0.473933228513593,0.450104193206076,0.453699717439869
2.69,-0.470068291063348,0.449567613910157,0.453590701998287
2.7,-0.464042199270744,0.449031674282442,0.453481686556706
2.71,-0.455862401169242,0.448496373560367,0.453372671115125
2.72,-0.445542707965128,0.447961710982281,0.453263655673543
2.73,-0.433125001325401,0.447427685787435,0.453154640231962
2.74,-0.418691160422361,0.446894297215993,0.453045624790381
2.75,-0.402359803367827,0.44636154450902,0.452936609348799
2.76,-0.384270658333352,0.445829426908488,0.452827593907218
2.77,-0.364546800100465,0.445297943657273,0.452718578465637
2.78,-0.343268242044008,0.444767093999153,0.452609563024056
2.79,-0.320495319117802,0.444236877178807,0.452500547582474
2.8,-0.296304120170187,0.443707292441816,0.452391532140893
2.81,-0.270790894716476,0.443178339034657,0.452282516699312
2.82,-0.244069313365851,0.44265001620471,0.45217350125773
2.83,-0.21626866282082,0.442122323200248,0.452064485816149
2.84,-0.187512611004569,0.441595259270443,0.451955470374568
2.85,-0.15790381171087,0.441068823665361,0.451846454932986
2.86,-0.12752934085343,0.440543015635961,0.451737439491405
2.87,-0.0964754832867805,0.440017834434097,0.451628424049824
2.88,-0.0648578866964184,0.439493279312514,0.451519408608243
2.89,-0.0328412293118234,0.438969349524846,0.451410393166661
2.9,-0.00061878544566566,0.43844604432562,0.45130137772508
2.91,0.0316127627413446,0.43792336297025,0.451192362283499
2.92,0.0636518269551994,0.437401304715037,0.451083346841917
2.93,0.0952920468430692,0.43687986881717,0.450974331400336
2.94,0.126342194289319,0.436359054534723,0.450865315958755
2.95,0.156633403717373,0.435838861126654,0.450756300517173
2.96,0.186005789288448,0.435319287852804,0.450647285075592
2.97,0.214315903278771,0.434800333973898,0.450538269634011
2.98,0.241465382851426,0.434281998751542,0.45042925419243
2.99,0.267407404141573,0.43376428144822,0.450320238750848
3,0.292122880459515,0.433247181327298,0.450211223309267
3.01,0.315583027399313,0.432730697653019,0.450102207867686
3.02,0.337721840562557,0.432214829690503,0.449993192426104
3.03,0.358438174201917,0.431699576705746,0.449884176984523
3.04,0.377606804555671,0.431184937965619,0.449775161542942
3.05,0.395086262118017,0.430670912737868,0.44966614610136
3.06,0.410742295679744,0.43015750029111,0.449557130659779
3.07,0.424477114894517,0.429644699894836,0.449448115218198
3.08,0.436232929968144,0.429132510819407,0.449339099776617
3.09,0.445968065037249,0.428620932336054,0.449230084335035
3.1,0.453635587202288,0.428109963716875,0.449121068893454
3.11,0.459180633437308,0.427599604234838,0.449012053451873
3.12,0.462553498767848,0.427089853163778,0.448903038010291
3.13,0.463735552535049,0.426580709778393,0.44879402256871
3.14,0.462753320009804,0.426072173354249,0.448685007127129
3.15,0.459658510567202,0.425564243167772,0.448575991685547
3.16,0.454497961371583,0.425056918496253,0.448466976243966
3.17,0.447304442361856,0.424550198617845,0.448357960802385
3.18,0.438103305266222,0.424044082811561,0.448248945360804
3.19,0.426922013487902,0.423538570357271,0.448139929919222
3.2,0.413804653428609,0.423033660535707,0.448030914477641
3.21,0.39882274498909,0.422529352628457,0.44792189903606
3.22,0.382070553379239,0.422025645917965,0.447812883594478
3.23,0.363650577082494,0.421522539687531,0.447703868152897
3.24,0.343657837810345,0.421020033221309,0.447594852711316
3.25,0.322185719586472,0.420518125804307,0.447485837269734
3.26,0.299346576065124,0.420016816722385,0.447376821828153
3.27,0.275251792092684,0.419516105262255,0.447267806386572
3.28,0.249973510710359,0.419015990711477,0.447158790944991
3.29,0.223548609623012,0.418516472358464,0.447049775503409
3.3,0.196000959175859,0.418017549492473,0.446940760061828
3.31,0.16736608110825,0.417519221403613,0.446831744620247
3.32,0.137734537352939,0.417021487382835,0.446722729178665
3.33,0.107276602174762,0.416524346721938,0.446613713737084
3.34,0.0762138866994042,0.416027798713564,0.446504698295503
3.35,0.0447689660210564,0.415531842651199,0.446395682853921
3.36,0.0131380089853595,0.41503647782917,0.44628666741234
3.37,-0.0185050305069917,0.414541703542648,0.446177651970759
3.38,-0.049998944404938,0.414047519087641,0.446068636529177
3.39,-0.0811970806682008,0.413553923760997,0.445959621087596
3.4,-0.111964324278157,0.413060916860405,0.445850605646015
3.41,-0.142164857107133,0.412568497684387,0.445741590204434
3.42,-0.171663031982175,0.412076665532304,0.445632574762852
3.43,-0.20034254829038,0.411585419704353,0.445523559321271
3.44,-0.228114985705534,0.411094759501562,0.44541454387969
3.45,-0.254891967235031,0.410604684225795,0.445305528438108
3.46,-0.280544779638647,0.410115193179747,0.445196512996527
3.47,-0.304902917334679,0.409626285666945,0.445087497554946
3.48,-0.327792140229717,0.409137960991746,0.444978482113364
3.49,-0.349076490457007,0.408650218459336,0.444869466671783
3.5,-0.368691855720063,0.408163057375729,0.444760451230202
3.51,-0.386641659272715,0.407676477047768,0.444651435788621
3.52,-0.402932057637157,0.407190476783121,0.444542420347039
3.53,-0.417509344581572,0.406705055890281,0.444433404905458
3.54,-0.430257808595381,0.406220213678565,0.444324389463877
3.55,-0.441030443800898,0.405735949458116,0.444215374022295
3.56,-0.449685977004755,0.405252262539897,0.444106358580714
3.57,-0.456132735626882,0.404769152235693,0.443997343139133
3.58,-0.460352040662106,0.40428661785811,0.443888327697551
3.59,-0.462383640567336,0.403804658720572,0.44377931225597
3.6,-0.462291726231823,0.403323274137323,0.443670296814389
3.61,-0.460130879902032,0.402842463423424,0.443561281372808
3.62,-0.455931713799438,0.402362225894752,0.443452265931226
3.63,-0.449709195125324,0.401882560868001,0.443343250489645
3.64,-0.44147241432065,0.401403467660678,0.443234235048064
3.65,-0.431230236514255,0.400924945591104,0.443125219606482
3.66,-0.418998289660003,0.400446993978413,0.443016204164901
3.67,-0.40480852651758,0.399969612142551,0.44290718872332
3.68,-0.388707390458,0.399492799404274,0.442798173281738
3.69,-0.370725786504649,0.399016555085149,0.442689157840157
3.7,-0.35086263121393,0.398540878507549,0.442580142398576
3.71,-0.329126453561942,0.398065768994657,0.442471126956995
3.72,-0.305608567705964,0.397591225870463,0.442362111515413
3.73,-0.280553301541911,0.397117248459763,0.442253096073832
3.74,-0.254406063685485,0.396643836088156,0.442144080632251
3.75,-0.22771812006711,0.396170988082047,0.442035065190669
3.76,-0.200817753841232,0.395698703768643,0.441926049749088
3.77,-0.173599828992727,0.395226982475953,0.441817034307507
3.78,-0.145755260557641,0.394755823532788,0.441708018865925
3.79,-0.117086037507611,0.394285226268758,0.441599003424344
3.8,-0.0875709743710541,0.393815190014273,0.441489987982763
3.81,-0.0573108234582188,0.393345714100541,0.441380972541182
3.82,-0.0264816846983503,0.392876797859567,0.4412719570996
3.83,0.00469609259206978,0.392408440624152,0.441162941658019
3.84,0.0359783531290135,0.391940641727895,0.441053926216438
3.85,0.0671110081300714,0.391473400505185,0.440944910774856
3.86,0.0978432963523993,0.391006716291208,0.440835895333275
3.87,0.127947102123347,0.390540588421941,0.440726879891694
3.88,0.157233908874987,0.390075016234154,0.440617864450112
3.89,0.185563666367905,0.389609999065405,0.440508849008531
3.9,0.212849945116499,0.389145536254045,0.44039983356695
3.91,0.239052060337069,0.388681627139211,0.440290818125369
3.92,0.264147864931207,0.388218271060829,0.440181802683787
3.93,0.288107712809988,0.387755467359613,0.440072787242206
3.94,0.31088039855956,0.387293215377061,0.439963771800625
3.95,0.332385241356052,0.386831514455456,0.439854756359043
3.96,0.352522503680556,0.386370363937868,0.439745740917462
3.97,0.371205277212469,0.385909763168146,0.439636725475881
3.98,0.388383059136104,0.385449711490924,0.439527710034299
3.99,0.404018270181351,0.384990208251616,0.439418694592718
4,0.418001188273089,0.384531252796418,0.439309679151137
4.01,0.430056979565325,0.384072844472304,0.439200663709556
4.02,0.439772840575814,0.383614982627026,0.439091648267974
4.03,0.446817753530841,0.383157666609115,0.438982632826393
4.04,0.451166544104265,0.382700895767878,0.438873617384812
4.05,0.453069241477935,0.382244669453397,0.43876460194323
4.06,0.452841793606195,0.381788987016531,0.438655586501649
4.07,0.450715026668732,0.381333847808909,0.438546571060068
4.08,0.446796359313767,0.380879251182937,0.438437555618486
4.09,0.441096130551158,0.38042519649179,0.438328540176905
4.1,0.433580893125066,0.379971683089417,0.438219524735324
4.11,0.424213440624054,0.379518710330534,0.438110509293743
4.12,0.412974219891855,0.379066277570628,0.438001493852161
4.13,0.39988270615803,0.378614384165955,0.43789247841058
4.14,0.385002611998297,0.378163029473537,0.437783462968999
4.15,0.36842521577803,0.377712212851163,0.437674447527417
4.16,0.350256275319768,0.377261933657388,0.437565432085836
4.17,0.330613217232002,0.37681219125153,0.437456416644255
4.18,0.30962328428924,0.376362984993674,0.437347401202673
4.19,0.287412482207964,0.375914314244665,0.437238385761092
4.2,0.264078991719782,0.375466178366111,0.437129370319511
4.21,0.239666263624663,0.375018576720381,0.43702035487793
4.22,0.214165508945717,0.374571508670604,0.436911339436348
4.23,0.187548675371009,0.374124973580668,0.436802323994767
4.24,0.159789520197616,0.37367897081522,0.436693308553186
4.25,0.130838414253198,0.373233499739663,0.436584293111604
4.26,0.100566122929979,0.37278855972016,0.436475277670023
4.27,0.0687279889233764,0.372344150123625,0.436366262228442
4.28,0.0349942822632912,0.37190027031773,0.43625724678686
4.29,-0.000937394308500118,0.371456919670899,0.436148231345279
4.3,-0.0391224286266451,0.37101409755231,0.436039215903698
4.31,-0.079010083839609,0.370571803331893,0.435930200462117
4.32,-0.118959819918125,0.370130036380328,0.435821185020535
4.33,-0.156152535110555,0.369688796069046,0.435712169578954
4.34,-0.187808659468278,0.369248081770228,0.435603154137373
4.35,-0.213012234825939,0.368807892856802,0.435494138695791
4.36,-0.233118842510442,0.368368228702445,0.43538512325421
4.37,-0.250574832568205,0.36792908868158,0.435276107812629
4.38,-0.26755567655967,0.367490472169375,0.435167092371047
4.39,-0.285251356643827,0.367052378541743,0.435058076929466
4.4,-0.30387591657445,0.366614807175344,0.434949061487885
4.41,-0.323052666128816,0.366177757447576,0.434840046046303
4.42,-0.342186917235826,0.365741228736584,0.434731030604722
4.43,-0.36070339426254,0.365305220421251,0.434622015163141
4.44,-0.378141508928344,0.364869731881202,0.43451299972156
4.45,-0.394147123360481,0.364434762496802,0.434403984279978
4.46,-0.408441110190258,0.364000311649152,0.434294968838397
4.47,-0.420815430586489,0.363566378720095,0.434185953396816
4.48,-0.431136427300102,0.363132963092206,0.434076937955234
4.49,-0.439323579754307,0.362700064148802,0.433967922513653
4.5,-0.445332545817303,0.362267681273929,0.433858907072072
4.51,-0.449152837765493,0.361835813852371,0.43374989163049
4.52,-0.4507939831786,0.361404461269645,0.433640876188909
4.53,-0.450282304311776,0.360973622912,0.433531860747328
4.54,-0.4476656749623,0.360543298166416,0.433422845305747
4.55,-0.442986596704037,0.360113486420606,0.433313829864165
4.56,-0.436254697385178,0.35968418706301,0.433204814422584
4.57,-0.427460610908102,0.359255399482799,0.433095798981003
4.58,-0.416607070034911,0.358827123069873,0.432986783539421
4.59,-0.403729577456185,0.358399357214856,0.43287776809784
4.6,-0.388901564674425,0.357972101309101,0.432768752656259
4.61,-0.37222349494636,0.357545354744687,0.432659737214677
4.62,-0.353833060254608,0.357119116914416,0.432550721773096
4.63,-0.33397939188386,0.356693387211815,0.432441706331515
4.64,-0.313029890952994,0.356268165031133,0.432332690889934
4.65,-0.29123732411641,0.355843449767342,0.432223675448352
4.66,-0.26854280724777,0.355419240816136,0.432114660006771
4.67,-0.2447430366201,0.354995537573927,0.43200564456519
4.68,-0.219737522397568,0.354572339437849,0.431896629123608
4.69,-0.193557880231525,0.354149645805752,0.431787613682027
4.7,-0.166306508826468,0.353727456076208,0.431678598240446
4.71,-0.138128064744074,0.353305769648502,0.431569582798864
4.72,-0.109190889707846,0.352884585922637,0.431460567357283
4.73,-0.0796564611224202,0.35246390429933,0.431351551915702
4.74,-0.0496681250468137,0.352043724180014,0.431242536474121
4.75,-0.019369250238291,0.351624044966835,0.431133521032539
4.76,0.0110869565184738,0.351204866062652,0.431024505590958
4.77,0.041539961106215,0.350786186871034,0.430915490149377
4.78,0.0718074951553303,0.350368006796264,0.430806474707795
4.79,0.101672123218564,0.349950325243332,0.430697459266214
4.8,0.130913260823805,0.34953314161794,0.430588443824633
4.81,0.159352546622011,0.349116455326498,0.430479428383051
4.82,0.186863484893926,0.348700265776122,0.43037041294147
4.83,0.21336155901975,0.348284572374636,0.430261397499889
4.84,0.2387881016732,0.34786937453057,0.430152382058308
4.85,0.263081774538136,0.347454671653158,0.430043366616726
4.86,0.2861573564877,0.347040463152341,0.429934351175145
4.87,0.307915656765292,0.34662674843876,0.429825335733564
4.88,0.328267089023527,0.346213526923762,0.429716320291982
4.89,0.347139379334691,0.345800798019391,0.429607304850401
4.9,0.364464879608624,0.345388561138397,0.42949828940882
4.91,0.380165486447422,0.344976815694228,0.429389273967238
4.92,0.39415920660308,0.34456556110103,0.429280258525657
4.93,0.406368435154283,0.344154796773649,0.429171243084076
4.94,0.416710222540499,0.343744522127629,0.429062227642495
4.95,0.425099354346028,0.343334736579208,0.428953212200913
4.96,0.431467787339832,0.342925439545324,0.428844196759332
4.97,0.435782647507991,0.342516630443606,0.428735181317751
4.98,0.438056413780596,0.34210830869238,0.428626165876169
4.99,0.438330282562915,0.341700473710665,0.428517150434588
5,0.436636703483247,0.341293124918171,0.428408134993007
5.01,0.432973016446776,0.340886261735302,0.428299119551425
5.02,0.427314155692847,0.340479883583151,0.428190104109844
5.03,0.419662072410433,0.340073989883502,0.428081088668263
5.04,0.410075393858802,0.33966858005883,0.427972073226682
5.05,0.398648857474757,0.339263653532295,0.4278630577851
5.06,0.385472658270024,0.338859209727747,0.427754042343519
5.07,0.370608414450404,0.338455248069722,0.427645026901938
5.08,0.354103545546753,0.338051767983443,0.427536011460356
5.09,0.336024649376035,0.337648768894817,0.427426996018775
5.1,0.316471953969967,0.337246250230436,0.427317980577194
5.11,0.29555926914896,0.336844211417576,0.427208965135612
5.12,0.273376213746241,0.336442651884194,0.427099949694031
5.13,0.249978467441925,0.336041571058932,0.42699093425245
5.14,0.225412736982886,0.33564096837111,0.426881918810869
5.15,0.199742417870206,0.33524084325073,0.426772903369287
5.16,0.173059365286828,0.334841195128473,0.426663887927706
5.17,0.145479070482633,0.334442023435699,0.426554872486125
5.18,0.117123514249794,0.334043327604445,0.426445857044543
5.19,0.0881115019713056,0.333645107067428,0.426336841602962
5.2,0.058571390761899,0.333247361258037,0.426227826161381
5.21,0.02866126420382,0.332850089610339,0.426118810719799
5.22,-0.00142977312565047,0.332453291559075,0.426009795278218
5.23,-0.031499706774699,0.332056966539661,0.425900779836637
5.24,-0.0613501093722317,0.331661113988184,0.425791764395056
5.25,-0.0907956031455475,0.331265733341406,0.425682748953474
5.26,-0.11967760558455,0.330870824036757,0.425573733511893
5.27,-0.147877974230498,0.330476385512341,0.425464718070312
5.28,-0.175317943561443,0.330082417206929,0.42535570262873
5.29,-0.201935920435772,0.329688918559964,0.425246687187149
5.3,-0.227658731377885,0.329295889011554,0.425137671745568
5.31,-0.25238623125998,0.328903328002476,0.425028656303986
5.32,-0.275990686628334,0.328511234974176,0.424919640862405
5.33,-0.298327424321024,0.328119609368761,0.424810625420824
5.34,-0.319252663274731,0.327728450629007,0.424701609979242
5.35,-0.338647464402528,0.327337758198354,0.424592594537661
5.36,-0.356440181361606,0.326947531520902,0.42448357909608
5.37,-0.372605569988992,0.326557770041418,0.424374563654499
5.38,-0.387135083440353,0.326168473205328,0.424265548212917
5.39,-0.399995778949213,0.325779640458722,0.424156532771336
5.4,-0.411107057347468,0.325391271248346,0.424047517329755
5.41,-0.420361342530618,0.32500336502161,0.423938501888173
5.42,-0.427670544033667,0.32461592122658,0.423829486446592
5.43,-0.432983450021127,0.324228939311981,0.423720471005011
5.44,-0.436264897625891,0.323842418727195,0.423611455563429
5.45,-0.437482844045844,0.323456358922261,0.423502440121848
5.46,-0.436618777456437,0.323070759347872,0.423393424680267
5.47,-0.433674026096355,0.322685619455377,0.423284409238686
5.48,-0.428664657432153,0.322300938696779,0.423175393797104
5.49,-0.421621794709244,0.321916716524734,0.423066378355523
5.5,-0.41260250601961,0.321532952392552,0.422957362913942
5.51,-0.401700362794572,0.321149645754192,0.42284834747236
5.52,-0.389032515618392,0.320766796064265,0.422739332030779
5.53,-0.374699349241421,0.320384402778035,0.422630316589198
5.54,-0.358758137814944,0.32000246535141,0.422521301147616
5.55,-0.341240240475081,0.319620983240951,0.422412285706035
5.56,-0.322186348310964,0.319239955903865,0.422303270264454
5.57,-0.301664998891308,0.318859382798007,0.422194254822873
5.58,-0.279772993043519,0.318479263381878,0.422085239381291
5.59,-0.256627604158057,0.318099597114623,0.42197622393971
5.6,-0.232352519113422,0.317720383456034,0.421867208498129
5.61,-0.207064528015989,0.317341621866546,0.421758193056547
5.62,-0.180863324320655,0.316963311807237,0.421649177614966
5.63,-0.153825053883081,0.316585452739828,0.421540162173385
5.64,-0.126018048084188,0.316208044126682,0.421431146731803
5.65,-0.0975391101552616,0.315831085430801,0.421322131290222
5.66,-0.0685287894749753,0.315454576115829,0.421213115848641
5.67,-0.0391500416315303,0.31507851564605,0.42110410040706
5.68,-0.00956732453858869,0.314702903486384,0.420995084965478
5.69,0.0200530353354914,0.314327739102392,0.420886069523897
5.7,0.0495409767828278,0.31395302196027,0.420777054082316
5.71,0.0787288249825224,0.313578751526851,0.420668038640734
5.72,0.10745184807701,0.313204927269603,0.420559023199153
5.73,0.135544374601767,0.31283154865663,0.420450007757572
5.74,0.16285556829099,0.312458615156669,0.42034099231599
5.75,0.18927904163898,0.312086126239091,0.420231976874409
5.76,0.214753405210076,0.311714081373899,0.420122961432828
5.77,0.23922435665463,0.311342480031729,0.420013945991247
5.78,0.262613635953709,0.310971321683847,0.419904930549665
5.79,0.284824795199665,0.31060060580215,0.419795915108084
5.8,0.305755423233933,0.310230331859163,0.419686899666503
5.81,0.325294872587721,0.309860499328041,0.419577884224921
5.82,0.343329307636077,0.309491107682569,0.41946886878334
5.83,0.359755281304105,0.309122156397155,0.419359853341759
5.84,0.374486230465969,0.308753644946837,0.419250837900177
5.85,0.387458827271949,0.308385572807277,0.419141822458596
5.86,0.39864077400363,0.308017939454764,0.419032807017015
5.87,0.408021134876861,0.30765074436621,0.418923791575433
5.88,0.415583682751035,0.307283987019149,0.418814776133852
5.89,0.421283776067756,0.306917666891742,0.418705760692271
5.9,0.425047432642452,0.306551783462768,0.41859674525069
5.91,0.426802001609836,0.306186336211629,0.418487729809108
5.92,0.426511101301927,0.305821324618348,0.418378714367527
5.93,0.424186250989995,0.305456748163568,0.418269698925946
5.94,0.419881498366325,0.30509260632855,0.418160683484364
5.95,0.413670431218139,0.304728898595174,0.418051668042783
5.96,0.405617276986414,0.304365624445938,0.417942652601202
5.97,0.395767295575371,0.304002783363957,0.417833637159621
5.98,0.384152351243056,0.303640374832961,0.417724621718039
5.99,0.370804151477837,0.303278398337297,0.417615606276458
6,0.355774581305529,0.302916853361926,0.417506590834877
6.01,0.339151862518228,0.302555739392422,0.417397575393295
6.02,0.321060014867255,0.302195055914974,0.417288559951714
6.03,0.301635529896937,0.301834802416383,0.417179544510133
6.04,0.280983942665863,0.301474978384061,0.417070529068551
6.05,0.259150211555019,0.301115583306031,0.41696151362697
6.06,0.23614057445344,0.300756616670929,0.416852498185389
6.07,0.211966898019222,0.300398077967997,0.416743482743807
6.08,0.18667178899741,0.300039966687088,0.416634467302226
6.09,0.160341148080289,0.299682282318663,0.416525451860645
6.1,0.13311124606678,0.299325024353789,0.416416436419064
6.11,0.105159944415739,0.298968192284142,0.416307420977482
6.12,0.0766750223335367,0.298611785602001,0.416198405535901
6.13,0.0478197852544485,0.298255803800254,0.41608939009432
6.14,0.0187301868902163,0.297900246372391,0.415980374652738
6.15,-0.0104593705199949,0.297545112812505,0.415871359211157
6.16,-0.0395906990842115,0.297190402615295,0.415762343769576
6.17,-0.0684775977877876,0.296836115276061,0.415653328327994
6.18,-0.0969317402176349,0.296482250290704,0.415544312886413
6.19,-0.124801373111419,0.296128807155725,0.415435297444832
6.2,-0.151982203837427,0.29577578536823,0.415326282003251
6.21,-0.178395956591816,0.295423184425918,0.415217266561669
6.22,-0.203975952816234,0.295071003827092,0.415108251120088
6.23,-0.228661448702095,0.294719243070651,0.414999235678507
6.24,-0.252374149699853,0.29436790165609,0.414890220236925
6.25,-0.274998663283975,0.294016979083504,0.414781204795344
6.26,-0.296398101352888,0.29366647485358,0.414672189353763
6.27,-0.316442981568063,0.293316388467605,0.414563173912181
6.28,-0.335017954941819,0.292966719427456,0.4144541584706
6.29,-0.352017184244567,0.292617467235606,0.414345143029019
6.3,-0.367361633366356,0.29226863139512,0.414236127587438
6.31,-0.381019882658519,0.291920211409659,0.414127112145856
6.32,-0.392984900791089,0.29157220678347,0.414018096704275
6.33,-0.40322440239282,0.291224617021395,0.413909081262694
6.34,-0.411661410508228,0.290877441628865,0.413800065821112
6.35,-0.418196303346842,0.290530680111901,0.413691050379531
6.36,-0.422739333359181,0.290184331977112,0.41358203493795
6.37,-0.425225904788195,0.289838396731698,0.413473019496368
6.38,-0.425624480115495,0.289492873883441,0.413364004054787
6.39,-0.4239475924572,0.289147762940716,0.413254988613206
6.4,-0.420244744970867,0.28880306341248,0.413145973171624
6.41,-0.414580761026739,0.288458774808276,0.413036957730043
6.42,-0.407028299826172,0.288114896638233,0.412927942288462
6.43,-0.397670308552296,0.287771428413063,0.412818926846881
6.44,-0.386586367291083,0.287428369644062,0.412709911405299
6.45,-0.373830213647796,0.287085719843108,0.412600895963718
6.46,-0.35942720079985,0.28674347852266,0.412491880522137
6.47,-0.34339224216579,0.286401645195761,0.412382865080555
6.48,-0.325753309167301,0.286060219376031,0.412273849638974
6.49,-0.306574450463811,0.285719200577672,0.412164834197393
6.5,-0.285973506378596,0.285378588315466,0.412055818755812
6.51,-0.264108542561235,0.285038382104771,0.41194680331423
6.52,-0.241127406753564,0.284698581461524,0.411837787872649
6.53,-0.217138182055806,0.284359185902238,0.411728772431068
6.54,-0.192224808759153,0.284020194944005,0.411619756989486
6.55,-0.16646636551614,0.283681608104491,0.411510741547905
6.56,-0.139945159492796,0.283343424901936,0.411401726106324
6.57,-0.112754613177401,0.283005644855156,0.411292710664742
6.58,-0.0849946978345661,0.282668267483539,0.411183695223161
6.59,-0.056756974987363,0.282331292307048,0.41107467978158
6.6,-0.0281305133620518,0.281994718846217,0.410965664339998
6.61,0.000769491387688667,0.281658546622151,0.410856648898417
6.62,0.0297722013803516,0.281322775156527,0.410747633456836
6.63,0.0586485583897927,0.280987403971593,0.410638618015255
6.64,0.0871538385156896,0.280652432590164,0.410529602573673
6.65,0.115073218623886,0.280317860535626,0.410420587132092
6.66,0.142231306718933,0.279983687331932,0.410311571690511
6.67,0.168492736488927,0.279649912503603,0.410202556248929
6.68,0.193776412770306,0.279316535575727,0.410093540807348
6.69,0.218058801403116,0.278983556073958,0.409984525365767
6.7,0.241342464445891,0.278650973524516,0.409875509924185
6.71,0.263611394872278,0.278318787454184,0.409766494482604
6.72,0.284799633591988,0.277986997390312,0.409657479041023
6.73,0.304777456257241,0.27765560286081,0.409548463599442
6.74,0.323370638844616,0.277324603394153,0.40943944815786
6.75,0.340412745122776,0.276993998519379,0.409330432716279
6.76,0.355788367326052,0.276663787766085,0.409221417274698
6.77,0.36943339669218,0.27633397066443,0.409112401833116
6.78,0.381310768860485,0.276004546745134,0.409003386391535
6.79,0.391398354833259,0.275675515539475,0.408894370949954
6.8,0.399689889969095,0.275346876579289,0.408785355508372
6.81,0.406187419729938,0.275018629396973,0.408676340066791
6.82,0.410879678905658,0.27469077352548,0.40856732462521
6.83,0.413730032353866,0.274363308498318,0.408458309183629
6.84,0.41468982450858,0.274036233849554,0.408349293742047
6.85,0.41372246925042,0.273709549113809,0.408240278300466
6.86,0.410824072156259,0.273383253826259,0.408131262858885
6.87,0.406027754402313,0.273057347522633,0.408022247417303
6.88,0.39938551975688,0.272731829739216,0.407913231975722
6.89,0.390940649111465,0.272406700012843,0.407804216534141
6.9,0.380715184605963,0.272081957880904,0.407695201092559
6.91,0.368730868456902,0.271757602881338,0.407586185650978
6.92,0.355042450042729,0.271433634552636,0.407477170209397
6.93,0.339747217553905,0.271110052433839,0.407368154767816
6.94,0.322968726550424,0.270786856064538,0.407259139326234
6.95,0.30483575989452,0.270464044984871,0.407150123884653
6.96,0.285459157304795,0.270141618735527,0.407041108443072
6.97,0.264910957453283,0.269819576857741,0.40693209300149
6.98,0.243230293285477,0.269497918893295,0.406823077559909
6.99,0.220438291915805,0.269176644384516,0.406714062118328
7,0.19654410410692,0.268855752874279,0.406605046676746
7.01,0.171571784439485,0.268535243906004,0.406496031235165
7.02,0.145598086764998,0.268215117023652,0.406387015793584
7.03,0.118760530108325,0.267895371771731,0.406278000352003
7.04,0.0912385131479737,0.26757600769529,0.406168984910421
7.05,0.0632341882245781,0.267257024339923,0.40605996946884
7.06,0.0349518006025825,0.266938421251761,0.405950954027259
7.07,0.00657058366670626,0.266620197977482,0.405841938585677
7.08,-0.0217580428700486,0.266302354064299,0.405732923144096
7.09,-0.0498887268398795,0.265984889059968,0.405623907702515
7.1,-0.0776785183556456,0.265667802512784,0.405514892260933
7.11,-0.105007289976289,0.265351093971579,0.405405876819352
7.12,-0.131787482886039,0.265034762985723,0.405296861377771
7.13,-0.157946044607162,0.264718809105125,0.40518784593619
7.14,-0.183401988280371,0.264403231880229,0.405078830494608
7.15,-0.208057965106431,0.264088030862014,0.404969815053027
7.16,-0.23180337741263,0.263773205601998,0.404860799611446
7.17,-0.254521014602952,0.263458755652229,0.404751784169864
7.18,-0.27608371106626,0.263144680565293,0.404642768728283
7.19,-0.296353442407212,0.262830979894307,0.404533753286702
7.2,-0.315200066858866,0.26251765319292,0.40442473784512
7.21,-0.332521412256565,0.262204700015317,0.404315722403539
7.22,-0.348250002297672,0.261892119916209,0.404206706961958
7.23,-0.362353263066024,0.261579912450844,0.404097691520377
7.24,-0.374827688677221,0.261268077174994,0.403988676078795
7.25,-0.385676866229873,0.260956613644965,0.403879660637214
7.26,-0.394878549178328,0.260645521417591,0.403770645195633
7.27,-0.402358413295174,0.260334800050233,0.403661629754051
7.28,-0.407987593797879,0.26002444910078,0.40355261431247
7.29,-0.411623884540563,0.259714468127649,0.403443598870889
7.3,-0.413174795230115,0.259404856689783,0.403334583429307
7.31,-0.412631529934251,0.259095614346651,0.403225567987726
7.32,-0.410062371454873,0.258786740658247,0.403116552546145
7.33,-0.405580959416213,0.258478235185088,0.403007537104563
7.34,-0.399308853876266,0.258170097488219,0.402898521662982
7.35,-0.391344648166837,0.257862327129203,0.402789506221401
7.36,-0.381746933913111,0.257554923670129,0.40268049077982
7.37,-0.370535346073455,0.257247886673608,0.402571475338238
7.38,-0.357699316761446,0.256941215702772,0.402462459896657
7.39,-0.343221246749301,0.256634910321273,0.402353444455076
7.4,-0.327116117016821,0.256328970093283,0.402244429013494
7.41,-0.309453902193737,0.256023394583496,0.402135413571913
7.42,-0.290344137278539,0.255718183357122,0.402026398130332
7.43,-0.269897162769631,0.255413335979891,0.40191738268875
7.44,-0.248206034282907,0.255108852018051,0.401808367247169
7.45,-0.225369290415147,0.254804731038365,0.401699351805588
7.46,-0.201503398484546,0.254500972608114,0.401590336364007
7.47,-0.176720882365797,0.254197576295096,0.401481320922425
7.48,-0.151125425454862,0.253894541667622,0.401372305480844
7.49,-0.124830977623571,0.253591868294519,0.401263290039263
7.5,-0.0979614480638884,0.253289555745126,0.401154274597681
7.51,-0.0706398481029536,0.252987603589299,0.4010452591561
7.52,-0.0429900736104472,0.252686011397404,0.400936243714519
7.53,-0.0151364701793276,0.25238477874032,0.400827228272937
7.54,0.0128011032059999,0.252083905189437,0.400718212831356
7.55,0.0406979432411284,0.251783390316657,0.400609197389775
7.56,0.0684053398065148,0.251483233694392,0.400500181948194
7.57,0.0957497145360403,0.251183434895562,0.400391166506612
7.58,0.122556200441702,0.2508839934936,0.400282151065031
7.59,0.148668100020525,0.250584909062443,0.40017313562345
7.6,0.173944355344491,0.25028618117654,0.400064120181868
7.61,0.1982627092508,0.249987809410844,0.399955104740287
7.62,0.221544492760839,0.249689793340817,0.399846089298706
7.63,0.243756324132286,0.249392132542426,0.399737073857124
7.64,0.264873178954075,0.249094826592143,0.399628058415543
7.65,0.284841999077612,0.248797875066946,0.399519042973962
7.66,0.303565575380505,0.248501277544318,0.399410027532381
7.67,0.320915121413866,0.248205033602243,0.399301012090799
7.68,0.336769461529679,0.247909142819211,0.399191996649218
7.69,0.351044443777162,0.247613604774212,0.399082981207637
7.7,0.363682277829109,0.24731841904674,0.398973965766055
7.71,0.374621643088815,0.247023585216789,0.398864950324474
7.72,0.383791273885234,0.246729102864855,0.398755934882893
7.73,0.391131489308162,0.246434971571931,0.398646919441311
7.74,0.396616463860165,0.246141190919514,0.39853790399973
7.75,0.40025548590411,0.245847760489596,0.398428888558149
7.76,0.40207285551592,0.245554679864669,0.398319873116568
7.77,0.40208531007884,0.245261948627724,0.398210857674986
7.78,0.400297005049224,0.244969566362247,0.398101842233405
7.79,0.396711064843819,0.244677532652221,0.397992826791824
7.8,0.391338180758281,0.244385847082125,0.397883811350242
7.81,0.384199649127799,0.244094509236935,0.397774795908661
7.82,0.375330282863335,0.243803518702118,0.39766578046708
7.83,0.364773342626974,0.24351287506364,0.397556765025498
7.84,0.352569438540342,0.243222577907957,0.397447749583917
7.85,0.338757719862982,0.242932626822018,0.397338734142336
7.86,0.323396964027523,0.242643021393268,0.397229718700755
7.87,0.306582196149624,0.242353761209639,0.397120703259173
7.88,0.288431265909779,0.242064845859558,0.397011687817592
7.89,0.269052010172342,0.24177627493194,0.396902672376011
7.9,0.248520649897777,0.241488048016192,0.396793656934429
7.91,0.22688353870448,0.24120016470221,0.396684641492848
7.92,0.204174832607004,0.240912624580378,0.396575626051267
7.93,0.180439981483662,0.24062542724157,0.396466610609685
7.94,0.155751400114413,0.240338572277145,0.396357595168104
7.95,0.130212629611513,0.240052059278952,0.396248579726523
7.96,0.103952110108756,0.239765887839325,0.396139564284942
7.97,0.0771100758661398,0.239480057551085,0.39603054884336
7.98,0.0498352480185737,0.239194568007537,0.395921533401779
7.99,0.0222901017788546,0.238909418802472,0.395812517960198
8,-0.00535204935805951,0.238624609530165,0.395703502518616
8.01,-0.0329167433151441,0.238340139785374,0.395594487077035
8.02,-0.0602397541581655,0.238056009163341,0.395485471635454
8.03,-0.0871876708299609,0.23777221725979,0.395376456193872
8.04,-0.113669027877746,0.237488763670927,0.395267440752291
8.05,-0.139605075590373,0.23720564799344,0.39515842531071
8.06,-0.164896833661733,0.236922869824497,0.395049409869129
8.07,-0.189432692130944,0.236640428761747,0.394940394427547
8.08,-0.213105478254898,0.236358324403317,0.394831378985966
8.09,-0.235808454690832,0.236076556347815,0.394722363544385
8.1,-0.257426178900566,0.235795124194327,0.394613348102803
8.11,-0.277836301433477,0.235514027542416,0.394504332661222
8.12,-0.296921862078737,0.235233265992123,0.394395317219641
8.13,-0.314579107811494,0.234952839143967,0.394286301778059
8.14,-0.330709824033112,0.23467274659894,0.394177286336478
8.15,-0.34522446337639,0.234392987958514,0.394068270894897
8.16,-0.358066949261672,0.234113562824633,0.393959255453316
8.17,-0.369224638600227,0.233834470799716,0.393850240011734
8.18,-0.378706052826036,0.233555711486656,0.393741224570153
8.19,-0.386504766172809,0.233277284488821,0.393632209128572
8.2,-0.392579411016333,0.23299918941005,0.39352319368699
8.21,-0.396867680015956,0.232721425854654,0.393414178245409
8.22,-0.399315776037391,0.232443993427418,0.393305162803828
8.23,-0.39989730448233,0.232166891733596,0.393196147362246
8.24,-0.398624678634926,0.231890120378913,0.393087131920665
8.25,-0.395550284944278,0.231613678969564,0.392978116479084
8.26,-0.390741858624241,0.231337567112215,0.392869101037502
8.27,-0.384254409093061,0.231061784413999,0.392760085595921
8.28,-0.376120091548445,0.230786330482518,0.39265107015434
8.29,-0.366342102572948,0.230511204925842,0.392542054712759
8.3,-0.354896863351566,0.230236407352508,0.392433039271177
8.31,-0.341758843465439,0.229961937371519,0.392324023829596
8.32,-0.326932055703836,0.229687794592346,0.392215008388015
8.33,-0.310467970849887,0.229413978624924,0.392105992946433
8.34,-0.292471047293344,0.229140489079653,0.391996977504852
8.35,-0.273090213340527,0.228867325567398,0.391887962063271
8.36,-0.252487272135149,0.228594487699487,0.391778946621689
8.37,-0.23079812600622,0.228321975087714,0.391669931180108
8.38,-0.208123002614288,0.228049787344332,0.391560915738527
8.39,-0.184551261986419,0.227777924082059,0.391451900296946
8.4,-0.16017740827491,0.227506384914074,0.391342884855364
8.41,-0.135093193829712,0.227235169454016,0.391233869413783
8.42,-0.109391402716037,0.226964277315987,0.391124853972202
8.43,-0.0831748302886641,0.226693708114546,0.39101583853062
8.44,-0.0565469814403534,0.226423461464713,0.390906823089039
8.45,-0.0296090851043237,0.226153536981969,0.390797807647458
8.46,-0.0024772906329686,0.225883934282249,0.390688792205876
8.47,0.02470430044718,0.22561465298195,0.390579776764295
8.48,0.0517737241323902,0.225345692697924,0.390470761322714
8.49,0.0785626000378393,0.22507705304748,0.390361745881133
8.5,0.104890451418633,0.224808733648384,0.390252730439551
8.51,0.130574681809565,0.224540734118857,0.39014371499797
8.52,0.155468358106419,0.224273054077574,0.390034699556389
8.53,0.179488998846365,0.224005693143668,0.389925684114807
8.54,0.202607780036339,0.223738650936724,0.389816668673226
8.55,0.22480524274041,0.223471927076778,0.389707653231645
8.56,0.246034702372587,0.223205521184324,0.389598637790063
8.57,0.266214809117024,0.222939432880304,0.389489622348482
8.58,0.285235913657727,0.222673661786115,0.389380606906901
8.59,0.302966814522989,0.222408207523603,0.38927159146532
8.6,0.319267152129767,0.222143069715067,0.389162576023738
8.61,0.334018289799705,0.221878247983254,0.389053560582157
8.62,0.347152030719583,0.221613741951363,0.388944545140576
8.63,0.358644626578007,0.22134955124304,0.388835529698994
8.64,0.368481006841673,0.221085675482381,0.388726514257413
8.65,0.376625596537694,0.22082211429393,0.388617498815832
8.66,0.383031075859745,0.220558867302679,0.38850848337425
8.67,0.387660034495901,0.220295934134065,0.388399467932669
8.68,0.390486468996098,0.220033314413974,0.388290452491088
8.69,0.391492218442568,0.219771007768737,0.388181437049507
8.7,0.390672819161902,0.21950901382513,0.388072421607925
8.71,0.388041276143241,0.219247332210375,0.387963406166344
8.72,0.383617372625457,0.218985962552138,0.387854390724763
8.73,0.377422915901261,0.218724904478527,0.387745375283181
8.74,0.369500549767006,0.218464157618097,0.3876363598416
8.75,0.359920487183173,0.218203721599842,0.387527344400019
8.76,0.348751049298026,0.217943596053201,0.387418328958437
8.77,0.336039397625784,0.217683780608055,0.387309313516856
8.78,0.321838160107153,0.217424274894723,0.387200298075275
8.79,0.306234000239984,0.217165078543967,0.387091282633694
8.8,0.289333732740119,0.21690619118699,0.386982267192112
8.81,0.271223394648392,0.216647612455433,0.386873251750531
8.82,0.251948707237073,0.216389341981378,0.38676423630895
8.83,0.231536762394143,0.216131379397342,0.386655220867368
8.84,0.210021531895967,0.215873724336284,0.386546205425787
8.85,0.187451605291432,0.215616376431598,0.386437189984206
8.86,0.163892186379051,0.215359335317117,0.386328174542624
8.87,0.139432564957831,0.215102600627109,0.386219159101043
8.88,0.11419847653439,0.214846171996278,0.386110143659462
8.89,0.0883480903535091,0.214590049059766,0.38600112821788
8.9,0.0620535236058541,0.214334231453145,0.385892112776299
8.91,0.035480592201389,0.214078718812427,0.385783097334718
8.92,0.0087702325179928,0.213823510774054,0.385674081893137
8.93,-0.0179557575155795,0.213568606974903,0.385565066451555
8.94,-0.0445746143775508,0.213314007052283,0.385456051009974
8.95,-0.0709602916972962,0.213059710643937,0.385347035568393
8.96,-0.0969928595967254,0.212805717388038,0.385238020126811
8.97,-0.122558722274489,0.212552026923192,0.38512900468523
8.98,-0.147537392546689,0.212298638888435,0.385019989243649
8.99,-0.171797795757308,0.212045552923232,0.384910973802068
9,-0.195214665693177,0.21179276866748,0.384801958360486
9.01,-0.217682147242429,0.211540285761505,0.384692942918905
9.02,-0.239111879269226,0.21128810384606,0.384583927477324
9.03,-0.259427138552049,0.211036222562329,0.384474912035742
9.04,-0.278561457967562,0.21078464155192,0.384365896594161
9.05,-0.296448243108648,0.210533360456872,0.38425688115258
9.06,-0.313000070078382,0.210282378919649,0.384147865710998
9.07,-0.328103920096305,0.210031696583141,0.384038850269417
9.08,-0.341640661453954,0.209781313090664,0.383929834827836
9.09,-0.353508722316761,0.209531228085961,0.383820819386254
9.1,-0.363640547364467,0.209281441213195,0.383711803944673
9.11,-0.372009929501396,0.209031952116959,0.383602788503092
9.12,-0.37861789729099,0.208782760442266,0.383493773061511
9.13,-0.383463646756043,0.208533865834553,0.383384757619929
9.14,-0.386534937974344,0.208285267939679,0.383275742178348
9.15,-0.387832994430425,0.208036966403927,0.383166726736767
9.16,-0.387396312383299,0.207788960874001,0.383057711295185
9.17,-0.38528270743946,0.207541250997025,0.382948695853604
9.18,-0.381536854274542,0.207293836420544,0.382839680412023
9.19,-0.376182297089097,0.207046716792525,0.382730664970441
9.2,-0.36921837166143,0.206799891761353,0.38262164952886
9.21,-0.360612144134588,0.206553360975832,0.382512634087279
9.22,-0.35031289845325,0.206307124085185,0.382403618645698
9.23,-0.338288858253075,0.206061180739054,0.382294603204116
9.24,-0.324552805067568,0.205815530587497,0.382185587762535
9.25,-0.309171627528044,0.205570173280992,0.382076572320954
9.26,-0.292266957413776,0.20532510847043,0.381967556879372
9.27,-0.2739917753611,0.205080335807121,0.381858541437791
9.28,-0.254500489016524,0.20483585494279,0.38174952599621
9.29,-0.233934320476323,0.204591665529576,0.381640510554628
9.3,-0.21240972571051,0.204347767220034,0.381531495113047
9.31,-0.190017212131363,0.204104159667132,0.381422479671466
9.32,-0.166830903832431,0.203860842524254,0.381313464229885
9.33,-0.142913885809846,0.203617815445195,0.381204448788303
9.34,-0.118324474413646,0.203375078084163,0.381095433346722
9.35,-0.0931251078249162,0.20313263009578,0.380986417905141
9.36,-0.0674020683206819,0.202890471135076,0.380877402463559
9.37,-0.0412868450579425,0.202648600857497,0.380768387021978
9.38,-0.0149389387767776,0.202407018918896,0.380659371580397
9.39,0.0114911930140624,0.202165724975538,0.380550356138815
9.4,0.0378702111404073,0.201924718684098,0.380441340697234
9.41,0.0640627560960366,0.201683999701659,0.380332325255653
9.42,0.0899117324732603,0.201443567685713,0.380223309814072
9.43,0.115240627532037,0.201203422294162,0.38011429437249
9.44,0.139874010184012,0.200963563185314,0.380005278930909
9.45,0.163666793149641,0.200723990017886,0.379896263489328
9.46,0.186536648475355,0.200484702450999,0.379787248047746
9.47,0.208462456890283,0.200245700144183,0.379678232606165
9.48,0.229439894744287,0.200006982757373,0.379569217164584
9.49,0.249434829218894,0.19976854995091,0.379460201723002
9.5,0.268361548520949,0.199530401385539,0.379351186281421
9.51,0.286095222340231,0.19929253672241,0.37924217083984
9.52,0.302505259892636,0.199054955623077,0.379133155398259
9.53,0.317483567942532,0.198817657749497,0.379024139956677
9.54,0.330959029262122,0.198580642764029,0.378915124515096
9.55,0.34288844139204,0.198343910329438,0.378806109073515
9.56,0.353235431640344,0.198107460108887,0.378697093631933
9.57,0.361966183356149,0.197871291765943,0.378588078190352
9.58,0.369043711292514,0.197635404964574,0.378479062748771
9.59,0.37441276131803,0.197399799369147,0.378370047307189
9.6,0.378011903242659,0.19716447464443,0.378261031865608
9.61,0.37980994511031,0.196929430455591,0.378152016424027
9.62,0.379825711903998,0.196694666468198,0.378043000982445
9.63,0.378105456656629,0.196460182348215,0.377933985540864
9.64,0.374684589473531,0.196225977762006,0.377824970099283
9.65,0.369584167921159,0.195992052376334,0.377715954657702
9.66,0.362823075985801,0.195758405858356,0.37760693921612
9.67,0.354410526706625,0.195525037875628,0.377497923774539
9.68,0.344351325989219,0.195291948096103,0.377388908332958
9.69,0.332679820217476,0.195059136188128,0.377279892891376
9.7,0.3194812558622,0.194826601820445,0.377170877449795
9.71,0.304874412524973,0.194594344662193,0.377061862008214
9.72,0.288973229835132,0.194362364382905,0.376952846566632
9.73,0.271862389677762,0.194130660652507,0.376843831125051
9.74,0.253600738861223,0.193899233141319,0.37673481568347
9.75,0.234234013828091,0.193668081520053,0.376625800241889
9.76,0.213797702840618,0.193437205459815,0.376516784800307
9.77,0.19231933704929,0.193206604632102,0.376407769358726
9.78,0.169838602496238,0.192976278708804,0.376298753917145
9.79,0.14643220654988,0.192746227362201,0.376189738475563
9.8,0.122216869126368,0.192516450264964,0.376080723033982
9.81,0.0973375813881929,0.192286947090155,0.375971707592401
9.82,0.0719543857133394,0.192057717511223,0.375862692150819
9.83,0.0462222818833592,0.191828761202009,0.375753676709238
9.84,0.0202831743677421,0.191600077836743,0.375644661267657
9.85,-0.00571757063566463,0.191371667090041,0.375535645826076
9.86,-0.0316254702616962,0.19114352863691,0.375426630384494
9.87,-0.057298710739267,0.190915662152741,0.375317614942913
9.88,-0.0826275513141864,0.190688067313315,0.375208599501332
9.89,-0.107529100457579,0.190460743794797,0.37509958405975
9.9,-0.13192315018438,0.19023369127374,0.374990568618169
9.91,-0.155710293825101,0.190006909427083,0.374881553176588
9.92,-0.178771194917307,0.189780397932146,0.374772537735006
9.93,-0.200983450697771,0.18955415646664,0.374663522293425
9.94,-0.222244893080969,0.189328184708654,0.374554506851844
9.95,-0.242485880946568,0.189102482336666,0.374445491410263
9.96,-0.261650024877701,0.188877049029533,0.374336475968681
9.97,-0.279663483017619,0.188651884466498,0.3742274605271
9.98,-0.296425001893798,0.188426988327184,0.374118445085519
9.99,-0.311817973687452,0.188202360291599,0.374009429643937
10,-0.325730174412887,0.187978000040128,0.373900414202356
10.01,-0.338061366118718,0.187753907253542,0.373791398760775
10.02,-0.348719991188626,0.187530081612988,0.373682383319193
10.03,-0.35763275577539,0.187306522799997,0.373573367877612
10.04,-0.364766831039012,0.187083230496477,0.373464352436031
10.05,-0.370137585550416,0.186860204384716,0.37335533699445
10.06,-0.373793389888487,0.186637444147381,0.373246321552868
10.07,-0.375789512438596,0.186414949467517,0.373137306111287
10.08,-0.376163310996677,0.186192720028547,0.373028290669706
10.09,-0.374930773706059,0.185970755514272,0.372919275228124
10.1,-0.372095664119082,0.185749055608869,0.372810259786543
10.11,-0.367642640006096,0.185527619996891,0.372701244344962
10.12,-0.361533159079478,0.185306448363269,0.37259222890338
10.13,-0.353726303937417,0.185085540393309,0.372483213461799
10.14,-0.344207638248632,0.184864895772689,0.372374198020218
10.15,-0.333006999783171,0.184644514187467,0.372265182578636
10.16,-0.320195149651998,0.184424395324072,0.372156167137055
10.17,-0.30586569929584,0.184204538869307,0.372047151695474
10.18,-0.290125248633805,0.183984944510348,0.371938136253893
10.19,-0.273091874143807,0.183765611934746,0.371829120812311
10.2,-0.254882081819611,0.183546540830423,0.37172010537073
10.21,-0.23559315156422,0.183327730885673,0.371611089929149
10.22,-0.215304810537639,0.183109181789162,0.371502074487567
10.23,-0.194095535258956,0.182890893229927,0.371393059045986
10.24,-0.172046469908115,0.182672864897375,0.371284043604405
10.25,-0.149231577589632,0.182455096481284,0.371175028162824
10.26,-0.125718047240318,0.182237587671803,0.371066012721242
10.27,-0.101578099817476,0.182020338159448,0.370956997279661
10.28,-0.0768966691066333,0.181803347635106,0.37084798183808
10.29,-0.0517717839271016,0.18158661579003,0.370738966396498
10.3,-0.0263122223526469,0.181370142315844,0.370629950954917
10.31,-0.000644567720254874,0.181153926904538,0.370520935513336
10.32,0.0250760161731383,0.18093796924847,0.370411920071754
10.33,0.0506750774615216,0.180722269040363,0.370302904630173
10.34,0.0759819144810674,0.180506825973308,0.370193889188592
10.35,0.100846247911434,0.180291639740761,0.37008487374701
10.36,0.125145118203536,0.180076710036545,0.369975858305429
10.37,0.148775524155295,0.179862036554846,0.369866842863848
10.38,0.171635291978362,0.179647618990216,0.369757827422267
10.39,0.193620896699503,0.17943345703757,0.369648811980685
10.4,0.214645199572974,0.179219550392187,0.369539796539104
10.41,0.234635612559447,0.179005898749709,0.369430781097523
10.42,0.25351250789377,0.178792501806143,0.369321765655941
10.43,0.271182945437799,0.178579359257856,0.36921275021436
10.44,0.28755335509674,0.178366470801577,0.369103734772779
10.45,0.30253996303967,0.178153836134398,0.368994719331197
10.46,0.316070522039467,0.177941454953771,0.368885703889616
10.47,0.328093550240309,0.177729326957509,0.368776688448035
10.48,0.338589296336284,0.177517451843785,0.368667673006454
10.49,0.347554223337295,0.177305829311133,0.368558657564872
10.5,0.354967194028095,0.177094459058445,0.368449642123291
10.51,0.360780630299412,0.176883340784971,0.36834062668171
10.52,0.364944694320601,0.176672474190323,0.368231611240128
10.53,0.367422998936152,0.176461858974468,0.368122595798547
10.54,0.368192289741234,0.176251494837732,0.368013580356966
10.55,0.367249557449553,0.176041381480798,0.367904564915384
10.56,0.364615387325789,0.175831518604705,0.367795549473803
10.57,0.360321081060005,0.17562190591085,0.367686534032222
10.58,0.354393221538686,0.175412543100985,0.367577518590641
10.59,0.346850790379127,0.175203429877218,0.367468503149059
10.6,0.337715190398705,0.174994565942011,0.367359487707478
10.61,0.327025233380144,0.174785950998182,0.367250472265897
10.62,0.314850906816183,0.174577584748903,0.367141456824315
10.63,0.301288106103717,0.174369466897699,0.367032441382734
10.64,0.28642966900759,0.17416159714845,0.366923425941153
10.65,0.270346839744289,0.173953975205388,0.366814410499571
10.66,0.253096305154321,0.173746600773096,0.36670539505799
10.67,0.234730884152316,0.173539473556513,0.366596379616409
10.68,0.215303297231704,0.173332593260927,0.366487364174828
10.69,0.194867600000142,0.173125959591977,0.366378348733246
10.7,0.173487138073948,0.172919572255655,0.366269333291665
10.71,0.151242912616316,0.172713430958302,0.366160317850084
10.72,0.128227217054384,0.172507535406609,0.366051302408502
10.73,0.104538085560396,0.172301885307618,0.365942286966921
10.74,0.0802830054590553,0.172096480368719,0.36583327152534
10.75,0.0555745135354069,0.17189132029765,0.365724256083758
10.76,0.0305292224039753,0.1716864048025,0.365615240642177
10.77,0.00528344760171887,0.171481733591704,0.365506225200596
10.78,-0.0200062003591258,0.171277306374046,0.365397209759015
10.79,-0.0451846243515581,0.171073122858654,0.365288194317433
10.8,-0.0701064948826181,0.170869182755008,0.365179178875852
10.81,-0.0946309383543409,0.170665485772929,0.365070163434271
10.82,-0.11861918351448,0.170462031622588,0.364961147992689
10.83,-0.141936629513397,0.170258820014499,0.364852132551108
10.84,-0.164477243057807,0.170055850659522,0.364743117109527
10.85,-0.186187366553962,0.169853123268862,0.364634101667945
10.86,-0.207036854792484,0.169650637554068,0.364525086226364
10.87,-0.226975739673267,0.169448393227032,0.364416070784783
10.88,-0.245932331111671,0.169246389999991,0.364307055343202
10.89,-0.263826979665366,0.169044627585524,0.36419803990162
10.9,-0.280572502490838,0.168843105696553,0.364089024460039
10.91,-0.296070958033923,0.168641824046342,0.363980009018458
10.92,-0.31021919566158,0.168440782348497,0.363870993576876
10.93,-0.322919304859157,0.168239980316965,0.363761978135295
10.94,-0.334079815473317,0.168039417666036,0.363652962693714
10.95,-0.343612293385078,0.167839094110337,0.363543947252132
10.96,-0.351446525028133,0.167639009364838,0.363434931810551
10.97,-0.357555237930614,0.167439163144849,0.36332591636897
10.98,-0.361954691660107,0.167239555166017,0.363216900927389
10.99,-0.364683006907108,0.167040185144331,0.363107885485807
11,-0.365778878373316,0.166841052796115,0.362998870044226
11.01,-0.365269233286093,0.166642157838034,0.362889854602645
11.02,-0.363161490928441,0.16644349998709,0.362780839161063
11.03,-0.359438826849174,0.166245078960622,0.362671823719482
11.04,-0.354068556205689,0.166046894476307,0.362562808277901
11.05,-0.347020325188445,0.165848946252157,0.362453792836319
11.06,-0.33828318668613,0.165651234006521,0.362344777394738
11.07,-0.327878884932815,0.165453757458084,0.362235761953157
11.08,-0.315865368666306,0.165256516325866,0.362126746511576
11.09,-0.302330998570236,0.165059510329222,0.362017731069994
11.1,-0.287388194497282,0.164862739187842,0.361908715628413
11.11,-0.271166903304067,0.164666202621749,0.361799700186832
11.12,-0.253802422944994,0.164469900351301,0.36169068474525
11.13,-0.235417378881386,0.164273832097189,0.361581669303669
11.14,-0.21610585215879,0.164077997580437,0.361472653862088
11.15,-0.195930554228842,0.163882396522401,0.361363638420506
11.16,-0.174932911185676,0.16368702864477,0.361254622978925
11.17,-0.153149273706672,0.163491893669564,0.361145607537344
11.18,-0.13062982344666,0.163296991319135,0.361036592095762
11.19,-0.107452819011129,0.163102321316167,0.360927576654181
11.2,-0.083719749876445,0.162907883383671,0.3608185612126
11.21,-0.0595387048508253,0.162713677244992,0.360709545771019
11.22,-0.0350208968039316,0.162519702623804,0.360600530329437
11.23,-0.0102829805121801,0.162325959244108,0.360491514887856
11.24,0.0145505235294902,0.162132446830237,0.360382499446275
11.25,0.0393403027312669,0.161939165106852,0.360273484004693
11.26,0.0639359628420074,0.161746113798941,0.360164468563112
11.27,0.0881831492689089,0.16155329263182,0.360055453121531
11.28,0.111931688189221,0.161360701331134,0.359946437679949
11.29,0.135053059431454,0.161168339622854,0.359837422238368
11.3,0.157439322388389,0.160976207233277,0.359728406796787
11.31,0.178992430151358,0.160784303889027,0.359619391355206
11.32,0.199638981851174,0.160592629317055,0.359510375913624
11.33,0.219332741162402,0.160401183244636,0.359401360472043
11.34,0.238018523096654,0.16020996539937,0.359292345030462
11.35,0.255601664258613,0.160018975509183,0.35918332958888
11.36,0.271961439499836,0.159828213302324,0.359074314147299
11.37,0.287001957459653,0.159637678507367,0.358965298705718
11.38,0.300678067845945,0.15944737085321,0.358856283264136
11.39,0.312960165857815,0.159257290069071,0.358747267822555
11.4,0.323802930335527,0.159067435884495,0.358638252380974
11.41,0.333162984236483,0.158877808029348,0.358529236939393
11.42,0.341013590105634,0.158688406233816,0.358420221497811
11.43,0.347329575290236,0.15849923022841,0.35831120605623
11.44,0.35207834528232,0.158310279743959,0.358202190614649
11.45,0.355219039092551,0.158121554511615,0.358093175173067
11.46,0.356705834042275,0.15793305426285,0.357984159731486
11.47,0.356508578737918,0.157744778729456,0.357875144289905
11.48,0.354626005596865,0.157556727643545,0.357766128848323
11.49,0.351078503198721,0.157368900737548,0.357657113406742
11.5,0.345897529117036,0.157181297744214,0.357548097965161
11.51,0.339116896650029,0.156993918396614,0.35743908252358
11.52,0.330772430482294,0.156806762428133,0.357330067081998
11.53,0.320916033503888,0.156619829572476,0.357221051640417
11.54,0.309628640515366,0.156433119563666,0.357112036198836
11.55,0.297004995732841,0.156246632136042,0.357003020757254
11.56,0.283115641770499,0.156060367024259,0.356894005315673
11.57,0.267995290137955,0.155874323963291,0.356784989874092
11.58,0.251676113067146,0.155688502688425,0.35667597443251
11.59,0.234218451401435,0.155502902935265,0.356566958990929
11.6,0.215706348390669,0.155317524439731,0.356457943549348
11.61,0.196220629036666,0.155132366938055,0.356348928107767
11.62,0.175820216452754,0.154947430166787,0.356239912666185
11.63,0.154560221535171,0.154762713862788,0.356130897224604
11.64,0.132512800518433,0.154578217763235,0.356021881783023
11.65,0.109761128779653,0.154393941605616,0.355912866341441
11.66,0.086407746220647,0.154209885127736,0.35580385089986
11.67,0.0625933195808183,0.154026048067707,0.355694835458279
11.68,0.0384783090058938,0.153842430163957,0.355585820016697
11.69,0.0141972700869547,0.153659031155226,0.355476804575116
11.7,-0.0101588581113518,0.153475850780563,0.355367789133535
11.71,-0.0345076963755256,0.15329288877933,0.355258773691954
11.72,-0.0587306879108735,0.153110144891199,0.355149758250372
11.73,-0.0826719747095328,0.152927618856152,0.355040742808791
11.74,-0.106172392123329,0.152745310414482,0.35493172736721
11.75,-0.129089596146859,0.152563219306791,0.354822711925628
11.76,-0.151304182136422,0.152381345273991,0.354713696484047
11.77,-0.172731902427565,0.152199688057301,0.354604681042466
11.78,-0.193316341429161,0.15201824739825,0.354495665600884
11.79,-0.213006041756145,0.151837023038675,0.354386650159303
11.8,-0.231745893164068,0.15165601472072,0.354277634717722
11.81,-0.249474087975766,0.151475222186838,0.354168619276141
11.82,-0.266116006897371,0.151294645179787,0.354059603834559
11.83,-0.281581618929955,0.151114283442633,0.353950588392978
11.84,-0.295773744438622,0.150934136718748,0.353841572951397
11.85,-0.308602664389693,0.15075420475181,0.353732557509815
11.86,-0.319988184156316,0.150574487285802,0.353623542068234
11.87,-0.329851106414699,0.150394984065013,0.353514526626653
11.88,-0.338114610392289,0.150215694834036,0.353405511185071
11.89,-0.344723065733159,0.15003661933777,0.35329649574349
11.9,-0.34965992713296,0.149857757321415,0.353187480301909
11.91,-0.352940734939861,0.149679108530479,0.353078464860328
11.92,-0.354588888033684,0.14950067271077,0.352969449418746
11.93,-0.354616972932726,0.149322449608401,0.352860433977165
11.94,-0.353021046801751,0.149144438969787,0.352751418535584
11.95,-0.349787200848171,0.148966640541643,0.352642403094002
11.96,-0.344908357043426,0.148789054070991,0.352533387652421
11.97,-0.338397029825709,0.14861167930515,0.35242437221084
11.98,-0.330283636870411,0.148434515991743,0.352315356769258
11.99,-0.320614200830207,0.148257563878692,0.352206341327677
12,-0.309451694165216,0.148080822714221,0.352097325886096
12.01,-0.296873608488078,0.147904292246852,0.351988310444515
12.02,-0.282967751218648,0.14772797222541,0.351879295002933
12.03,-0.267827328484696,0.147551862399017,0.351770279561352
12.04,-0.251543590868675,0.147375962517095,0.351661264119771
12.05,-0.234194029192005,0.147200272329364,0.351552248678189
12.06,-0.215841139656026,0.147024791585844,0.351443233236608
12.07,-0.196551085915961,0.14684952003685,0.351334217795027
12.08,-0.176404263975216,0.146674457432998,0.351225202353445
12.09,-0.155484452030278,0.146499603525199,0.351116186911864
12.1,-0.133866468741025,0.146324958064662,0.351007171470283
12.11,-0.11161580236236,0.146150520802893,0.350898156028701
12.12,-0.0888034149011881,0.145976291491693,0.35078914058712
12.13,-0.0655264891116413,0.145802269883159,0.350680125145539
12.14,-0.0419106515899598,0.145628455729685,0.350571109703958
12.15,-0.0180889594647982,0.145454848783958,0.350462094262376
12.16,0.00581474134830868,0.145281448798962,0.350353078820795
12.17,0.0296816083210673,0.145108255527975,0.350244063379214
12.18,0.0533919291500536,0.144935268724567,0.350135047937632
12.19,0.0768281073892342,0.144762488142604,0.350026032496051
12.2,0.0998779490315823,0.144589913536245,0.34991701705447
12.21,0.122437906632122,0.144417544659942,0.349808001612888
12.22,0.144405100816695,0.144245381268439,0.349698986171307
12.23,0.165669750080197,0.144073423116773,0.349589970729726
12.24,0.186136322083479,0.143901669960274,0.349480955288145
12.25,0.205730046819106,0.143730121554562,0.349371939846563
12.26,0.224361694908916,0.143558777655549,0.349262924404982
12.27,0.241915616386323,0.143387638019438,0.349153908963401
12.28,0.258284374455393,0.143216702402722,0.349044893521819
12.29,0.273400275660598,0.143045970562186,0.348935878080238
12.3,0.287234565071811,0.142875442254903,0.348826862638657
12.31,0.299771093891416,0.142705117238237,0.348717847197075
12.32,0.310972011720569,0.14253499526984,0.348608831755494
12.33,0.320756624701948,0.142365076107655,0.348499816313913
12.34,0.329019793160634,0.142195359509911,0.348390800872332
12.35,0.335682261632938,0.142025845235126,0.34828178543075
12.36,0.340713580335391,0.141856533042108,0.348172769989169
12.37,0.344107197754877,0.141687422689949,0.348063754547588
12.38,0.345858829998918,0.141518513938031,0.347954739106006
12.39,0.345978609001646,0.141349806546021,0.347845723664425
12.4,0.344507585926564,0.141181300273874,0.347736708222844
12.41,0.341501738762397,0.141012994881831,0.347627692781262
12.42,0.336997938267976,0.140844890130418,0.347518677339681
12.43,0.331007310075706,0.140676985780445,0.3474096618981
12.44,0.323535762853457,0.140509281593012,0.347300646456519
12.45,0.314602994744869,0.140341777329498,0.347191631014937
12.46,0.3042526325465,0.140174472751571,0.347082615573356
12.47,0.292547603171594,0.140007367621181,0.346973600131775
12.48,0.279552062829401,0.139840461700562,0.346864584690193
12.49,0.265321266819567,0.139673754752231,0.346755569248612
12.5,0.249901567319468,0.139507246538989,0.346646553807031
12.51,0.233332528004688,0.13934093682392,0.346537538365449
12.52,0.215660430159627,0.13917482537039,0.346428522923868
12.53,0.196947406551248,0.139008911942046,0.346319507482287
12.54,0.177264311277365,0.138843196302818,0.346210492040706
12.55,0.15669466324609,0.138677678216917,0.346101476599124
12.56,0.135344621239528,0.138512357448836,0.345992461157543
12.57,0.113336120185054,0.138347233763347,0.345883445715962
12.58,0.0907886134259107,0.138182306925505,0.34577443027438
12.59,0.0678088178162687,0.138017576700642,0.345665414832799
12.6,0.0445014747314245,0.137853042854372,0.345556399391218
12.61,0.0209808089884232,0.137688705152587,0.345447383949636
12.62,-0.00262914837016973,0.13752456336146,0.345338368508055
12.63,-0.0261986430249696,0.13736061724744,0.345229353066474
12.64,-0.0496049462534264,0.137196866577257,0.345120337624892
12.65,-0.0727392906495739,0.137033311117918,0.345011322183311
12.66,-0.0954974141065998,0.136869950636708,0.34490230674173
12.67,-0.117774126860822,0.136706784901187,0.344793291300149
12.68,-0.139471401024671,0.136543813679197,0.344684275858567
12.69,-0.160501871276814,0.136381036738853,0.344575260416986
12.7,-0.180779762565372,0.136218453848548,0.344466244975405
12.71,-0.200213978907689,0.13605606477695,0.344357229533823
12.72,-0.218713716784785,0.135893869293003,0.344248214092242
12.73,-0.236206437271194,0.135731867165927,0.344139198650661
12.74,-0.252644561767135,0.135570058165218,0.34403018320908
12.75,-0.267978474856563,0.135408442060645,0.343921167767498
12.76,-0.282129362639404,0.135247018622252,0.343812152325917
12.77,-0.294993468762927,0.135085787620358,0.343703136884336
12.78,-0.3064642419208,0.134924748825554,0.343594121442754
12.79,-0.316457863274154,0.134763902008707,0.343485106001173
12.8,-0.324927718752744,0.134603246940954,0.343376090559592
12.81,-0.331854282860475,0.134442783393709,0.34326707511801
12.82,-0.337218177146921,0.134282511138654,0.343158059676429
12.83,-0.340979616183615,0.134122429947746,0.343049044234848
12.84,-0.343087222585747,0.133962539593213,0.342940028793266
12.85,-0.343516567609681,0.133802839847556,0.342831013351685
12.86,-0.342294617838399,0.133643330483544,0.342721997910104
12.87,-0.339475354769086,0.133484011274219,0.342612982468523
12.88,-0.335105308161893,0.133324881992895,0.342503967026941
12.89,-0.329218315642707,0.133165942413153,0.34239495158536
12.9,-0.321846004328641,0.133007192308846,0.342285936143779
12.91,-0.313026639051601,0.132848631454096,0.342176920702197
12.92,-0.302805655523952,0.132690259623295,0.342067905260616
12.93,-0.291233582094677,0.132532076591102,0.341958889819035
12.94,-0.278368740509178,0.132374082132447,0.341849874377454
12.95,-0.264272762537217,0.132216276022527,0.341740858935872
12.96,-0.248997132639305,0.132058658036807,0.341631843494291
12.97,-0.232584162364792,0.13190122795102,0.34152282805271
12.98,-0.215091355276413,0.131743985541167,0.341413812611128
12.99,-0.196606089833645,0.131586930583514,0.341304797169547
13,-0.177229388041884,0.131430062854597,0.341195781727966
13.01,-0.157065138890112,0.131273382131214,0.341086766286384
13.02,-0.136226990967263,0.131116888190433,0.340977750844803
13.03,-0.114824090421824,0.130960580809586,0.340868735403222
13.04,-0.0929329394470582,0.13080445976627,0.34075971996164
13.05,-0.0706032065594464,0.130648524838349,0.340650704520059
13.06,-0.0478940837928467,0.130492775803951,0.340541689078478
13.07,-0.0248946367280068,0.130337212441467,0.340432673636897
13.08,-0.00172334477602812,0.130181834529553,0.340323658195315
13.09,0.0214742047280444,0.13002664184713,0.340214642753734
13.1,0.0445459629870389,0.129871634173382,0.340105627312153
13.11,0.067362936149093,0.129716811287756,0.339996611870571
13.12,0.0898210344779411,0.129562172969962,0.33988759642899
13.13,0.111832492422161,0.129407718999971,0.339778580987409
13.14,0.133324827361652,0.12925344915802,0.339669565545827
13.15,0.154219964079052,0.129099363224605,0.339560550104246
13.16,0.174409730076318,0.128945460980484,0.339451534662665
13.17,0.193771646563494,0.128791742206677,0.339342519221084
13.18,0.212196379506823,0.128638206684466,0.339233503779502
13.19,0.229586244951733,0.128484854195391,0.339124488337921
13.2,0.245840761376495,0.128331684521256,0.33901547289634
13.21,0.260857440662084,0.128178697444121,0.338906457454758
13.22,0.274554747067101,0.12802589274631,0.338797442013177
13.23,0.286896318251254,0.127873270210404,0.338688426571596
13.24,0.297885676731462,0.127720829619243,0.338579411130014
13.25,0.307529946692765,0.127568570755927,0.338470395688433
13.26,0.315811259356329,0.127416493403814,0.338361380246852
13.27,0.322689364734762,0.127264597346521,0.338252364805271
13.28,0.328113575291418,0.127112882367922,0.338143349363689
13.29,0.33202967203456,0.126961348252149,0.338034333922108
13.3,0.334391321804359,0.126809994783591,0.337925318480527
13.31,0.335175178660252,0.126658821746895,0.337816303038945
13.32,0.334381426078897,0.126507828926964,0.337707287597364
13.33,0.332017171860206,0.126357016108958,0.337598272155783
13.34,0.328086279064102,0.126206383078292,0.337489256714201
13.35,0.322598049918935,0.126055929620637,0.33738024127262
13.36,0.315590008959557,0.125905655521921,0.337271225831039
13.37,0.307146609980162,0.125755560568326,0.337162210389457
13.38,0.297377135846736,0.125605644546289,0.337053194947876
13.39,0.286362358970831,0.125455907242502,0.336944179506295
13.4,0.274137492068373,0.12530634844391,0.336835164064714
13.41,0.260721077033934,0.125156967937714,0.336726148623132
13.42,0.246134053032993,0.125007765511366,0.336617133181551
13.43,0.230400781483668,0.124858740952575,0.33650811773997
13.44,0.213557749615134,0.124709894049301,0.336399102298388
13.45,0.195659593317886,0.124561224589755,0.336290086856807
13.46,0.176775518950332,0.124412732362404,0.336181071415226
13.47,0.15699339365728,0.124264417155965,0.336072055973644
13.48,0.13642657115029,0.124116278759408,0.335963040532063
13.49,0.115204576218679,0.123968316961953,0.335854025090482
13.5,0.0934568651729279,0.123820531553072,0.335745009648901
13.51,0.0713042780300767,0.12367292232249,0.335635994207319
13.52,0.0488537011952409,0.123525489060179,0.335526978765738
13.53,0.0262003161446435,0.123378231556365,0.335417963324157
13.54,0.00343832740550089,0.123231149601521,0.335308947882575
13.55,-0.0193351627113544,0.123084242986371,0.335199932440994
13.56,-0.0420235104357001,0.12293751150189,0.335090916999413
13.57,-0.0645288890165256,0.1227909549393,0.334981901557831
13.58,-0.0867461187367267,0.122644573090072,0.33487288611625
13.59,-0.108556862184503,0.122498365745928,0.334763870674669
13.6,-0.129829574935505,0.122352332698835,0.334654855233088
13.61,-0.150439684874134,0.12220647374101,0.334545839791506
13.62,-0.170291202118992,0.122060788664918,0.334436824349925
13.63,-0.189309965088291,0.12191527726327,0.334327808908344
13.64,-0.207432144995169,0.121769939329024,0.334218793466762
13.65,-0.224601912589232,0.121624774655388,0.334109778025181
13.66,-0.240761838694296,0.121479783035812,0.3340007625836
13.67,-0.255848597495839,0.121334964263995,0.333891747142018
13.68,-0.269798097389722,0.121190318133881,0.333782731700437
13.69,-0.282543317733333,0.121045844439661,0.333673716258856
13.7,-0.294011456561184,0.120901542975769,0.333564700817275
13.71,-0.304125128133247,0.120757413536887,0.333455685375693
13.72,-0.312802145074183,0.120613455917938,0.333346669934112
13.73,-0.319959250395825,0.120469669914094,0.333237654492531
13.74,-0.325527453235874,0.120326055320767,0.333128639050949
13.75,-0.329475830329779,0.120182611933615,0.333019623609368
13.76,-0.331820538939729,0.120039339548539,0.332910608167787
13.77,-0.332604127499446,0.119896237961685,0.332801592726205
13.78,-0.331865669908813,0.11975330696944,0.332692577284624
13.79,-0.329622832732746,0.119610546368433,0.332583561843043
13.8,-0.325870069341065,0.119467955955538,0.332474546401462
13.81,-0.320595966043075,0.11932553552787,0.33236553095988
13.82,-0.313804873905059,0.119183284882786,0.332256515518299
13.83,-0.305524032109786,0.119041203817884,0.332147500076718
13.84,-0.295806099205967,0.118899292131003,0.332038484635136
13.85,-0.284727211572182,0.118757549620225,0.331929469193555
13.86,-0.272364433507206,0.11861597608387,0.331820453751974
13.87,-0.258779500855288,0.118474571320501,0.331711438310392
13.88,-0.244039663639355,0.118333335128919,0.331602422868811
13.89,-0.228239239402111,0.118192267308166,0.33149340742723
13.9,-0.211489268254705,0.118051367657524,0.331384391985649
13.91,-0.193894211770356,0.117910635976513,0.331275376544067
13.92,-0.175533928590009,0.117770072064893,0.331166361102486
13.93,-0.156465246730503,0.117629675722662,0.331057345660905
13.94,-0.136745920552185,0.117489446750057,0.330948330219323
13.95,-0.116444816065888,0.117349384947553,0.330839314777742
13.96,-0.0956235092253456,0.117209490115863,0.330730299336161
13.97,-0.0743270230573292,0.117069762055936,0.330621283894579
13.98,-0.0525965038053217,0.116930200568962,0.330512268452998
13.99,-0.0304898159526775,0.116790805456363,0.330403253011417
14,-0.00810649445098094,0.116651576519802,0.330294237569836
14.01,0.0144066513602117,0.116512513561177,0.330185222128254
14.02,0.0368826458798201,0.116373616382621,0.330076206686673
14.03,0.0591636293630626,0.116234884786505,0.329967191245092
14.04,0.0811156539352106,0.116096318575434,0.32985817580351
14.05,0.10263731778191,0.115957917552248,0.329749160361929
14.06,0.123648191212787,0.115819681520023,0.329640144920348
14.07,0.144056084394959,0.115681610282071,0.329531129478766
14.08,0.1637475294094,0.115543703641935,0.329422114037185
14.09,0.182616560161642,0.115405961403396,0.329313098595604
14.1,0.20058423598959,0.115268383370466,0.329204083154022
14.11,0.21757371287394,0.115130969347393,0.329095067712441
14.12,0.233484861678413,0.114993719138656,0.32898605227086
14.13,0.248220674714677,0.114856632548969,0.328877036829279
14.14,0.261727529313763,0.114719709383277,0.328768021387697
14.15,0.273993938590538,0.11458294944676,0.328659005946116
14.16,0.285026195031754,0.114446352544828,0.328549990504535
14.17,0.294829752220605,0.114309918483125,0.328440975062953
14.18,0.303386089369179,0.114173647067523,0.328331959621372
14.19,0.310631760477567,0.114037538104131,0.328222944179791
14.2,0.316466749692924,0.113901591399283,0.32811392873821
14.21,0.320789957760225,0.11376580675955,0.328004913296628
14.22,0.323529844593169,0.113630183991728,0.327895897855047
14.23,0.324653145540856,0.113494722902847,0.327786882413466
14.24,0.324164683994355,0.113359423300167,0.327677866971884
14.25,0.322100589875747,0.113224284991174,0.327568851530303
14.26,0.318514824821988,0.113089307783589,0.327459836088722
14.27,0.313475814623363,0.112954491485357,0.32735082064714
14.28,0.307067476657624,0.112819835904656,0.327241805205559
14.29,0.299366848135312,0.112685340849891,0.327132789763978
14.3,0.290410022333836,0.112551006129694,0.327023774322396
14.31,0.2801945593106,0.112416831552928,0.326914758880815
14.32,0.268713695912991,0.112282816928682,0.326805743439234
14.33,0.255977390188542,0.112148962066273,0.326696727997653
14.34,0.242017847103621,0.112015266775245,0.326587712556071
14.35,0.226893294705138,0.11188173086537,0.32647869711449
14.36,0.210683464643391,0.111748354146645,0.326369681672909
14.37,0.193477087801992,0.111615136429296,0.326260666231327
14.38,0.175367246101212,0.111482077523774,0.326151650789746
14.39,0.15645696950653,0.111349177240754,0.326042635348165
14.4,0.136851697332878,0.111216435391141,0.325933619906583
14.41,0.116638010112994,0.111083851786061,0.325824604465002
14.42,0.0958839249859848,0.110951426236868,0.325715589023421
14.43,0.0746610285461797,0.11081915855514,0.32560657358184
14.44,0.0530515793055502,0.11068704855268,0.325497558140258
14.45,0.0311416561630404,0.110555096041514,0.325388542698677
14.46,0.00902419466185539,0.110423300833894,0.325279527257096
14.47,-0.0131941536863169,0.110291662742295,0.325170511815514
14.48,-0.0353911036270022,0.110160181579414,0.325061496373933
14.49,-0.0574329317622583,0.110028857158175,0.324952480932352
14.5,-0.0791889209481808,0.109897689291721,0.32484346549077
14.51,-0.100539697677726,0.109766677793421,0.324734450049189
14.52,-0.121365202744236,0.109635822476863,0.324625434607608
14.53,-0.141535626208072,0.109505123155861,0.324516419166027
14.54,-0.160930675383538,0.109374579644449,0.324407403724445
14.55,-0.179466196436486,0.109244191756882,0.324298388282864
14.56,-0.197093699682307,0.109113959307639,0.324189372841283
14.57,-0.213784909861747,0.108983882111416,0.324080357399701
14.58,-0.229517790391157,0.108853959983134,0.32397134195812
14.59,-0.244251833152181,0.108724192737933,0.323862326516539
14.6,-0.257909644762304,0.108594580191174,0.323753311074957
14.61,-0.270393385348126,0.108465122158435,0.323644295633376
14.62,-0.281617827836319,0.108335818455519,0.323535280191795
14.63,-0.291525903329643,0.108206668898446,0.323426264750214
14.64,-0.300077445216295,0.108077673303453,0.323317249308632
14.65,-0.307232215478797,0.107948831487,0.323208233867051
14.66,-0.312955695729765,0.107820143265764,0.32309921842547
14.67,-0.317235578503187,0.10769160845664,0.322990202983888
14.68,-0.320081478067503,0.107563226876743,0.322881187542307
14.69,-0.321510815707353,0.107434998343405,0.322772172100726
14.7,-0.321522795284886,0.107306922674175,0.322663156659144
14.71,-0.320058070985772,0.10717899968682,0.322554141217563
14.72,-0.316968579758858,0.107051229199326,0.322445125775982
14.73,-0.312027805569491,0.106923611029893,0.322336110334401
14.74,-0.304968349992605,0.10679614499694,0.322227094892819
14.75,-0.295513056006255,0.106668830919101,0.322118079451238
14.76,-0.283419213554871,0.106541668615228,0.322009064009657
14.77,-0.268591176446556,0.106414657904387,0.321900048568075
14.78,-0.251297317174859,0.106287798605861,0.321791033126494
14.79,-0.232486245630704,0.106161090539147,0.321682017684913
14.8,-0.213865117557718,0.10603453352396,0.321573002243331
14.81,-0.19717145764611,0.105908127380226,0.32146398680175
14.82,-0.183056162998353,0.10578187192809,0.321354971360169
14.83,-0.1707852451288,0.105655766987907,0.321245955918588
14.84,-0.158899276348075,0.10552981238025,0.321136940477006
14.85,-0.146036044836427,0.105404007925903,0.321027925035425
14.86,-0.131405081539449,0.105278353445866,0.320918909593844
14.87,-0.11481614566553,0.10515284876135,0.320809894152262
14.88,-0.0964577231722082,0.105027493693782,0.320700878710681
14.89,-0.0766828677115736,0.104902288064799,0.3205918632691
14.9,-0.0558804613740697,0.104777231696252,0.320482847827518
14.91,-0.0344140012218285,0.104652324410204,0.320373832385937
14.92,-0.0125968281471432,0.104527566028932,0.320264816944356
14.93,0.00932260374970673,0.104402956374922,0.320155801502775
14.94,0.0311614872390598,0.104278495270873,0.320046786061193
14.95,0.0527815126995592,0.104154182539695,0.319937770619612
14.96,0.0740654766881771,0.10403001800451,0.319828755178031
14.97,0.0949104052076845,0.10390600148865,0.319719739736449
14.98,0.115230894369925,0.103782132815658,0.319610724294868
14.99,0.134952475269819,0.103658411809287,0.319501708853287
15,0.154001145639969,0.103534838293501,0.319392693411705
15.01,0.172313422004182,0.103411412092472,0.319283677970124
15.02,0.189842388136298,0.103288133030583,0.319174662528543
15.03,0.206538811639337,0.103165000932427,0.319065647086962
15.04,0.222340530261578,0.103042015622805,0.31895663164538
15.05,0.237173883936251,0.102919176926726,0.318847616203799
15.06,0.250948425529441,0.10279648466941,0.318738600762218
15.07,0.263556471709872,0.102673938676283,0.318629585320636
15.08,0.274881678697345,0.102551538772982,0.318520569879055
15.09,0.284817522894299,0.102429284785348,0.318411554437474
15.1,0.293282173269002,0.102307176539432,0.318302538995892
15.11,0.300211501699132,0.102185213861493,0.318193523554311
15.12,0.305577995488511,0.102063396577996,0.31808450811273
15.13,0.309422614532099,0.101941724515612,0.317975492671148
15.14,0.311814588840823,0.101820197501221,0.317866477229567
15.15,0.312790033209304,0.101698815361907,0.317757461787986
15.16,0.312354610061978,0.101577577924961,0.317648446346405
15.17,0.310514162525794,0.101456485017881,0.317539430904823
15.18,0.307292101367043,0.10133553646837,0.317430415463242
15.19,0.302738817871151,0.101214732104335,0.317321400021661
15.2,0.296920711805946,0.101094071753889,0.317212384580079
15.21,0.289883632645801,0.100973555245352,0.317103369138498
15.22,0.281625073536039,0.100853182407245,0.316994353696917
15.23,0.272108484430848,0.100732953068296,0.316885338255335
15.24,0.261315196811757,0.100612867057437,0.316776322813754
15.25,0.249278186426895,0.100492924203802,0.316667307372173
15.26,0.236064312396079,0.100373124336731,0.316558291930592
15.27,0.221749406868335,0.100253467285767,0.31644927648901
15.28,0.206409655489177,0.100133952880654,0.316340261047429
15.29,0.19011385269048,0.100014580951342,0.316231245605848
15.3,0.172926175098265,0.0998953513279828,0.316122230164266
15.31,0.154914614115427,0.0997762638409293,0.316013214722685
15.32,0.13614568268548,0.099657318320738,0.315904199281104
15.33,0.116681800502382,0.0995385145981669,0.315795183839522
15.34,0.0965977715714302,0.099419852504176,0.315686168397941
15.35,0.0760009979464582,0.0993013318699267,0.31557715295636
15.36,0.0550328082034382,0.0991829525267816,0.315468137514779
15.37,0.0338392330808744,0.0990647143063044,0.315359122073197
15.38,0.0125338477121372,0.0989466170402597,0.315250106631616
15.39,-0.00880172984179543,0.0988286605606124,0.315141091190035
15.4,-0.0300833786418642,0.0987108446995281,0.315032075748453
15.41,-0.051208939585312,0.0985931692893721,0.314923060306872
15.42,-0.0720742451391145,0.0984756341627098,0.314814044865291
15.43,-0.0925853753740078,0.098358239152306,0.314705029423709
15.44,-0.112652999633794,0.0982409840911251,0.314596013982128
15.45,-0.132183873545274,0.0981238688123303,0.314486998540547
15.46,-0.151084341812875,0.0980068931492841,0.314377983098966
15.47,-0.169271717070678,0.0978900569355472,0.314268967657384
15.48,-0.186672418175792,0.0977733600048792,0.314159952215803
15.49,-0.203206378685523,0.0976568021912375,0.314050936774222
15.5,-0.218784287959437,0.0975403833287776,0.31394192133264
15.51,-0.233325396575264,0.0974241032518527,0.313832905891059
15.52,-0.246767967665101,0.0973079617950134,0.313723890449478
15.53,-0.259058767480965,0.0971919587930076,0.313614875007896
15.54,-0.270149254509065,0.0970760940807802,0.313505859566315
15.55,-0.280004377495118,0.096960367493473,0.313396844124734
15.56,-0.288595646011261,0.0968447788664239,0.313287828683153
15.57,-0.29588323302907,0.0967293280351676,0.313178813241571
15.58,-0.301812722774036,0.0966140148354346,0.31306979779999
15.59,-0.306327281003318,0.0964988391031513,0.312960782358409
15.6,-0.309375572645756,0.0963838006744396,0.312851766916827
15.61,-0.310906530580518,0.0962688993856168,0.312742751475246
15.62,-0.310877731994601,0.0961541350731955,0.312633736033665
15.63,-0.30928690646085,0.096039507573883,0.312524720592083
15.64,-0.306182379730164,0.0959250167245813,0.312415705150502
15.65,-0.301637599040007,0.0958106623623869,0.312306689708921
15.66,-0.295731225564434,0.0956964443245905,0.31219767426734
15.67,-0.288538862260116,0.0955823624486766,0.312088658825758
15.68,-0.280110329048662,0.0954684165723237,0.311979643384177
15.69,-0.270457337393586,0.0953546065334036,0.311870627942596
15.7,-0.259582027076558,0.0952409321699814,0.311761612501014
15.71,-0.247508988255453,0.0951273933203154,0.311652597059433
15.72,-0.234290212434376,0.0950139898228567,0.311543581617852
15.73,-0.220006212510544,0.0949007215162487,0.31143456617627
15.74,-0.204761766363685,0.0947875882393274,0.311325550734689
15.75,-0.188660392893302,0.094674589831121,0.311216535293108
15.76,-0.171778396717985,0.0945617261308493,0.311107519851527
15.77,-0.154165698356908,0.0944489969779242,0.310998504409945
15.78,-0.135878602437808,0.0943364022119486,0.310889488968364
15.79,-0.116998056644645,0.0942239416727168,0.310780473526783
15.8,-0.097597478570726,0.0941116152002142,0.310671458085201
15.81,-0.0777184449564677,0.0939994226346168,0.31056244264362
15.82,-0.0574023227758651,0.0938873638162912,0.310453427202039
15.83,-0.0367320119244652,0.0937754385857942,0.310344411760457
15.84,-0.0158292624033228,0.0936636467838728,0.310235396318876
15.85,0.00517715228331799,0.0935519882514639,0.310126380877295
15.86,0.0261674121361457,0.0934404628296938,0.310017365435713
15.87,0.0470244906874121,0.0933290703598783,0.309908349994132
15.88,0.0676311096367901,0.0932178106835225,0.309799334552551
15.89,0.0878842942770738,0.0931066836423203,0.30969031911097
15.9,0.107707938650543,0.0929956890781544,0.309581303669388
15.91,0.127038682301152,0.0928848268330959,0.309472288227807
15.92,0.1457971351837,0.0927740967494043,0.309363272786226
15.93,0.163881226109823,0.092663498669527,0.309254257344644
15.94,0.181189494341512,0.0925530324360993,0.309145241903063
15.95,0.197638728139886,0.0924426978919441,0.309036226461482
15.96,0.21315306452492,0.0923324948800716,0.3089272110199
15.97,0.227639060036326,0.0922224232436794,0.308818195578319
15.98,0.240982147510598,0.0921124828261517,0.308709180136738
15.99,0.253075256698574,0.0920026734710595,0.308600164695157
16,0.263840497531534,0.0918929950221606,0.308491149253575
16.01,0.273229639991895,0.0917834473233985,0.308382133811994
16.02,0.281221323662771,0.0916740302189031,0.308273118370413
16.03,0.287814247052583,0.0915647435529902,0.308164102928831
16.04,0.293020144171281,0.0914555871701609,0.30805508748725
16.05,0.29685897443322,0.0913465609151018,0.307946072045669
16.06,0.299349401491665,0.0912376646326848,0.307837056604087
16.07,0.300510251417564,0.0911288981679665,0.307728041162506
16.08,0.300379978925701,0.0910202613661883,0.307619025720925
16.09,0.299016586147586,0.0909117540727762,0.307510010279344
16.1,0.296458591682561,0.0908033761333403,0.307400994837762
16.11,0.292692520574164,0.0906951273936748,0.307291979396181
16.12,0.287667230541995,0.0905870076997578,0.3071829639546
16.13,0.281330397424434,0.090479016897751,0.307073948513018
16.14,0.273651766550118,0.0903711548339994,0.306964933071437
16.15,0.264633894933476,0.0902634213550313,0.306855917629856
16.16,0.254312107092346,0.0901558163075579,0.306746902188274
16.17,0.242745581821199,0.0900483395384731,0.306637886746693
16.18,0.23001208265896,0.0899409908948533,0.306528871305112
16.19,0.216202417264211,0.0898337702239574,0.30641985586353
16.2,0.201407340755986,0.0897266773732261,0.306310840421949
16.21,0.185701533566251,0.0896197121902823,0.306201824980368
16.22,0.169144039116492,0.0895128745229301,0.306092809538787
16.23,0.151802532738465,0.0894061642191556,0.305983794097205
16.24,0.133758822826744,0.0892995811271257,0.305874778655624
16.25,0.115086522659659,0.0891931250951884,0.305765763214043
16.26,0.0958504156315332,0.0890867959718725,0.305656747772461
16.27,0.0761287178148121,0.0889805936058875,0.30554773233088
16.28,0.0560236822377572,0.088874517846123,0.305438716889299
16.29,0.0356484840410775,0.088768568541649,0.305329701447717
16.3,0.0151025966225245,0.0886627455417152,0.305220686006136
16.31,-0.00552946769497154,0.0885570486957513,0.305111670564555
16.32,-0.0261566173409767,0.0884514778533662,0.305002655122974
16.33,-0.0466769237254279,0.0883460328643482,0.304893639681392
16.34,-0.0669866358897174,0.0882407135786647,0.304784624239811
16.35,-0.0869820056012325,0.088135519846462,0.30467560879823
16.36,-0.106561042839995,0.0880304515180649,0.304566593356648
16.37,-0.12561976682794,0.0879255084439768,0.304457577915067
16.38,-0.144039679407811,0.0878206904748791,0.304348562473486
16.39,-0.16169292897635,0.0877159974616315,0.304239547031904
16.4,-0.178479468861553,0.0876114292552712,0.304130531590323
16.41,-0.194355640307411,0.0875069857070132,0.304021516148742
16.42,-0.209311982029855,0.0874026666682497,0.303912500707161
16.43,-0.223329171237634,0.0872984719905502,0.303803485265579
16.44,-0.236360318764291,0.0871944015256611,0.303694469823998
16.45,-0.248341569004678,0.0870904551255054,0.303585454382417
16.46,-0.259206677182775,0.086986632642183,0.303476438940835
16.47,-0.268892737636097,0.0868829339279696,0.303367423499254
16.48,-0.27734145123316,0.0867793588353174,0.303258408057673
16.49,-0.284498150445241,0.0866759072168544,0.303149392616091
16.5,-0.290310559287179,0.0865725789253841,0.30304037717451
16.51,-0.29473530159766,0.0864693738138858,0.302931361732929
16.52,-0.297749273144806,0.0863662917355139,0.302822346291348
16.53,-0.299353837151897,0.0862633325435977,0.302713330849766
16.54,-0.299567019103089,0.0861604960916416,0.302604315408185
16.55,-0.298412247986913,0.0860577822333245,0.302495299966604
16.56,-0.295919528432986,0.0859551908224998,0.302386284525022
16.57,-0.292135288239134,0.0858527217131951,0.302277269083441
16.58,-0.287113369007881,0.0857503747596121,0.30216825364186
16.59,-0.28087170035467,0.085648149816126,0.302059238200278
16.6,-0.273348008035632,0.0855460467372861,0.301950222758697
16.61,-0.264396704637221,0.0854440653778146,0.301841207317116
16.62,-0.253791618086045,0.0853422055926073,0.301732191875535
16.63,-0.241198500770565,0.0852404672367327,0.301623176433953
16.64,-0.226177879367493,0.0851388501654321,0.301514160992372
16.65,-0.208278959184564,0.0850373542341196,0.301405145550791
16.66,-0.187237109102853,0.0849359792983814,0.301296130109209
16.67,-0.163299301217736,0.0848347252139759,0.301187114667628
16.68,-0.13769921079356,0.0847335918368337,0.301078099226047
16.69,-0.112838235011327,0.0846325790230569,0.300969083784465
16.7,-0.0913336088323614,0.0845316866289191,0.300860068342884
16.71,-0.0744407183581089,0.0844309145108655,0.300751052901303
16.72,-0.0615186779548407,0.0843302625255121,0.300642037459722
16.73,-0.0507449171206207,0.0842297305296463,0.30053302201814
16.74,-0.0400729215158387,0.0841293183802256,0.300424006576559
16.75,-0.0279569067898086,0.0840290259343787,0.300314991134978
16.76,-0.0136900521824865,0.083928853049404,0.300205975693396
16.77,0.0027095418601391,0.0838287995827705,0.300096960251815
16.78,0.0208176541741999,0.0837288653921169,0.299987944810234
16.79,0.0400686711243803,0.0836290503352515,0.299878929368652
16.8,0.0599090141828853,0.0835293542701523,0.299769913927071
16.81,0.0798731154942412,0.0834297770549666,0.29966089848549
16.82,0.0996197308421574,0.0833303185480108,0.299551883043909
16.83,0.118919802348789,0.0832309786077701,0.299442867602327
16.84,0.137603174186861,0.0831317570928983,0.299333852160746
16.85,0.155527906929797,0.0830326538622181,0.299224836719165
16.86,0.172585033414108,0.0829336687747202,0.299115821277583
16.87,0.188704468990679,0.0828348016895635,0.299006805836002
16.88,0.203848487470096,0.0827360524660746,0.298897790394421
16.89,0.217989469522343,0.0826374209637481,0.298788774952839
16.9,0.231083677111605,0.0825389070422459,0.298679759511258
16.91,0.243058523882686,0.0824405105613974,0.298570744069677
16.92,0.253816810335155,0.0823422313811988,0.298461728628096
16.93,0.263252338459049,0.0822440693618134,0.298352713186514
16.94,0.271255887962054,0.0821460243635712,0.298243697744933
16.95,0.277712421245437,0.0820480962469687,0.298134682303352
16.96,0.282520196881526,0.0819502848726687,0.29802566686177
16.97,0.28562444463172,0.0818525901015,0.297916651420189
16.98,0.287035902046149,0.0817550117944574,0.297807635978608
16.99,0.286852012797949,0.0816575498127014,0.297698620537026
17,0.285323259089867,0.0815602040175581,0.297589605095445
17.01,0.282888614670485,0.0814629742705188,0.297480589653864
17.02,0.28000667929176,0.0813658604332399,0.297371574212282
17.03,0.276864682874104,0.0812688623675429,0.297262558770701
17.04,0.273274350186432,0.0811719799354138,0.29715354332912
17.05,0.268822703131601,0.0810752129990032,0.297044527887539
17.06,0.26310353860385,0.0809785614206261,0.296935512445957
17.07,0.255874362788075,0.0808820250627617,0.296826497004376
17.08,0.24707357333821,0.080785603788053,0.296717481562795
17.09,0.236753847431474,0.0806892974593066,0.296608466121213
17.1,0.225022020081833,0.0805931059394931,0.296499450679632
17.11,0.212002722417113,0.0804970290917461,0.296390435238051
17.12,0.197813363499409,0.0804010667793625,0.296281419796469
17.13,0.182553157178808,0.080305218865802,0.296172404354888
17.14,0.166317280632772,0.0802094852146874,0.296063388913307
17.15,0.149224619785694,0.0801138656898037,0.295954373471726
17.16,0.131415973390104,0.0800183601550985,0.295845358030144
17.17,0.113025011135884,0.0799229684746816,0.295736342588563
17.18,0.0941697496188666,0.0798276905128247,0.295627327146982
17.19,0.0749576795526949,0.0797325261339614,0.2955183117054
17.2,0.0554752675683171,0.0796374752026869,0.295409296263819
17.21,0.0357903321945098,0.0795425375837577,0.295300280822238
17.22,0.015982153677224,0.0794477131420916,0.295191265380656
17.23,-0.00385455529093048,0.0793530017427676,0.295082249939075
17.24,-0.0236479084841012,0.0792584032510252,0.294973234497494
17.25,-0.0433613183733226,0.0791639175322649,0.294864219055913
17.26,-0.0629617057120962,0.0790695444520475,0.294755203614331
17.27,-0.0824161436914432,0.0789752838760939,0.29464618817275
17.28,-0.101715157381196,0.0788811356702853,0.294537172731169
17.29,-0.120836252427449,0.0787870997006629,0.294428157289587
17.3,-0.139653777202913,0.0786931758334273,0.294319141848006
17.31,-0.157864674041717,0.0785993639349386,0.294210126406425
17.32,-0.174999988668673,0.0785056638717167,0.294101110964843
17.33,-0.190630620525478,0.0784120755104399,0.293992095523262
17.34,-0.204658717700729,0.078318598717946,0.293883080081681
17.35,-0.217331348611176,0.0782252333612314,0.2937740646401
17.36,-0.228959730671161,0.0781319793074509,0.293665049198518
17.37,-0.239713340409201,0.0780388364239178,0.293556033756937
17.38,-0.249616798307735,0.0779458045781035,0.293447018315356
17.39,-0.258603961076051,0.0778528836376376,0.293338002873774
17.4,-0.266558673485912,0.0777600734703072,0.293228987432193
17.41,-0.273355812626136,0.0776673739440573,0.293119971990612
17.42,-0.278896688651688,0.0775747849269901,0.29301095654903
17.43,-0.283127403827159,0.0774823062873651,0.292901941107449
17.44,-0.286033810033783,0.0773899378935989,0.292792925665868
17.45,-0.287612785197986,0.077297679614265,0.292683910224287
17.46,-0.287855287888769,0.0772055313180935,0.292574894782705
17.47,-0.286767106877759,0.0771134928739709,0.292465879341124
17.48,-0.284381170947069,0.0770215641509403,0.292356863899543
17.49,-0.28072710664976,0.0769297450182005,0.292247848457961
17.5,-0.275809138955416,0.0768380353451067,0.29213883301638
17.51,-0.269630812515287,0.0767464350011694,0.292029817574799
17.52,-0.262227714197944,0.076654943856055,0.291920802133217
17.53,-0.253660776320588,0.076563561779585,0.291811786691636
17.54,-0.243982578420799,0.0764722886417364,0.291702771250055
17.55,-0.233228009244661,0.0763811243126409,0.291593755808474
17.56,-0.221434343242962,0.0762900686625852,0.291484740366892
17.57,-0.208647857192048,0.0761991215620105,0.291375724925311
17.58,-0.194909991545602,0.0761082828815126,0.29126670948373
17.59,-0.180258002686211,0.0760175524918415,0.291157694042148
17.6,-0.164743492904229,0.0759269302639013,0.291048678600567
17.61,-0.148434204680129,0.07583641606875,0.290939663158986
17.62,-0.131403815852777,0.0757460097775992,0.290830647717404
17.63,-0.113740977050351,0.0756557112618141,0.290721632275823
17.64,-0.0955554348050152,0.0755655203929133,0.290612616834242
17.65,-0.0769539623540582,0.0754754370425686,0.290503601392661
17.66,-0.0580211898372495,0.0753854610826048,0.290394585951079
17.67,-0.0388341833415653,0.0752955923849992,0.290285570509498
17.68,-0.0194772019217319,0.075205830821882,0.290176555067917
17.69,-3.40434390449546e-05,0.0751161762655359,0.290067539626335
17.7,0.0194161968872331,0.0750266285883957,0.289958524184754
17.71,0.0387909602220275,0.0749371876630482,0.289849508743173
17.72,0.0579935946203406,0.0748478533622322,0.289740493301591
17.73,0.076914717511919,0.0747586255588383,0.28963147786001
17.74,0.0954522146318456,0.0746695041259085,0.289522462418429
17.75,0.113516992223777,0.0745804889366361,0.289413446976847
17.76,0.131025074693659,0.0744915798643659,0.289304431535266
17.77,0.147909696492872,0.0744027767825931,0.289195416093685
17.78,0.164131576761084,0.0743140795649644,0.289086400652104
17.79,0.179664436641038,0.0742254880852765,0.288977385210522
17.8,0.194486187074799,0.074137002217477,0.288868369768941
17.81,0.208590468553359,0.0740486218356635,0.28875935432736
17.82,0.221973630259757,0.0739603468140838,0.288650338885778
17.83,0.234575018443175,0.0738721770271357,0.288541323444197
17.84,0.246225214749716,0.0737841123493665,0.288432308002616
17.85,0.256624958366692,0.0736961526554734,0.288323292561035
17.86,0.265375582549183,0.0736082978203025,0.288214277119453
17.87,0.272160158819527,0.0735205477188496,0.288105261677872
17.88,0.276966923688523,0.0734329022262592,0.287996246236291
17.89,0.280069920177576,0.0733453612178247,0.287887230794709
17.9,0.281806009775108,0.0732579245689882,0.287778215353128
17.91,0.282413255303098,0.0731705921553403,0.287669199911547
17.92,0.282000846183515,0.0730833638526199,0.287560184469965
17.93,0.280578618495087,0.072996239536714,0.287451169028384
17.94,0.278102010038967,0.0729092190836577,0.287342153586803
17.95,0.274509284834738,0.0728223023696336,0.287233138145221
17.96,0.269744452327403,0.0727354892709722,0.28712412270364
17.97,0.263775640666897,0.0726487796641513,0.287015107262059
17.98,0.256610071661336,0.0725621734257959,0.286906091820478
17.99,0.248294768619729,0.0724756704326782,0.286797076378896
18,0.238887822727021,0.0723892705617171,0.286688060937315
18.01,0.22842516387847,0.0723029736899785,0.286579045495734
18.02,0.216932285286858,0.0722167796946747,0.286470030054152
18.03,0.204455007204421,0.0721306884531644,0.286361014612571
18.04,0.19104994321069,0.0720446998429525,0.28625199917099
18.05,0.176756940802758,0.0719588137416898,0.286142983729408
18.06,0.161598665958023,0.0718730300271733,0.286033968287827
18.07,0.145600401563062,0.0717873485773453,0.285924952846246
18.08,0.128811062386472,0.0717017692702938,0.285815937404665
18.09,0.111299927470718,0.0716162919842522,0.285706921963083
18.1,0.0931258164777498,0.0715309165975989,0.285597906521502
18.11,0.0743314871180284,0.0714456429888573,0.285488891079921
18.12,0.0549782107987018,0.0713604710366958,0.285379875638339
18.13,0.035178698219491,0.0712754006199272,0.285270860196758
18.14,0.0151229930409781,0.071190431617509,0.285161844755177
18.15,-0.00487997364012351,0.0711055639085427,0.285052829313595
18.16,-0.0244371990048157,0.0710207973722743,0.284943813872014
18.17,-0.0432971554763786,0.0709361318880935,0.284834798430433
18.18,-0.0615217730185165,0.0708515673355337,0.284725782988852
18.19,-0.0793316917976844,0.0707671035942722,0.28461676754727
18.2,-0.0968665306495557,0.0706827405441296,0.284507752105689
18.21,-0.11412317021893,0.0705984780650697,0.284398736664108
18.22,-0.130997550049253,0.0705143160371995,0.284289721222526
18.23,-0.147345035228933,0.0704302543407688,0.284180705780945
18.24,-0.163039353390313,0.0703462928561703,0.284071690339364
18.25,-0.177994125964448,0.0702624314639393,0.283962674897782
18.26,-0.192144526541578,0.0701786700447534,0.283853659456201
18.27,-0.205427074183459,0.0700950084794324,0.28374464401462
18.28,-0.217773213582021,0.0700114466489384,0.283635628573039
18.29,-0.229112928015762,0.0699279844343752,0.283526613131457
18.3,-0.23939091357845,0.0698446217169884,0.283417597689876
18.31,-0.248574488298062,0.0697613583781653,0.283308582248295
18.32,-0.256631677246686,0.0696781942994343,0.283199566806713
18.33,-0.263505516188773,0.0695951293624654,0.283090551365132
18.34,-0.269121162449083,0.0695121634490694,0.282981535923551
18.35,-0.273416953704645,0.0694292964411981,0.282872520481969
18.36,-0.276365850160305,0.069346528220944,0.282763505040388
18.37,-0.277971951462564,0.0692638586705402,0.282654489598807
18.38,-0.278252452354502,0.0691812876723601,0.282545474157226
18.39,-0.277226306244136,0.0690988151089174,0.282436458715644
18.4,-0.274912984327815,0.0690164408628658,0.282327443274063
18.41,-0.271333782488494,0.0689341648169991,0.282218427832482
18.42,-0.26651637548891,0.0688519868542505,0.2821094123909
18.43,-0.260498893563617,0.0687699068576929,0.282000396949319
18.44,-0.253329371409511,0.0686879247105388,0.281891381507738
18.45,-0.24506004156408,0.0686060402961395,0.281782366066156
18.46,-0.235739622577371,0.0685242534979858,0.281673350624575
18.47,-0.225408623999876,0.068442564199707,0.281564335182994
18.48,-0.21409655055418,0.0683609722850715,0.281455319741413
18.49,-0.201832947477229,0.0682794776379859,0.281346304299831
18.5,-0.188667769098017,0.0681980801424955,0.28123728885825
18.51,-0.174664834619472,0.0681167796827836,0.281128273416669
18.52,-0.159877696110672,0.0680355761431718,0.281019257975087
18.53,-0.144350378013196,0.0679544694081193,0.280910242533506
18.54,-0.128143440592832,0.0678734593622234,0.280801227091925
18.55,-0.111345838870122,0.0677925458902187,0.280692211650343
18.56,-0.0940449524555193,0.0677117288769773,0.280583196208762
18.57,-0.076293614596362,0.0676310082075086,0.280474180767181
18.58,-0.0581320172230412,0.067550383766959,0.2803651653256
18.59,-0.0396328689539239,0.0674698554406118,0.280256149884018
18.6,-0.0208984893860284,0.0673894231138871,0.280147134442437
18.61,-0.00203420603791879,0.0673090866723417,0.280038119000856
18.62,0.0168516025750877,0.0672288460016687,0.279929103559274
18.63,0.0356490398706748,0.0671487009876974,0.279820088117693
18.64,0.0542593434186653,0.0670686515163934,0.279711072676112
18.65,0.0725965273697418,0.0669886974738581,0.27960205723453
18.66,0.0905889816612757,0.0669088387463288,0.279493041792949
18.67,0.108174368792754,0.0668290752201782,0.279384026351368
18.68,0.125278302848145,0.0667494067819147,0.279275010909786
18.69,0.141806978771298,0.066669833318182,0.279165995468205
18.7,0.157663342779835,0.0665903547157586,0.279056980026624
18.71,0.172757160450447,0.0665109708615584,0.278947964585043
18.72,0.187000703543646,0.0664316816426298,0.278838949143461
18.73,0.200311102053657,0.066352486946156,0.27872993370188
18.74,0.212623261030706,0.0662733866594547,0.278620918260299
18.75,0.223895611277168,0.0661943806699779,0.278511902818717
18.76,0.23410253746592,0.0661154688653118,0.278402887377136
18.77,0.243220809486198,0.0660366511331764,0.278293871935555
18.78,0.251212260184645,0.0659579273614259,0.278184856493974
18.79,0.25801747448993,0.065879297438048,0.278075841052392
18.8,0.263571722209192,0.0658007612511639,0.277966825610811
18.81,0.267819489632997,0.0657223186890282,0.27785781016923
18.82,0.270719031436751,0.0656439696400289,0.277748794727648
18.83,0.272251092942316,0.0655657139926866,0.277639779286067
18.84,0.272426019662231,0.0654875516356554,0.277530763844486
18.85,0.271279876915228,0.0654094824577217,0.277421748402904
18.86,0.268861090412928,0.0653315063478045,0.277312732961323
18.87,0.265216037508161,0.0652536231949556,0.277203717519742
18.88,0.260385385030488,0.0651758328883585,0.27709470207816
18.89,0.254408089577878,0.0650981353173293,0.276985686636579
18.9,0.247330106245271,0.0650205303713158,0.276876671194998
18.91,0.239214807184891,0.0649430179398976,0.276767655753417
18.92,0.230128546463633,0.064865597912786,0.276658640311835
18.93,0.220107947576636,0.0647882701798238,0.276549624870254
18.94,0.209153587295938,0.064711034630985,0.276440609428673
18.95,0.197249851735463,0.0646338911563749,0.276331593987091
18.96,0.184387216135859,0.0645568396462298,0.27622257854551
18.97,0.170585165286939,0.0644798799909166,0.276113563103929
18.98,0.155898877895235,0.0644030120809333,0.276004547662347
18.99,0.140401815977019,0.0643262358069081,0.275895532220766
19,0.124180765619279,0.0642495510595999,0.275786516779185
19.01,0.107346786037474,0.0641729577298975,0.275677501337604
19.02,0.0900284724521156,0.0640964557088199,0.275568485896022
19.03,0.0723484482411213,0.0640200448875161,0.275459470454441
19.04,0.0544022038160479,0.0639437251572648,0.27535045501286
19.05,0.0362566390527498,0.0638674964094744,0.275241439571278
19.06,0.017970119865459,0.0637913585356825,0.275132424129697
19.07,-0.000392205511470885,0.0637153114275563,0.275023408688116
19.08,-0.0187607730116453,0.063639354976892,0.274914393246534
19.09,-0.0370651522016311,0.0635634890756147,0.274805377804953
19.1,-0.0552225437060715,0.0634877136157786,0.274696362363372
19.11,-0.0731290560026368,0.0634120284895664,0.274587346921791
19.12,-0.0906786316478668,0.0633364335892893,0.274478331480209
19.13,-0.1077826752369,0.0632609288073869,0.274369316038628
19.14,-0.124361468227623,0.0631855140364272,0.274260300597047
19.15,-0.140330544359872,0.063110189169106,0.274151285155465
19.16,-0.155606852103143,0.0630349540982472,0.274042269713884
19.17,-0.170127781752512,0.0629598087168025,0.273933254272303
19.18,-0.183854663142116,0.0628847529178511,0.273824238830721
19.19,-0.196750297781298,0.0628097865945997,0.27371522338914
19.2,-0.208763280201698,0.0627349096403822,0.273606207947559
19.21,-0.219828505188583,0.06266012194866,0.273497192505978
19.22,-0.229866473996283,0.0625854234130211,0.273388177064396
19.23,-0.238796395263266,0.0625108139271806,0.273279161622815
19.24,-0.246555574134618,0.0624362933849803,0.273170146181234
19.25,-0.253096526548378,0.0623618616803883,0.273061130739652
19.26,-0.258385094745807,0.0622875187074995,0.272952115298071
19.27,-0.262413380951343,0.0622132643605347,0.27284309985649
19.28,-0.26519802383818,0.0621390985338411,0.272734084414908
19.29,-0.266762331404388,0.0620650211218915,0.272625068973327
19.3,-0.267122665166122,0.0619910320192849,0.272516053531746
19.31,-0.266282118967981,0.0619171311207457,0.272407038090165
19.32,-0.264232671290107,0.0618433183211238,0.272298022648583
19.33,-0.260969708017902,0.0617695935153945,0.272189007207002
19.34,-0.256510596955985,0.0616959565986584,0.272079991765421
19.35,-0.250896062179963,0.061622407466141,0.271970976323839
19.36,-0.244171015364863,0.0615489460131927,0.271861960882258
19.37,-0.236371987861175,0.0614755721352888,0.271752945440677
19.38,-0.227528953336508,0.0614022857280292,0.271643929999095
19.39,-0.217666391645567,0.061329086687138,0.271534914557514
19.4,-0.206807760402486,0.061255974908464,0.271425899115933
19.41,-0.194991988797844,0.0611829502879798,0.271316883674351
19.42,-0.182285148763149,0.0611100127217822,0.27120786823277
19.43,-0.16876327585841,0.0610371621060919,0.271098852791189
19.44,-0.154485381329759,0.0609643983372532,0.270989837349608
19.45,-0.139498367714208,0.0608917213117339,0.270880821908026
19.46,-0.123861220876618,0.0608191309261256,0.270771806466445
19.47,-0.107648815532534,0.0607466270771428,0.270662791024864
19.48,-0.0909353043460757,0.0606742096616232,0.270553775583282
19.49,-0.0737859671081782,0.0606018785765276,0.270444760141701
19.5,-0.05626731809868,0.0605296337189395,0.27033574470012
19.51,-0.0384538594488498,0.0604574749860652,0.270226729258539
19.52,-0.0204266416502907,0.0603854022752336,0.270117713816957
19.53,-0.00227735846477169,0.0603134154838957,0.270008698375376
19.54,0.0158877769959386,0.060241514509625,0.269899682933795
19.55,0.0339613217383491,0.0601696992501171,0.269790667492213
19.56,0.0518552087608942,0.0600979696031895,0.269681652050632
19.57,0.0694935380277546,0.0600263254667816,0.269572636609051
19.58,0.0867880850319014,0.0599547667389543,0.269463621167469
19.59,0.103638207881576,0.0598832933178901,0.269354605725888
19.6,0.11994870727123,0.0598119051018929,0.269245590284307
19.61,0.135642689236421,0.0597406019893879,0.269136574842725
19.62,0.150665112297022,0.0596693838789212,0.269027559401144
19.63,0.164969662878257,0.0595982506691601,0.268918543959563
19.64,0.178501595451433,0.0595272022588925,0.268809528517982
19.65,0.191207544785422,0.0594562385470271,0.2687005130764
19.66,0.203052739702589,0.0593853594325929,0.268591497634819
19.67,0.213998489073026,0.0593145648147395,0.268482482193238
19.68,0.223968240817044,0.0592438545927366,0.268373466751656
19.69,0.23286257420143,0.059173228665974,0.268264451310075
19.7,0.240600699593097,0.0591026869339615,0.268155435868494
19.71,0.24713322012958,0.0590322292963286,0.268046420426912
19.72,0.252429214112397,0.0589618556528246,0.267937404985331
19.73,0.256466619292767,0.0588915659033181,0.26782838954375
19.74,0.259232578434534,0.0588213599477972,0.267719374102169
19.75,0.260726890309751,0.0587512376863693,0.267610358660587
19.76,0.260960965478259,0.0586811990192607,0.267501343219006
19.77,0.259952336930923,0.0586112438468169,0.267392327777425
19.78,0.257724589803513,0.0585413720695018,0.267283312335843
19.79,0.254317777219597,0.0584715835878984,0.267174296894262
19.8,0.249796864610913,0.0584018783027079,0.267065281452681
19.81,0.244234208778616,0.05833225611475,0.266956266011099
19.82,0.237670551729577,0.0582627169249627,0.266847250569518
19.83,0.230099005240492,0.0581932606344019,0.266738235127937
19.84,0.221494873854004,0.0581238871442417,0.266629219686356
19.85,0.211855182597063,0.0580545963557739,0.266520204244774
19.86,0.201210579797109,0.0579853881704078,0.266411188803193
19.87,0.18961150176183,0.0579162624896706,0.266302173361612
19.88,0.177105791876506,0.0578472192152064,0.26619315792003
19.89,0.163738542345804,0.0577782582487772,0.266084142478449
19.9,0.14957922300103,0.0577093794922614,0.265975127036868
19.91,0.134728086552294,0.0576405828476549,0.265866111595286
19.92,0.119286354673861,0.0575718682170702,0.265757096153705
19.93,0.103336596983856,0.0575032355027366,0.265648080712124
19.94,0.0869520881681115,0.0574346846069999,0.265539065270542
19.95,0.0702018958028257,0.0573662154323223,0.265430049828961
19.96,0.0531422639532461,0.0572978278812823,0.26532103438738
19.97,0.0358170158530271,0.0572295218565744,0.265212018945799
19.98,0.0182735318878709,0.0571612972610095,0.265103003504217
19.99,0.000580251515886921,0.0570931539975138,0.264993988062636
20,-0.0171728369473822,0.0570250919691297,0.264884972621055
20.01,-0.0348850098111133,0.056957111079015,0.264775957179473
20.02,-0.0524518523410128,0.0568892112304429,0.264666941737892
20.03,-0.0697752636231261,0.056821392326802,0.264557926296311
20.04,-0.0867749333576874,0.0567536542715959,0.264448910854729
20.05,-0.103390942547628,0.0566859969684436,0.264339895413148
20.06,-0.119568308427669,0.0566184203210786,0.264230879971567
20.07,-0.135221878587142,0.0565509242333493,0.264121864529986
20.08,-0.150222174468536,0.0564835086092189,0.264012849088404
20.09,-0.164431590971873,0.0564161733527648,0.263903833646823
20.1,-0.177746342485946,0.056348918368179,0.263794818205242
20.11,-0.190102002214879,0.0562817435597676,0.26368580276366
20.12,-0.201462185591183,0.0562146488319507,0.263576787322079
20.13,-0.211809879925824,0.0561476340892625,0.263467771880498
20.14,-0.221135868154064,0.056080699236351,0.263358756438916
20.15,-0.229425825276864,0.0560138441779776,0.263249740997335
20.16,-0.236655543666194,0.0559470688190176,0.263140725555754
20.17,-0.242797537139279,0.0558803730644595,0.263031710114173
20.18,-0.247827914168064,0.0558137568194051,0.262922694672591
20.19,-0.251722628261955,0.0557472199890693,0.26281367923101
20.2,-0.254449075112184,0.0556807624787802,0.262704663789429
20.21,-0.255971734915394,0.0556143841939784,0.262595648347847
20.22,-0.256278107565788,0.0555480850402175,0.262486632906266
20.23,-0.255399295229175,0.0554818649231637,0.262377617464685
20.24,-0.253398178351275,0.0554157237485954,0.262268602023103
20.25,-0.25032971958513,0.0553496614224036,0.262159586581522
20.26,-0.246208087373558,0.0552836778505914,0.262050571139941
20.27,-0.241011417355614,0.0552177729392739,0.26194155569836
20.28,-0.234714694482098,0.0551519465946782,0.261832540256778
20.29,-0.227317645935461,0.055086198723143,0.261723524815197
20.3,-0.2188474828156,0.055020529231119,0.261614509373616
20.31,-0.209348971588877,0.0549549380251681,0.261505493932034
20.32,-0.198881223420452,0.0548894250119638,0.261396478490453
20.33,-0.187509841811481,0.0548239900982908,0.261287463048872
20.34,-0.175290607845353,0.0547586331910447,0.26117844760729
20.35,-0.16226583983625,0.0546933541972326,0.261069432165709
20.36,-0.148480155614686,0.0546281530239718,0.260960416724128
20.37,-0.134003790577864,0.054563029578491,0.260851401282547
20.38,-0.118936554012401,0.0544979837681289,0.260742385840965
20.39,-0.103372774175875,0.0544330155003352,0.260633370399384
20.4,-0.0873633921397529,0.0543681246826694,0.260524354957803
20.41,-0.0709327709389295,0.0543033112228016,0.260415339516221
20.42,-0.0541314614158061,0.0542385750285119,0.26030632407464
20.43,-0.0370481621176014,0.0541739160076902,0.260197308633059
20.44,-0.0197727737020553,0.0541093340683363,0.260088293191477
20.45,-0.00237684226109007,0.0540448291185596,0.259979277749896
20.46,0.0150711344508738,0.0539804010665791,0.259870262308315
20.47,0.0324924137363208,0.0539160498207233,0.259761246866734
20.48,0.0497919301934364,0.0538517752894298,0.259652231425152
20.49,0.0668546313843319,0.0537875773812456,0.259543215983571
20.5,0.0835572140806485,0.0537234560048264,0.25943420054199
20.51,0.0997944490429089,0.053659411068937,0.259325185100408
20.52,0.115500512984533,0.0535954424824511,0.259216169658827
20.53,0.130634203684434,0.0535315501543506,0.259107154217246
20.54,0.1451393857997,0.0534677339937264,0.258998138775664
20.55,0.158939302992578,0.0534039939097774,0.258889123334083
20.56,0.171958375578775,0.053340329811811,0.258780107892502
20.57,0.184127908054589,0.0532767416092425,0.258671092450921
20.58,0.195393298652871,0.0532132292115953,0.258562077009339
20.59,0.205723071766394,0.0531497925285008,0.258453061567758
20.6,0.215087622654475,0.0530864314696978,0.258344046126177
20.61,0.223441981973256,0.053023145945033,0.258235030684595
20.62,0.230746638986831,0.0529599358644605,0.258126015243014
20.63,0.236980680796671,0.0528968011380416,0.258016999801433
20.64,0.242122321368415,0.0528337416759449,0.257907984359851
20.65,0.246136613336614,0.0527707573884462,0.25779896891827
20.66,0.2489806476578,0.0527078481859282,0.257689953476689
20.67,0.250613830814899,0.0526450139788804,0.257580938035108
20.68,0.251022133094118,0.0525822546778989,0.257471922593526
20.69,0.250226886441772,0.0525195701936866,0.257362907151945
20.7,0.248255777478115,0.0524569604370528,0.257253891710364
20.71,0.245125790985838,0.052394425318913,0.257144876268782
20.72,0.240855612987177,0.052331964750289,0.257035860827201
20.73,0.235472402732931,0.0522695786423086,0.25692684538562
20.74,0.229013498298974,0.0522072669062056,0.256817829944038
20.75,0.221531580578625,0.0521450294533198,0.256708814502457
20.76,0.213085881974849,0.0520828661950963,0.256599799060876
20.77,0.20372446814319,0.0520207770430861,0.256490783619295
20.78,0.1934729407563,0.0519587619089454,0.256381768177713
20.79,0.182334995921954,0.051896820704436,0.256272752736132
20.8,0.170317696266206,0.0518349533414246,0.256163737294551
20.81,0.157459397569964,0.0517731597318832,0.256054721852969
20.82,0.143825388855413,0.0517114397878885,0.255945706411388
20.83,0.129493855353939,0.0516497934216223,0.255836690969807
20.84,0.114553244076861,0.0515882205453708,0.255727675528225
20.85,0.0990910602272538,0.051526721071525,0.255618660086644
20.86,0.0831809157399984,0.0514652949125803,0.255509644645063
20.87,0.0668957053155413,0.0514039419811362,0.255400629203481
20.88,0.0503225218282374,0.0513426621898967,0.2552916137619
20.89,0.0335444482518691,0.0512814554516696,0.255182598320319
20.9,0.0166214976568579,0.0512203216793669,0.255073582878738
20.91,-0.000394627215606047,0.0511592607860042,0.254964567437156
20.92,-0.017437549067768,0.0510982726847009,0.254855551995575
20.93,-0.0344224023266281,0.0510373572886799,0.254746536553994
20.94,-0.0512512683440055,0.0509765145112677,0.254637521112412
20.95,-0.0678209899555197,0.050915744265894,0.254528505670831
20.96,-0.084039874212644,0.0508550464660917,0.25441949022925
20.97,-0.0998389187384271,0.0507944210254969,0.254310474787668
20.98,-0.115158407343822,0.0507338678578484,0.254201459346087
20.99,-0.129921394769718,0.0506733868769882,0.254092443904506
21,-0.144034711069342,0.0506129779968606,0.253983428462925
21.01,-0.157424870952533,0.0505526411315129,0.253874413021343
21.02,-0.170053403312506,0.0504923761950945,0.253765397579762
21.03,-0.181893136773966,0.0504321831018575,0.253656382138181
21.04,-0.192904503932212,0.0503720617661558,0.253547366696599
21.05,-0.203031308447755,0.0503120121024459,0.253438351255018
21.06,-0.212210469604836,0.0502520340252858,0.253329335813437
21.07,-0.220380462192862,0.0501921274493356,0.253220320371855
21.08,-0.227484155551607,0.0501322922893572,0.253111304930274
21.09,-0.233478584503575,0.0500725284602139,0.253002289488693
21.1,-0.238344805152674,0.0500128358768707,0.252893274047112
21.11,-0.242081633506938,0.0499532144543939,0.25278425860553
21.12,-0.244693166590534,0.049893664107951,0.252675243163949
21.13,-0.246181064184318,0.0498341847528106,0.252566227722368
21.14,-0.24654157472466,0.0497747763043425,0.252457212280786
21.15,-0.24577357191118,0.0497154386780172,0.252348196839205
21.16,-0.243885026537201,0.049656171789406,0.252239181397624
21.17,-0.240887303302912,0.049596975554181,0.252130165956042
21.18,-0.23679157804198,0.0495378498881146,0.252021150514461
21.19,-0.231606712559538,0.0494787947070798,0.25191213507288
21.2,-0.225344165406512,0.0494198099270498,0.251803119631299
21.21,-0.218037526397634,0.0493608954640979,0.251694104189717
21.22,-0.209743812771192,0.0493020512343977,0.251585088748136
21.23,-0.200522063716077,0.0492432771542224,0.251476073306555
21.24,-0.190427883441482,0.0491845731399453,0.251367057864973
21.25,-0.179515848480586,0.0491259391080392,0.251258042423392
21.26,-0.16782910348192,0.0490673749750766,0.251149026981811
21.27,-0.155397841120257,0.0490088806577293,0.251040011540229
21.28,-0.142250010166282,0.0489504560727687,0.250930996098648
21.29,-0.128423419316171,0.0488921011370651,0.250821980657067
21.3,-0.113981068438883,0.0488338157675882,0.250712965215486
21.31,-0.0990035376548784,0.0487755998814064,0.250603949773904
21.32,-0.0835585216337223,0.0487174533956873,0.250494934332323
21.33,-0.0677015842583826,0.0486593762276968,0.250385918890742
21.34,-0.05150342073624,0.0486013682947999,0.25027690344916
21.35,-0.0350527940876612,0.0485434295144598,0.250167888007579
21.36,-0.0184385211698253,0.0484855598042382,0.250058872565998
21.37,-0.00173847176476066,0.0484277590817951,0.249949857124416
21.38,0.0149755377677614,0.0483700272648885,0.249840841682835
21.39,0.0316246097756401,0.0483123642713747,0.249731826241254
21.4,0.048123559075005,0.0482547700192077,0.249622810799673
21.41,0.0643926987877792,0.0481972444264394,0.249513795358091
21.42,0.0803526226174484,0.0481397874112196,0.24940477991651
21.43,0.0959118669266137,0.0480823988917952,0.249295764474929
21.44,0.11097639856441,0.0480250787865109,0.249186749033347
21.45,0.125468096895815,0.0479678270138088,0.249077733591766
21.46,0.139328800846512,0.0479106434922279,0.248968718150185
21.47,0.152515189495428,0.0478535281404046,0.248859702708603
21.48,0.164988700176736,0.0477964808770723,0.248750687267022
21.49,0.176699646719193,0.047739501621061,0.248641671825441
21.5,0.187583407320915,0.0476825902912978,0.248532656383859
21.51,0.197578532522882,0.0476257468068062,0.248423640942278
21.52,0.206641320767725,0.0475689710867064,0.248314625500697
21.53,0.214733404514086,0.0475122630502149,0.248205610059116
21.54,0.221804637817821,0.0474556226166446,0.248096594617534
21.55,0.227801740990942,0.0473990497054045,0.247987579175953
21.56,0.232687039374946,0.0473425442359997,0.247878563734372
21.57,0.236438943778015,0.0472861061280314,0.24776954829279
21.58,0.239043042834244,0.0472297353011964,0.247660532851209
21.59,0.240492353048687,0.0471734316752873,0.247551517409628
21.6,0.240791437123299,0.0471171951701926,0.247442501968047
21.61,0.239958452986367,0.0470610257058958,0.247333486526465
21.62,0.238018468187994,0.0470049232024763,0.247224471084884
21.63,0.234984921109614,0.0469488875801083,0.247115455643303
21.64,0.230857434926778,0.0468929187590617,0.247006440201721
21.65,0.225645593785943,0.0468370166597008,0.24689742476014
21.66,0.219386491670206,0.0467811812024854,0.246788409318559
21.67,0.212144318726717,0.0467254123079699,0.246679393876977
21.68,0.203993616872692,0.0466697098968034,0.246570378435396
21.69,0.19498234016201,0.0466140738897296,0.246461362993815
21.7,0.185114787368891,0.0465585042075866,0.246352347552233
21.71,0.174383070098147,0.0465030007713071,0.246243332110652
21.72,0.162801779892445,0.0464475635019179,0.246134316669071
21.73,0.150417993530807,0.0463921923205399,0.24602530122749
21.74,0.137305724111632,0.0463368871483881,0.245916285785908
21.75,0.123545936352711,0.0462816479067715,0.245807270344327
21.76,0.109210714878335,0.0462264745170927,0.245698254902746
21.77,0.0943674563716016,0.0461713669008483,0.245589239461164
21.78,0.0790874855579875,0.0461163249796282,0.245480224019583
21.79,0.0634457592488173,0.046061348675116,0.245371208578002
21.8,0.0475151019172206,0.0460064379090884,0.245262193136421
21.81,0.031362539790093,0.0459515926034156,0.245153177694839
21.82,0.0150553754257407,0.0458968126800608,0.245044162253258
21.83,-0.00132994085969411,0.0458420980610803,0.244935146811677
21.84,-0.0177136664875933,0.0457874486686232,0.244826131370095
21.85,-0.0340216966269892,0.0457328644249317,0.244717115928514
21.86,-0.050173480799563,0.0456783452523403,0.244608100486933
21.87,-0.0660670319900948,0.0456238910732765,0.244499085045351
21.88,-0.0815943309382868,0.0455695018102598,0.24439006960377
21.89,-0.0966748178327814,0.0455151773859025,0.244281054162189
21.9,-0.111267248257052,0.0454609177229089,0.244172038720607
21.91,-0.125346244944046,0.0454067227440756,0.244063023279026
21.92,-0.138868140946737,0.0453525923722911,0.243954007837445
21.93,-0.151756260490534,0.0452985265305359,0.243844992395864
21.94,-0.1639112631313,0.0452445251418823,0.243735976954282
21.95,-0.175241037547031,0.0451905881294943,0.243626961512701
21.96,-0.185688781019895,0.0451367154166276,0.24351794607112
21.97,-0.19522490594934,0.0450829069266293,0.243408930629538
21.98,-0.203821636123886,0.0450291625829377,0.243299915187957
21.99,-0.211457170201079,0.0449754823090827,0.243190899746376
22,-0.218128170134421,0.0449218660286852,0.243081884304794
22.01,-0.223831887741947,0.0448683136654572,0.242972868863213
22.02,-0.228541800452972,0.0448148251432015,0.242863853421632
22.03,-0.232207089633854,0.0447614003858119,0.242754837980051
22.04,-0.23476944447846,0.0447080393172728,0.242645822538469
22.05,-0.236185478299288,0.0446547418616595,0.242536807096888
22.06,-0.23644127564894,0.0446015079431374,0.242427791655307
22.07,-0.235546920685037,0.0445483374859626,0.242318776213725
22.08,-0.233526809473036,0.0444952304144814,0.242209760772144
22.09,-0.230420033272878,0.0444421866531303,0.242100745330563
22.1,-0.22627866631359,0.0443892061264358,0.241991729888981
22.11,-0.221157125198008,0.0443362887590146,0.2418827144474
22.12,-0.215095641469692,0.0442834344755729,0.241773699005819
22.13,-0.208111394669385,0.0442306432009071,0.241664683564238
22.14,-0.200213662953447,0.0441779148599029,0.241555668122656
22.15,-0.191422441860288,0.0441252493775357,0.241446652681075
22.16,-0.181768315963972,0.0440726466788703,0.241337637239494
22.17,-0.17128894617166,0.0440201066890609,0.241228621797912
22.18,-0.160028548107646,0.0439676293333507,0.241119606356331
22.19,-0.148037772212805,0.0439152145370724,0.24101059091475
22.2,-0.135383485489507,0.0438628622256474,0.240901575473168
22.21,-0.122149959670318,0.043810572324586,0.240792560031587
22.22,-0.108414238167944,0.0437583447594876,0.240683544590006
22.23,-0.0942262782560983,0.04370617945604,0.240574529148425
22.24,-0.0796059645452138,0.0436540763400197,0.240465513706843
22.25,-0.0645494527065283,0.0436020353372917,0.240356498265262
22.26,-0.049066268346889,0.0435500563738093,0.240247482823681
22.27,-0.0332252145700646,0.0434981393756142,0.240138467382099
22.28,-0.01714614727568,0.0434462842688361,0.240029451940518
22.29,-0.000954067740051369,0.043394490979693,0.239920436498937
22.3,0.0152421128731981,0.0433427594344905,0.239811421057355
22.31,0.0313456849937911,0.0432910895596225,0.239702405615774
22.32,0.0472654529734176,0.0432394812815702,0.239593390174193
22.33,0.0629089897195907,0.0431879345269028,0.239484374732611
22.34,0.0781823810097318,0.0431364492222768,0.23937535929103
22.35,0.0930007746276586,0.0430850252944363,0.239266343849449
22.36,0.107305407046302,0.0430336626702126,0.239157328407868
22.37,0.12106518605094,0.0429823612765243,0.239048312966286
22.38,0.134250100276992,0.0429311210403772,0.238939297524705
22.39,0.14680254999998,0.0428799418888639,0.238830282083124
22.4,0.158634783480467,0.0428288237491641,0.238721266641542
22.41,0.169658608325232,0.0427777665485442,0.238612251199961
22.42,0.179825217897544,0.0427267702143574,0.23850323575838
22.43,0.189138003306631,0.0426758346740435,0.238394220316798
22.44,0.197622451025739,0.0426249598551287,0.238285204875217
22.45,0.205281140292934,0.0425741456852256,0.238176189433636
22.46,0.212075490351329,0.0425233920920333,0.238067173992055
22.47,0.217932617978695,0.0424726990033369,0.237958158550473
22.48,0.222765089174101,0.0424220663470075,0.237849143108892
22.49,0.226501648764883,0.0423714940510025,0.237740127667311
22.5,0.229106710719172,0.042320982043365,0.237631112225729
22.51,0.230576125074912,0.0422705302522237,0.237522096784148
22.52,0.230913924633791,0.0422201386057934,0.237413081342567
22.53,0.2301120720703,0.042169807032374,0.237304065900985
22.54,0.228162929059018,0.0421195354603513,0.237195050459404
22.55,0.225083643866095,0.0420693238181963,0.237086035017823
22.56,0.220920749459521,0.0420191720344651,0.236977019576242
22.57,0.215744089899539,0.0419690800377993,0.23686800413466
22.58,0.209635434928507,0.0419190477569253,0.236758988693079
22.59,0.202661062774288,0.0418690751206545,0.236649973251498
22.6,0.194844527366634,0.0418191620578835,0.236540957809916
22.61,0.186175727857039,0.0417693084975931,0.236431942368335
22.62,0.176643871557283,0.0417195143688492,0.236322926926754
22.63,0.166258310315263,0.0416697796008021,0.236213911485172
22.64,0.155059369093423,0.0416201041226867,0.236104896043591
22.65,0.143116051590109,0.0415704878638219,0.23599588060201
22.66,0.130510003294017,0.0415209307536112,0.235886865160429
22.67,0.117326623741035,0.0414714327215423,0.235777849718847
22.68,0.103643797298474,0.0414219936971867,0.235668834277266
22.69,0.0895189985155285,0.0413726136102,0.235559818835685
22.7,0.0749949401843581,0.0413232923903216,0.235450803394103
22.71,0.0601070323605885,0.0412740299673748,0.235341787952522
22.72,0.0448873441050128,0.0412248262712663,0.235232772510941
22.73,0.0293771290675142,0.0411756812319867,0.235123757069359
22.74,0.0136389825234869,0.0411265947796098,0.235014741627778
22.75,-0.00223673998458513,0.0410775668442929,0.234905726186197
22.76,-0.0181378911737132,0.0410285973562764,0.234796710744616
22.77,-0.0339465654606199,0.040979686245884,0.234687695303034
22.78,-0.0495389213399413,0.0409308334435225,0.234578679861453
22.79,-0.0647853333092726,0.0408820388796814,0.234469664419872
22.8,-0.0795887418775235,0.0408333024849335,0.23436064897829
22.81,-0.0939165277092609,0.0407846241899339,0.234251633536709
22.82,-0.107775019774682,0.0407360039254208,0.234142618095128
22.83,-0.121163263723805,0.0406874416222146,0.234033602653546
22.84,-0.134042790932428,0.0406389372112183,0.233924587211965
22.85,-0.146328686476743,0.0405904906234175,0.233815571770384
22.86,-0.157915392770069,0.0405421017898796,0.233706556328803
22.87,-0.16871712060302,0.0404937706417547,0.233597540887221
22.88,-0.178682734477414,0.0404454971102746,0.23348852544564
22.89,-0.187786350831771,0.0403972811267532,0.233379510004059
22.9,-0.196007979136278,0.0403491226225864,0.233270494562477
22.91,-0.203315039385039,0.0403010215292516,0.233161479120896
22.92,-0.209659336847874,0.0402529777783082,0.233052463679315
22.93,-0.214993947298843,0.0402049913013969,0.232943448237733
22.94,-0.21929392940466,0.0401570620302402,0.232834432796152
22.95,-0.222549910652986,0.0401091898966418,0.232725417354571
22.96,-0.22474486700023,0.0400613748324867,0.23261640191299
22.97,-0.22585740569081,0.0400136167697412,0.232507386471408
22.98,-0.225886337745017,0.0399659156404525,0.232398371029827
22.99,-0.224857406706036,0.0399182713767491,0.232289355588246
23,-0.22280783736131,0.0398706839108403,0.232180340146664
23.01,-0.219770478181851,0.039823153175016,0.232071324705083
23.02,-0.215763880535859,0.039775679101647,0.231962309263502
23.03,-0.21079475521006,0.0397282616231849,0.23185329382192
23.04,-0.204877715318636,0.0396809006721615,0.231744278380339
23.05,-0.198048136338064,0.0396335961811892,0.231635262938758
23.06,-0.190356212178155,0.0395863480829607,0.231526247497176
23.07,-0.181852520872326,0.039539156310249,0.231417232055595
23.08,-0.172568402929344,0.0394920207959072,0.231308216614014
23.09,-0.162513443893656,0.0394449414728683,0.231199201172433
23.1,-0.151700535440345,0.0393979182741456,0.231090185730851
23.11,-0.140163498427721,0.0393509511328318,0.23098117028927
23.12,-0.127957393954669,0.0393040399820998,0.230872154847689
23.13,-0.115158005618321,0.0392571847552019,0.230763139406107
23.14,-0.101850420266462,0.03921038538547,0.230654123964526
23.15,-0.0881060413927773,0.0391636418063156,0.230545108522945
23.16,-0.0739743325225776,0.0391169539512295,0.230436093081363
23.17,-0.0594930041823213,0.0390703217537818,0.230327077639782
23.18,-0.0446961245424295,0.0390237451476216,0.230218062198201
23.19,-0.0296235406124225,0.0389772240664776,0.23010904675662
23.2,-0.0143414821853508,0.0389307584441569,0.230000031315038
23.21,0.00105005186551942,0.0388843482145459,0.229891015873457
23.22,0.0164342445155811,0.0388379933116097,0.229782000431876
23.23,0.03169787843002,0.0387916936693922,0.229672984990294
23.24,0.0467458589653201,0.0387454492220157,0.229563969548713
23.25,0.0615088067657878,0.0386992599036814,0.229454954107132
23.26,0.0759374839150198,0.0386531256486686,0.22934593866555
23.27,0.0899848643528607,0.038607046391335,0.229236923223969
23.28,0.103596620876044,0.0385610220661169,0.229127907782388
23.29,0.116721985199547,0.0385150526075282,0.229018892340807
23.3,0.12931906672853,0.0384691379501614,0.228909876899225
23.31,0.141341218134928,0.0384232780286866,0.228800861457644
23.32,0.152728748357086,0.0383774727778519,0.228691846016063
23.33,0.163409499490903,0.0383317221324833,0.228582830574481
23.34,0.173299843252638,0.0382860260274844,0.2284738151329
23.35,0.182323615342472,0.0382403843978363,0.228364799691319
23.36,0.190437379509204,0.0381947971785977,0.228255784249737
23.37,0.19762874886956,0.0381492643049049,0.228146768808156
23.38,0.203897108382634,0.0381037857119712,0.228037753366575
23.39,0.209232913266549,0.0380583613350874,0.227928737924994
23.4,0.21360050824247,0.0380129911096213,0.227819722483412
23.41,0.216948744384978,0.0379676749710177,0.227710707041831
23.42,0.21924312327584,0.0379224128547985,0.22760169160025
23.43,0.220475854575856,0.0378772046965624,0.227492676158668
23.44,0.220653774488153,0.037832050431985,0.227383660717087
23.45,0.219788103903898,0.0377869499968182,0.227274645275506
23.46,0.217888020311058,0.037741903326891,0.227165629833924
23.47,0.214961674791019,0.0376969103581085,0.227056614392343
23.48,0.211023983500339,0.0376519710264524,0.226947598950762
23.49,0.206101988237283,0.0376070852679807,0.226838583509181
23.5,0.200234474978867,0.0375622530188276,0.226729568067599
23.51,0.193466084209719,0.0375174742152035,0.226620552626018
23.52,0.185839710115648,0.0374727487933947,0.226511537184437
23.53,0.177384361106589,0.0374280766897635,0.226402521742855
23.54,0.168110582009977,0.0373834578407483,0.226293506301274
23.55,0.158036702067875,0.0373388921828629,0.226184490859693
23.56,0.147214970329491,0.037294379652697,0.226075475418111
23.57,0.135717733633375,0.0372499201869159,0.22596645997653
23.58,0.123611910780872,0.0372055137222603,0.225857444534949
23.59,0.11095530870812,0.0371611601955464,0.225748429093368
23.6,0.0977998109189934,0.0371168595436657,0.225639413651786
23.61,0.0841931399068997,0.0370726117035849,0.225530398210205
23.62,0.070192283129234,0.0370284166123459,0.225421382768624
23.63,0.05587016387449,0.0369842742070656,0.225312367327042
23.64,0.0412946379143609,0.036940184424936,0.225203351885461
23.65,0.0265110724449741,0.0368961472032237,0.22509433644388
23.66,0.0115599906587264,0.0368521624792703,0.224985321002298
23.67,-0.00349699102826506,0.0368082301904921,0.224876305560717
23.68,-0.0185780291113712,0.0367643502743798,0.224767290119136
23.69,-0.0335920301174228,0.036720522668499,0.224658274677555
23.7,-0.0484399110535997,0.0366767473104893,0.224549259235973
23.71,-0.0630249633670141,0.036633024138065,0.224440243794392
23.72,-0.077272543079205,0.0365893530890144,0.224331228352811
23.73,-0.0911295228094107,0.0365457341012,0.224222212911229
23.74,-0.104546599745479,0.0365021671125586,0.224113197469648
23.75,-0.117464492941685,0.0364586520611007,0.224004182028067
23.76,-0.129803735528277,0.0364151888849109,0.223895166586485
23.77,-0.141470890820265,0.0363717775221474,0.223786151144904
23.78,-0.152390664650238,0.0363284179110424,0.223677135703323
23.79,-0.162527414583665,0.0362851099899014,0.223568120261741
23.8,-0.171867038986141,0.0362418536971039,0.22345910482016
23.81,-0.180385361773847,0.0361986489711024,0.223350089378579
23.82,-0.188044847488642,0.036155495750423,0.223241073936998
23.83,-0.194813062881975,0.0361123939736651,0.223132058495416
23.84,-0.200669266442179,0.0360693435795012,0.223023043053835
23.85,-0.20559905041248,0.036026344506677,0.222914027612254
23.86,-0.209587028148835,0.0359833966940111,0.222805012170672
23.87,-0.212608817472231,0.0359405000803952,0.222695996729091
23.88,-0.21463203415914,0.0358976546047938,0.22258698128751
23.89,-0.215630042098813,0.035854860206244,0.222477965845928
23.9,-0.215597669207292,0.0358121168238558,0.222368950404347
23.91,-0.214555539335854,0.0357694243968117,0.222259934962766
23.92,-0.212536949791917,0.0357267828643666,0.222150919521185
23.93,-0.209568877875734,0.0356841921658479,0.222041904079603
23.94,-0.205666396980572,0.0356416522406555,0.221932888638022
23.95,-0.200838827799757,0.0355991630282612,0.221823873196441
23.96,-0.195100089597435,0.0355567244682092,0.221714857754859
23.97,-0.188482247899244,0.0355143365001158,0.221605842313278
23.98,-0.181031990400765,0.0354719990636691,0.221496826871697
23.99,-0.172787933052385,0.0354297120986292,0.221387811430115
24,-0.163771887748137,0.0353874755448279,0.221278795988534
24.01,-0.153997998865997,0.0353452893421691,0.221169780546953
24.02,-0.143489550900537,0.0353031534306278,0.221060765105372
24.03,-0.132303978914951,0.035261067750251,0.22095174966379
24.04,-0.120534304223592,0.035219032241157,0.220842734222209
24.05,-0.1082683192717,0.0351770468435354,0.220733718780628
24.06,-0.0955549080966251,0.0351351114976472,0.220624703339046
24.07,-0.0824165395760614,0.0350932261438246,0.220515687897465
24.08,-0.0688769096539035,0.0350513907224711,0.220406672455884
24.09,-0.0549698274824626,0.0350096051740609,0.220297657014302
24.1,-0.0407441399872396,0.0349678694391394,0.220188641572721
24.11,-0.0262726478080514,0.0349261834583228,0.22007962613114
24.12,-0.0116466722316338,0.0348845471722982,0.219970610689559
24.13,0.00303602209118102,0.0348429605218232,0.219861595247977
24.14,0.017677017601696,0.0348014234477263,0.219752579806396
24.15,0.0321833156839273,0.0347599358909063,0.219643564364815
24.16,0.0464677365733863,0.0347184977923325,0.219534548923233
24.17,0.0604500721772867,0.0346771090930448,0.219425533481652
24.18,0.0740691734043407,0.0346357697341529,0.219316518040071
24.19,0.0872838998524869,0.0345944796568373,0.219207502598489
24.2,0.100069225431972,0.0345532388023482,0.219098487156908
24.21,0.112418854410228,0.034512047112006,0.218989471715327
24.22,0.124324597433255,0.0344709045272009,0.218880456273746
24.23,0.135744121531018,0.0344298109893932,0.218771440832164
24.24,0.146598521390482,0.0343887664401129,0.218662425390583
24.25,0.156798541193264,0.0343477708209597,0.218553409949002
24.26,0.166268424025374,0.0343068240736028,0.21844439450742
24.27,0.174945535949985,0.034265926139781,0.218335379065839
24.28,0.182773579755545,0.0342250769613027,0.218226363624258
24.29,0.189710712411569,0.0341842764800456,0.218117348182676
24.3,0.195733161724734,0.0341435246379565,0.218008332741095
24.31,0.200818278440667,0.0341028213770517,0.217899317299514
24.32,0.204928091861278,0.0340621666394163,0.217790301857933
24.33,0.208012249034679,0.0340215603672048,0.217681286416351
24.34,0.210024493300126,0.0339810025026405,0.21757227097477
24.35,0.210940948043397,0.0339404929880154,0.217463255533189
24.36,0.210774403932776,0.0339000317656905,0.217354240091607
24.37,0.209579489623263,0.0338596187780956,0.217245224650026
24.38,0.207433011523624,0.0338192539677289,0.217136209208445
24.39,0.20439682521295,0.0337789372771572,0.217027193766863
24.4,0.200501062886682,0.0337386686490158,0.216918178325282
24.41,0.195750293430986,0.0336984480260085,0.216809162883701
24.42,0.190133573005382,0.0336582753509073,0.21670014744212
24.43,0.183637721887346,0.0336181505665524,0.216591132000538
24.44,0.176264125661801,0.0335780736158521,0.216482116558957
24.45,0.16804311312543,0.033538044441783,0.216373101117376
24.46,0.159026481723733,0.0334980629873893,0.216264085675794
24.47,0.149258422312087,0.0334581291957834,0.216155070234213
24.48,0.138766213152143,0.0334182430101454,0.216046054792632
24.49,0.127582595623809,0.0333784043737232,0.21593703935105
24.5,0.115763683090641,0.0333386132298324,0.215828023909469
24.51,0.103389051954027,0.0332988695218558,0.215719008467888
24.52,0.0905589623033316,0.0332591731932443,0.215609993026307
24.53,0.0773812021202842,0.0332195241875157,0.215500977584725
24.54,0.063945254687407,0.0331799224482554,0.215391962143144
24.55,0.0503127990458755,0.0331403679191161,0.215282946701563
24.56,0.0365249555451053,0.0331008605438173,0.215173931259981
24.57,0.0225987341538923,0.033061400266146,0.2150649158184
24.58,0.00853088990868797,0.0330219870299561,0.214955900376819
24.59,-0.00566491876347691,0.0329826207791683,0.214846884935237
24.6,-0.0199264015589081,0.0329433014577703,0.214737869493656
24.61,-0.0341518670156532,0.0329040290098165,0.214628854052075
24.62,-0.0482251058101701,0.0328648033794281,0.214519838610494
24.63,-0.062032806070989,0.0328256245107927,0.214410823168912
24.64,-0.0754882220249156,0.0327864923481647,0.214301807727331
24.65,-0.0885513790137068,0.0327474068358647,0.21419279228575
24.66,-0.101213450168656,0.0327083679182798,0.214083776844168
24.67,-0.113454891706964,0.0326693755398635,0.213974761402587
24.68,-0.125217068267616,0.0326304296451354,0.213865745961006
24.69,-0.136410632003377,0.0325915301786812,0.213756730519424
24.7,-0.146939310910323,0.0325526770851527,0.213647715077843
24.71,-0.156715169137595,0.0325138703092677,0.213538699636262
24.72,-0.165673569173247,0.03247510979581,0.213429684194681
24.73,-0.173776663445941,0.032436395489629,0.213320668753099
24.74,-0.181003491098798,0.03239772733564,0.213211653311518
24.75,-0.187346385800663,0.032359105278824,0.213102637869937
24.76,-0.19279852746559,0.0323205292642274,0.212993622428355
24.77,-0.197339878087702,0.0322819992369624,0.212884606986774
24.78,-0.200943389102207,0.0322435151422064,0.212775591545193
24.79,-0.203579631508226,0.0322050769252021,0.212666576103611
24.8,-0.205225746834028,0.0321666845312579,0.21255756066203
24.81,-0.205888817930922,0.0321283379057468,0.212448545220449
24.82,-0.205602576426831,0.0320900369941074,0.212339529778867
24.83,-0.204397070441758,0.0320517817418431,0.212230514337286
24.84,-0.202288142435135,0.0320135720945223,0.212121498895705
24.85,-0.199285001070658,0.0319754079977785,0.212012483454124
24.86,-0.195391506938827,0.0319372893973096,0.211903468012542
24.87,-0.190615139928673,0.0318992162388787,0.211794452570961
24.88,-0.18498097770166,0.0318611884683131,0.21168543712938
24.89,-0.178522476633114,0.0318232060315051,0.211576421687798
24.9,-0.171260195142417,0.0317852688744112,0.211467406246217
24.91,-0.163198272167221,0.0317473769430525,0.211358390804636
24.92,-0.154345730684259,0.0317095301835144,0.211249375363054
24.93,-0.144742746723981,0.0316717285419464,0.211140359921473
24.94,-0.134467328618719,0.0316339719645626,0.211031344479892
24.95,-0.123619393706731,0.0315962603976408,0.210922329038311
24.96,-0.112292042711952,0.0315585937875231,0.210813313596729
24.97,-0.10054503685375,0.0315209720806154,0.210704298155148
24.98,-0.0883937855961011,0.0314833952233877,0.210595282713567
24.99,-0.0758205529035785,0.0314458631623736,0.210486267271985
25,-0.0628085200478803,0.0314083758441706,0.210377251830404
25.01,-0.0493882895668143,0.0313709332154397,0.210268236388823
25.02,-0.035660806752296,0.0313335352229057,0.210159220947241
25.03,-0.0217603010589639,0.0312961818133566,0.21005020550566
25.04,-0.00779967665766572,0.0312588729336443,0.209941190064079
25.05,0.00613789428553038,0.0312216085306835,0.209832174622498
25.06,0.0199854441251731,0.0311843885514526,0.209723159180916
25.07,0.033685995901395,0.0311472129429931,0.209614143739335
25.08,0.0471775863535341,0.0311100816524096,0.209505128297754
25.09,0.0603865460245246,0.0310729946268697,0.209396112856172
25.1,0.0732419304107663,0.0310359518136042,0.209287097414591
25.11,0.0856801248250285,0.0309989531599065,0.20917808197301
25.12,0.0976485610334996,0.030961998613133,0.209069066531428
25.13,0.109129564020342,0.0309250881207029,0.208960051089847
25.14,0.12014319332924,0.030888221630098,0.208851035648266
25.15,0.130711368810718,0.0308513990888628,0.208742020206685
25.16,0.140822897726777,0.0308146204446042,0.208633004765103
25.17,0.150426303145281,0.0307778856449917,0.208523989323522
25.18,0.159445198296377,0.0307411946377571,0.208414973881941
25.19,0.167792031768515,0.0307045473706944,0.208305958440359
25.2,0.175370366454329,0.0306679437916601,0.208196942998778
25.21,0.182077953428717,0.0306313838485727,0.208087927557197
25.22,0.187825542455052,0.0305948674894128,0.207978912115615
25.23,0.192561114395245,0.030558394662223,0.207869896674034
25.24,0.196265111949429,0.0305219653151079,0.207760881232453
25.25,0.198932992353531,0.0304855793962339,0.207651865790872
25.26,0.200582638270759,0.0304492368538292,0.20754285034929
25.27,0.201259477971024,0.0304129376361838,0.207433834907709
25.28,0.201014878254399,0.0303766816916492,0.207324819466128
25.29,0.199882619775335,0.0303404689686387,0.207215804024546
25.3,0.197869548309392,0.0303042994156268,0.207106788582965
25.31,0.194962572481523,0.0302681729811496,0.206997773141384
25.32,0.191149198915085,0.0302320896138046,0.206888757699802
25.33,0.186430871938748,0.0301960492622505,0.206779742258221
25.34,0.180819056855726,0.0301600518752071,0.20667072681664
25.35,0.17433503073132,0.0301240974014556,0.206561711375059
25.36,0.167020965495496,0.030088185789838,0.206452695933477
25.37,0.158935332551678,0.0300523169892574,0.206343680491896
25.38,0.150134053899477,0.0300164909486778,0.206234665050315
25.39,0.140667489424644,0.0299807076171241,0.206125649608733
25.4,0.130589492925915,0.0299449669436819,0.206016634167152
25.41,0.119957994058775,0.0299092688774975,0.205907618725571
25.42,0.1088233575196,0.0298736133677778,0.205798603283989
25.43,0.097221840088124,0.0298380003637902,0.205689587842408
25.44,0.0851876277543424,0.0298024298148629,0.205580572400827
25.45,0.0727616904953499,0.0297669016703841,0.205471556959246
25.46,0.0599864099843602,0.0297314158798026,0.205362541517664
25.47,0.0469084437163096,0.0296959723926272,0.205253526076083
25.48,0.0335846992991544,0.0296605711584273,0.205144510634502
25.49,0.0200691462680861,0.029625212126832,0.20503549519292
25.5,0.00640209603957771,0.0295898952475307,0.204926479751339
25.51,-0.00737211572911411,0.0295546204702727,0.204817464309758
25.52,-0.0211791901147394,0.0295193877448672,0.204708448868176
25.53,-0.0349076579246066,0.0294841970211832,0.204599433426595
25.54,-0.0484257982368712,0.0294490482491496,0.204490417985014
25.55,-0.0616151644513332,0.0294139413787549,0.204381402543433
25.56,-0.0743972843352575,0.0293788763600471,0.204272387101851
25.57,-0.0867336034802649,0.029343853143134,0.20416337166027
25.58,-0.0986145712831398,0.0293088716781826,0.204054356218689
25.59,-0.110049287898246,0.0292739319154196,0.203945340777107
25.6,-0.121035803419306,0.0292390338051308,0.203836325335526
25.61,-0.131525024424945,0.0292041772976613,0.203727309893945
25.62,-0.141417283399246,0.0291693623434156,0.203618294452363
25.63,-0.150599274407525,0.0291345888928571,0.203509279010782
25.64,-0.158993491448524,0.0290998568965083,0.203400263569201
25.65,-0.166571888979084,0.0290651663049507,0.203291248127619
25.66,-0.17332819361657,0.0290305170688247,0.203182232686038
25.67,-0.179253623954281,0.0289959091388297,0.203073217244457
25.68,-0.1843298503538,0.0289613424657235,0.202964201802876
25.69,-0.188523303709404,0.0289268170003231,0.202855186361294
25.7,-0.191784392075912,0.0288923326935037,0.202746170919713
25.71,-0.194066533431744,0.0288578894961993,0.202637155478132
25.72,-0.195357314999769,0.0288234873594023,0.20252814003655
25.73,-0.195690440170094,0.0287891262341635,0.202419124594969
25.74,-0.195124258991316,0.0287548060715922,0.202310109153388
25.75,-0.193712498886398,0.0287205268228559,0.202201093711806
25.76,-0.191495561533536,0.0286862884391802,0.202092078270225
25.77,-0.1885026888977,0.028652090871849,0.201983062828644
25.78,-0.18474538355601,0.0286179340722042,0.201874047387063
25.79,-0.180212843557554,0.0285838179916457,0.201765031945481
25.8,-0.174881330495423,0.0285497425816314,0.2016560165039
25.81,-0.168729523014611,0.0285157077936771,0.201547001062319
25.82,-0.161754689263966,0.0284817135793562,0.201437985620737
25.83,-0.153978037598231,0.0284477598903001,0.201328970179156
25.84,-0.145430878095708,0.0284138466781976,0.201219954737575
25.85,-0.136151998141519,0.0283799738947953,0.201110939295993
25.86,-0.126208825049168,0.0283461414918972,0.201001923854412
25.87,-0.115695008144831,0.0283123494213648,0.200892908412831
25.88,-0.104691464384588,0.028278597635117,0.20078389297125
25.89,-0.0932443516685756,0.02824488608513,0.200674877529668
25.9,-0.0813844298332532,0.0282112147234372,0.200565862088087
25.91,-0.0691588293494147,0.0281775835021293,0.200456846646506
25.92,-0.0566426986353571,0.0281439923733541,0.200347831204924
25.93,-0.0439207852317114,0.0281104412893162,0.200238815763343
25.94,-0.0310574067967406,0.0280769302022776,0.200129800321762
25.95,-0.0180855622231392,0.0280434590645568,0.20002078488018
25.96,-0.00502575668453133,0.0280100278285294,0.199911769438599
25.97,0.00808513840677438,0.0279766364466276,0.199802753997018
25.98,0.0211804304449566,0.0279432848713406,0.199693738555437
25.99,0.0341790384017847,0.0279099730552139,0.199584723113855
26,0.047010875300325,0.0278767009508498,0.199475707672274
26.01,0.0596129657441207,0.0278434685109069,0.199366692230693
26.02,0.0719096566732341,0.0278102756881005,0.199257676789111
26.03,0.0838175446760924,0.027777122435202,0.19914866134753
26.04,0.0952697228932712,0.0277440087050393,0.199039645905949
26.05,0.106232889984069,0.0277109344504964,0.198930630464367
26.06,0.116702525613569,0.0276778996245135,0.198821615022786
26.07,0.126678605066772,0.0276449041800871,0.198712599581205
26.08,0.13613974933612,0.0276119480702694,0.198603584139624
26.09,0.145039728447085,0.0275790312481688,0.198494568698042
26.1,0.153330012064475,0.0275461536669495,0.198385553256461
26.11,0.160971023546054,0.0275133152798316,0.19827653781488
26.12,0.167916232295144,0.0274805160400909,0.198167522373298
26.13,0.174101674865128,0.027447755901059,0.198058506931717
26.14,0.17945076758983,0.027415034816123,0.197949491490136
26.15,0.183892394096382,0.0273823527387256,0.197840476048554
26.16,0.187392758107403,0.0273497096223652,0.197731460606973
26.17,0.189954594492645,0.0273171054205953,0.197622445165392
26.18,0.191577734397016,0.027284540087025,0.19751342972381
26.19,0.192253356668479,0.0272520135753187,0.197404414282229
26.2,0.191996321948892,0.027219525839196,0.197295398840648
26.21,0.190848110065914,0.0271870768324315,0.197186383399067
26.22,0.188840858828459,0.0271546665088553,0.197077367957485
26.23,0.185971105352971,0.0271222948223521,0.196968352515904
26.24,0.182209120758583,0.0270899617268618,0.196859337074323
26.25,0.177531197820902,0.0270576671763793,0.196750321632741
26.26,0.171944439586426,0.0270254111249542,0.19664130619116
26.27,0.165490182333264,0.0269931935266909,0.196532290749579
26.28,0.158240092467266,0.0269610143357485,0.196423275307998
26.29,0.150275932068804,0.0269288735063407,0.196314259866416
26.3,0.141650824610936,0.0268967709927361,0.196205244424835
26.31,0.132386300403954,0.0268647067492573,0.196096228983254
26.32,0.122512010260242,0.0268326807302817,0.195987213541672
26.33,0.112084549705479,0.0268006928902411,0.195878198100091
26.34,0.101172225058227,0.0267687431836215,0.19576918265851
26.35,0.089835855766599,0.0267368315649632,0.195660167216928
26.36,0.0781224767951851,0.0267049579888606,0.195551151775347
26.37,0.0660763196207666,0.0266731224099625,0.195442136333766
26.38,0.0537508782520548,0.0266413247829714,0.195333120892184
26.39,0.0412081160624687,0.026609565062644,0.195224105450603
26.4,0.0285053229448555,0.026577843203791,0.195115090009022
26.41,0.0156804376200231,0.0265461591612768,0.195006074567441
26.42,0.00276167648431992,0.0265145128900198,0.194897059125859
26.43,-0.0102035838255329,0.026482904344992,0.194788043684278
26.44,-0.0231412945847703,0.0264513334812191,0.194679028242697
26.45,-0.0359681339786079,0.0264198002537804,0.194570012801115
26.46,-0.0486048559703787,0.0263883046178088,0.194460997359534
26.47,-0.0609804314869303,0.0263568465284908,0.194351981917953
26.48,-0.0730344179481761,0.0263254259410659,0.194242966476371
26.49,-0.0847161142551798,0.0262940428108276,0.19413395103479
26.5,-0.0959847151903507,0.0262626970931221,0.194024935593209
26.51,-0.106811877305168,0.0262313887433491,0.193915920151628
26.52,-0.117168504228496,0.0262001177169616,0.193806904710046
26.53,-0.127002356863549,0.0261688839694654,0.193697889268465
26.54,-0.13624067056093,0.0261376874564196,0.193588873826884
26.55,-0.144806655552159,0.0261065281334361,0.193479858385302
26.56,-0.152629233219087,0.0260754059561799,0.193370842943721
26.57,-0.159657266155161,0.0260443208803687,0.19326182750214
26.58,-0.165863874966527,0.0260132728617729,0.193152812060558
26.59,-0.171231675822874,0.025982261856216,0.193043796618977
26.6,-0.175742239134301,0.0259512878195737,0.192934781177396
26.61,-0.179377616332557,0.0259203507077747,0.192825765735815
26.62,-0.182133065027781,0.0258894504768,0.192716750294233
26.63,-0.184025031997327,0.0258585870826831,0.192607734852652
26.64,-0.185077703302661,0.0258277604815101,0.192498719411071
26.65,-0.185314655323999,0.0257969706294191,0.192389703969489
26.66,-0.184766778243452,0.0257662174826009,0.192280688527908
26.67,-0.183465265682528,0.0257355009972981,0.192171673086327
26.68,-0.181415681675342,0.0257048211298059,0.192062657644745
26.69,-0.178587421256118,0.0256741778364713,0.191953642203164
26.7,-0.174941565484713,0.0256435710736934,0.191844626761583
26.71,-0.170471078688035,0.0256130007979233,0.191735611320002
26.72,-0.165204422853736,0.0255824669656641,0.19162659587842
26.73,-0.159175044002553,0.0255519695334706,0.191517580436839
26.74,-0.152403951526996,0.0255215084579495,0.191408564995258
26.75,-0.144914606302211,0.0254910836957592,0.191299549553676
26.76,-0.136750940738921,0.0254606952036097,0.191190534112095
26.77,-0.127966962966075,0.0254303429382628,0.191081518670514
26.78,-0.118602006077648,0.0254000268565316,0.190972503228932
26.79,-0.108676411084764,0.0253697469152808,0.190863487787351
26.8,-0.0982155339990409,0.0253395030714266,0.19075447234577
26.81,-0.0872747236552668,0.0253092952819364,0.190645456904188
26.82,-0.0759312575573354,0.0252791235038291,0.190536441462607
26.83,-0.0642543327215099,0.0252489876941746,0.190427426021026
26.84,-0.052294842496212,0.0252188878100942,0.190318410579445
26.85,-0.0400988737927428,0.0251888238087602,0.190209395137863
26.86,-0.0277158198855464,0.0251587956473959,0.190100379696282
26.87,-0.01519972997996,0.0251288032832757,0.189991364254701
26.88,-0.00261507897467245,0.025098846673725,0.189882348813119
26.89,0.00996326288427061,0.0250689257761198,0.189773333371538
26.9,0.0224582304472862,0.0250390405478873,0.189664317929957
26.91,0.034801369735303,0.025009190946505,0.189555302488375
26.92,0.0469365612661591,0.0249793769295015,0.189446287046794
26.93,0.0588087140880538,0.0249495984544559,0.189337271605213
26.94,0.0703563571514057,0.0249198554789977,0.189228256163632
26.95,0.0815205700161736,0.0248901479608071,0.18911924072205
26.96,0.0922574569527874,0.0248604758576148,0.189010225280469
26.97,0.102541069242713,0.0248308391272016,0.188901209838888
26.98,0.112353435098149,0.0248012377273989,0.188792194397306
26.99,0.121674303061806,0.0247716716160883,0.188683178955725
27,0.130486848062098,0.0247421407512016,0.188574163514144
27.01,0.138785894835591,0.0247126450907208,0.188465148072562
27.02,0.146562332041086,0.0246831845926778,0.188356132630981
27.03,0.153777171930076,0.0246537592151548,0.1882471171894
27.04,0.160353991248071,0.0246243689162838,0.188138101747819
27.05,0.166198992841856,0.0245950136542467,0.188029086306237
27.06,0.171236541916065,0.0245656933872754,0.187920070864656
27.07,0.175419398350745,0.0245364080736514,0.187811055423075
27.08,0.178708063206911,0.0245071576717061,0.187702039981493
27.09,0.181058803246706,0.0244779421398205,0.187593024539912
27.1,0.18242978121769,0.0244487614364252,0.187484009098331
27.11,0.182797643346161,0.0244196155200003,0.187374993656749
27.12,0.182176422218145,0.0243905043490756,0.187265978215168
27.13,0.180620882036604,0.0243614278822302,0.187156962773587
27.14,0.178209033241489,0.0243323860780926,0.187047947332006
27.15,0.17501109440746,0.0243033788953405,0.186938931890424
27.16,0.171063596073347,0.024274406292701,0.186829916448843
27.17,0.166367682622932,0.0242454682289504,0.186720901007262
27.18,0.160911234670507,0.0242165646629142,0.18661188556568
27.19,0.154697224213048,0.0241876955534668,0.186502870124099
27.2,0.147755138848378,0.0241588608595317,0.186393854682518
27.21,0.140132780984632,0.0241300605400815,0.186284839240936
27.22,0.131881334232011,0.0241012945541376,0.186175823799355
27.23,0.123045554225189,0.0240725628607701,0.186066808357774
27.24,0.113664251126205,0.0240438654190982,0.185957792916193
27.25,0.103771669968898,0.0240152021882897,0.185848777474611
27.26,0.0934054054124255,0.023986573127561,0.18573976203303
27.27,0.0826265773324639,0.0239579781961772,0.185630746591449
27.28,0.0715154806014357,0.0239294173534519,0.185521731149867
27.29,0.0601323495467267,0.0239008905587473,0.185412715708286
27.3,0.0484976355742169,0.023872397771474,0.185303700266705
27.31,0.0366155172828892,0.0238439389510909,0.185194684825123
27.32,0.0245028350551744,0.0238155140571054,0.185085669383542
27.33,0.0122033236575562,0.023787123049073,0.184976653941961
27.34,-0.000208237263328104,0.0237587658865976,0.18486763850038
27.35,-0.0126414049242438,0.0237304425293311,0.184758623058798
27.36,-0.025010796705594,0.0237021529369735,0.184649607617217
27.37,-0.0372383996595988,0.023673897069273,0.184540592175636
27.38,-0.0492516690325599,0.0236456748860255,0.184431576734054
27.39,-0.0609870684724602,0.0236174863470753,0.184322561292473
27.4,-0.0723851164283831,0.023589331412314,0.184213545850892
27.41,-0.0833815091181896,0.0235612100416814,0.18410453040931
27.42,-0.0939196738931014,0.023533122195165,0.183995514967729
27.43,-0.103969934937955,0.0235050678327999,0.183886499526148
27.44,-0.113518780720288,0.0234770469146689,0.183777484084567
27.45,-0.12254530915989,0.0234490594009023,0.183668468642985
27.46,-0.131013808257436,0.0234211052516782,0.183559453201404
27.47,-0.138871619142403,0.0233931844272218,0.183450437759823
27.48,-0.146048549502428,0.023365296887806,0.183341422318241
27.49,-0.152482431866426,0.0233374425937508,0.18323240687666
27.5,-0.15815178050261,0.0233096215054239,0.183123391435079
27.51,-0.16306221398002,0.0232818335832399,0.183014375993497
27.52,-0.167209529321475,0.0232540787876606,0.182905360551916
27.53,-0.170576823604006,0.0232263570791952,0.182796345110335
27.54,-0.173149310947367,0.0231986684183997,0.182687329668754
27.55,-0.174911914010699,0.0231710127658772,0.182578314227172
27.56,-0.1758474797555,0.0231433900822779,0.182469298785591
27.57,-0.175953467801761,0.0231158003282988,0.18236028334401
27.58,-0.175252607215042,0.0230882434646837,0.182251267902428
27.59,-0.173776400333347,0.0230607194522233,0.182142252460847
27.6,-0.171543492254351,0.023033228251755,0.182033237019266
27.61,-0.168560773437536,0.0230057698241628,0.181924221577684
27.62,-0.16483542218895,0.0229783441303776,0.181815206136103
27.63,-0.160378157567059,0.0229509511313765,0.181706190694522
27.64,-0.155197093117963,0.0229235907881835,0.181597175252941
27.65,-0.149290033425255,0.0228962630618687,0.181488159811359
27.66,-0.142653753938516,0.0228689679135489,0.181379144369778
27.67,-0.13530381632757,0.0228417053043871,0.181270128928197
27.68,-0.127279342622467,0.0228144751955927,0.181161113486615
27.69,-0.118646155325567,0.0227872775484213,0.181052098045034
27.7,-0.109497559042495,0.0227601123241745,0.180943082603453
27.71,-0.0999251581953401,0.0227329794842004,0.180834067161871
27.72,-0.0899877465284053,0.0227058789898929,0.18072505172029
27.73,-0.0797085814133904,0.022678810802692,0.180616036278709
27.74,-0.0690845097451041,0.0226517748840836,0.180507020837127
27.75,-0.0581092049796157,0.0226247711955997,0.180398005395546
27.76,-0.0468099292173645,0.0225977996988181,0.180288989953965
27.77,-0.0352572218515387,0.0225708603553622,0.180179974512384
27.78,-0.0235327348953794,0.0225439531269014,0.180070959070802
27.79,-0.0116974870945709,0.0225170779751506,0.179961943629221
27.8,0.00020006777736484,0.0224902348618706,0.17985292818764
27.81,0.012099497863323,0.0224634237488674,0.179743912746058
27.82,0.02392925074035,0.0224366445979929,0.179634897304477
27.83,0.0356140445826926,0.0224098973711444,0.179525881862896
27.84,0.047064191281018,0.0223831820302643,0.179416866421314
27.85,0.058179640083644,0.0223564985373409,0.179307850979733
27.86,0.0688852754593626,0.0223298468544074,0.179198835538152
27.87,0.0791529461379388,0.0223032269435423,0.179089820096571
27.88,0.0889853636060813,0.0222766387668696,0.178980804654989
27.89,0.0983978618672141,0.0222500822865582,0.178871789213408
27.9,0.107413112018452,0.0222235574648221,0.178762773771827
27.91,0.116051170278526,0.0221970642639204,0.178653758330245
27.92,0.124317820030617,0.0221706026461573,0.178544742888664
27.93,0.132188130029737,0.0221441725738817,0.178435727447083
27.94,0.139591676044101,0.0221177740094876,0.178326712005501
27.95,0.14642468481636,0.0220914069154137,0.17821769656392
27.96,0.152578905872984,0.0220650712541436,0.178108681122339
27.97,0.157962003843594,0.0220387669882055,0.177999665680758
27.98,0.162501610158093,0.0220124940801723,0.177890650239176
27.99,0.166147657987224,0.0219862524926616,0.177781634797595
28,0.168886301333396,0.0219600421883354,0.177672619356014
28.01,0.170739103062129,0.0219338631299004,0.177563603914432
28.02,0.171731735907007,0.0219077152801077,0.177454588472851
28.03,0.171869458100018,0.0218815986017527,0.17734557303127
28.04,0.171147734870244,0.0218555130576753,0.177236557589688
28.05,0.169572160034439,0.0218294586107596,0.177127542148107
28.06,0.167164280808968,0.0218034352239339,0.177018526706526
28.07,0.163965293940516,0.0217774428601709,0.176909511264945
28.08,0.160031807725675,0.0217514814824872,0.176800495823363
28.09,0.155412593050555,0.0217255510539437,0.176691480381782
28.1,0.150132508739492,0.0216996515376451,0.176582464940201
28.11,0.144199616582268,0.0216737828967404,0.176473449498619
28.12,0.13761886879717,0.0216479450944222,0.176364434057038
28.13,0.130400871772986,0.0216221380939273,0.176255418615457
28.14,0.12256298701406,0.0215963618585359,0.176146403173875
28.15,0.11412618252414,0.0215706163515725,0.176037387732294
28.16,0.105119098633186,0.0215449015364049,0.175928372290713
28.17,0.095583550141047,0.0215192173764447,0.175819356849132
28.18,0.0855730129056124,0.0214935638351472,0.17571034140755
28.19,0.0751579949391516,0.0214679408760112,0.175601325965969
28.2,0.0644344037158659,0.021442348462579,0.175492310524388
28.21,0.0535088100971876,0.0214167865584365,0.175383295082806
28.22,0.0424607574163814,0.0213912551272127,0.175274279641225
28.23,0.0313158060088189,0.0213657541325803,0.175165264199644
28.24,0.0200582245663048,0.021340283538255,0.175056248758062
28.25,0.00866856230438702,0.0213148433079961,0.174947233316481
28.26,-0.00284759493835521,0.0212894334056058,0.1748382178749
28.27,-0.0144497976445255,0.0212640537949296,0.174729202433319
28.28,-0.0260662830122623,0.021238704439856,0.174620186991737
28.29,-0.0376031162073203,0.0212133853043168,0.174511171550156
28.3,-0.048955203131743,0.0211880963522864,0.174402156108575
28.31,-0.0600190184838914,0.0211628375477825,0.174293140666993
28.32,-0.0707055132737201,0.0211376088548656,0.174184125225412
28.33,-0.0809536439670284,0.0211124102376388,0.174075109783831
28.34,-0.0907397559826793,0.0210872416602484,0.173966094342249
28.35,-0.100069980328808,0.0210621030868831,0.173857078900668
28.36,-0.108953358621208,0.0210369944817745,0.173748063459087
28.37,-0.117375037872412,0.0210119158091968,0.173639048017506
28.38,-0.125290765347172,0.0209868670334666,0.173530032575924
28.39,-0.132637623884055,0.0209618481189434,0.173421017134343
28.4,-0.139344864336672,0.0209368590300289,0.173312001692762
28.41,-0.14534881617377,0.0209118997311673,0.17320298625118
28.42,-0.150609979836005,0.0208869701868452,0.173093970809599
28.43,-0.15511309614564,0.0208620703615916,0.172984955368018
28.44,-0.158852925092168,0.0208372002199777,0.172875939926436
28.45,-0.161819839770208,0.020812359726617,0.172766924484855
28.46,-0.163994468301474,0.0207875488461652,0.172657909043274
28.47,-0.165362699917259,0.0207627675433199,0.172548893601693
28.48,-0.165937227077033,0.0207380157828211,0.172439878160111
28.49,-0.165758647971365,0.0207132935294508,0.17233086271853
28.5,-0.164873119653263,0.0206886007480327,0.172221847276949
28.51,-0.163305452959645,0.0206639374034327,0.172112831835367
28.52,-0.161054684658782,0.0206393034605586,0.172003816393786
28.53,-0.158108469505193,0.0206146988843598,0.171894800952205
28.54,-0.154448653804096,0.0205901236398277,0.171785785510623
28.55,-0.150054970768618,0.0205655776919954,0.171676770069042
28.56,-0.144920543624731,0.0205410610059376,0.171567754627461
28.57,-0.139063320255659,0.0205165735467706,0.171458739185879
28.58,-0.132527241149944,0.0204921152796526,0.171349723744298
28.59,-0.125380228958247,0.0204676861697829,0.171240708302717
28.6,-0.117699748554663,0.0204432861824025,0.171131692861136
28.61,-0.109548013402398,0.0204189152827939,0.171022677419554
28.62,-0.100963725828046,0.020394573436281,0.170913661977973
28.63,-0.0919684226615839,0.0203702606082287,0.170804646536392
28.64,-0.0825698771886281,0.0203459767640437,0.17069563109481
28.65,-0.0727714127435133,0.0203217218691735,0.170586615653229
28.66,-0.0625925458641849,0.0202974958891071,0.170477600211648
28.67,-0.0520895501297354,0.0202732987893744,0.170368584770067
28.68,-0.0413487635655412,0.0202491305355466,0.170259569328485
28.69,-0.0304406038846557,0.0202249910932358,0.170150553886904
28.7,-0.0193926909686843,0.0202008804280952,0.170041538445323
28.71,-0.00822835976582006,0.0201767985058189,0.169932523003741
28.72,0.00298709559603053,0.0201527452921417,0.16982350756216
28.73,0.0141584479977615,0.0201287207528397,0.169714492120579
28.74,0.0252077312265302,0.0201047248537293,0.169605476678997
28.75,0.0360945900784757,0.0200807575606681,0.169496461237416
28.76,0.046793551776324,0.0200568188395541,0.169387445795835
28.77,0.0572631920151499,0.0200329086563259,0.169278430354253
28.78,0.067443511996529,0.0200090269769631,0.169169414912672
28.79,0.0772740210515864,0.0199851737674854,0.169060399471091
28.8,0.0867025674745772,0.0199613489939533,0.16895138402951
28.81,0.095688799899406,0.0199375526224677,0.168842368587928
28.82,0.104212028594013,0.0199137846191698,0.168733353146347
28.83,0.112269265543446,0.0198900449502413,0.168624337704766
28.84,0.119856572261355,0.0198663335819042,0.168515322263184
28.85,0.126951310581898,0.0198426504804206,0.168406306821603
28.86,0.133512926230686,0.0198189956120931,0.168297291380022
28.87,0.139491248367999,0.0197953689432642,0.16818827593844
28.88,0.144834361362253,0.0197717704403168,0.168079260496859
28.89,0.149501342676167,0.0197482000696736,0.167970245055278
28.9,0.153466277566631,0.0197246577977974,0.167861229613697
28.91,0.156703687845049,0.0197011435911912,0.167752214172115
28.92,0.159172323159485,0.0196776574163976,0.167643198730534
28.93,0.160816382556944,0.0196541992399993,0.167534183288953
28.94,0.161584887142451,0.0196307690286188,0.167425167847371
28.95,0.161453561019932,0.0196073667489184,0.16731615240579
28.96,0.160433157018302,0.0195839923676002,0.167207136964209
28.97,0.158569805388419,0.0195606458514057,0.167098121522627
28.98,0.155940814608459,0.0195373271671164,0.166989106081046
28.99,0.152630318844955,0.0195140362815532,0.166880090639465
29,0.148697005378099,0.0194907731615766,0.166771075197884
29.01,0.144162699590431,0.0194675377740868,0.166662059756302
29.02,0.139030696519774,0.019444330086023,0.166553044314721
29.03,0.133317043467765,0.0194211500643644,0.16644402887314
29.04,0.127049513049395,0.019397997676129,0.166335013431558
29.05,0.120237376882922,0.0193748728883745,0.166225997989977
29.06,0.11287179571406,0.0193517756681977,0.166116982548396
29.07,0.104956170555375,0.0193287059827348,0.166007967106814
29.08,0.0965178809076052,0.0193056637991609,0.165898951665233
29.09,0.0876028610889189,0.0192826490846904,0.165789936223652
29.1,0.0782764208628357,0.0192596618065768,0.165680920782071
29.11,0.0686082661958917,0.0192367019321126,0.165571905340489
29.12,0.0586398098429739,0.0192137694286293,0.165462889898908
29.13,0.0483886767549105,0.0191908642634974,0.165353874457327
29.14,0.0378811026499834,0.0191679864041261,0.165244859015745
29.15,0.0271512845258335,0.0191451358179637,0.165135843574164
29.16,0.0162289103855445,0.0191223124724972,0.165026828132583
29.17,0.0051547889896087,0.0190995163352523,0.164917812691001
29.18,-0.00600522372856241,0.0190767473737934,0.16480879724942
29.19,-0.0171659588999772,0.0190540055557238,0.164699781807839
29.2,-0.0282317622325545,0.0190312908486852,0.164590766366258
29.21,-0.0391119129881464,0.0190086032203579,0.164481750924676
29.22,-0.04973616620431,0.0189859426384608,0.164372735483095
29.23,-0.0600531399204653,0.0189633090707512,0.164263720041514
29.24,-0.0700227451108129,0.0189407024850249,0.164154704599932
29.25,-0.0796085706107075,0.0189181228491161,0.164045689158351
29.26,-0.0887732621856553,0.0188955701308972,0.16393667371677
29.27,-0.097490040791936,0.0188730442982792,0.163827658275188
29.28,-0.105747433456498,0.0188505453192111,0.163718642833607
29.29,-0.113527978670401,0.0188280731616801,0.163609627392026
29.3,-0.120793830326509,0.0188056277937118,0.163500611950445
29.31,-0.127497710180627,0.0187832091833696,0.163391596508863
29.32,-0.133596335904669,0.0187608172987552,0.163282581067282
29.33,-0.139046111966732,0.0187384521080083,0.163173565625701
29.34,-0.143794693313355,0.0187161135793066,0.163064550184119
29.35,-0.147796846241155,0.0186938016808655,0.162955534742538
29.36,-0.151032567436226,0.0186715163809385,0.162846519300957
29.37,-0.153498573129212,0.0186492576478171,0.162737503859375
29.38,-0.155204137614608,0.0186270254498302,0.162628488417794
29.39,-0.156180023888737,0.0186048197553448,0.162519472976213
29.4,-0.156468162606032,0.0185826405327654,0.162410457534631
29.41,-0.156098678129527,0.0185604877505343,0.16230144209305
29.42,-0.155085639311829,0.0185383613771314,0.162192426651469
29.43,-0.153435410789424,0.0185162613810741,0.162083411209888
29.44,-0.15114332044309,0.0184941877309174,0.161974395768306
29.45,-0.148192967591625,0.0184721403952537,0.161865380326725
29.46,-0.144571076357236,0.0184501193427129,0.161756364885144
29.47,-0.140273401473267,0.0184281245419624,0.161647349443562
29.48,-0.135302401238364,0.0184061559617068,0.161538334001981
29.49,-0.129680073292427,0.018384213570688,0.1614293185604
29.5,-0.123460688821773,0.0183622973376853,0.161320303118818
29.51,-0.116714254504771,0.0183404072315152,0.161211287677237
29.52,-0.109492167124647,0.0183185432210312,0.161102272235656
29.53,-0.101813259654094,0.0182967052751241,0.160993256794075
29.54,-0.0936755347807229,0.0182748933627217,0.160884241352493
29.55,-0.0850709474384171,0.0182531074527889,0.160775225910912
29.56,-0.0760049557342724,0.0182313475143275,0.160666210469331
29.57,-0.0665144419583362,0.0182096135163765,0.160557195027749
29.58,-0.0566683555572951,0.0181879054280115,0.160448179586168
29.59,-0.0465589664759738,0.0181662232183451,0.160339164144587
29.6,-0.0362771651455218,0.0181445668565268,0.160230148703005
29.61,-0.0258788329341006,0.0181229363117427,0.160121133261424
29.62,-0.0153831968858357,0.0181013315532159,0.160012117819843
29.63,-0.00480772813946573,0.0180797525502059,0.159903102378262
29.64,0.00579853345072627,0.0180581992720089,0.15979408693668
29.65,0.0163486129005234,0.0180366716879579,0.159685071495099
29.66,0.0267439003534108,0.0180151697674223,0.159576056053518
29.67,0.0369173008588616,0.0179936934798081,0.159467040611936
29.68,0.0468462462207217,0.0179722427945576,0.159358025170355
29.69,0.0565292995732748,0.0179508176811498,0.159249009728774
29.7,0.0659622104474688,0.0179294181090998,0.159139994287192
29.71,0.0751122558765915,0.0179080440479592,0.159030978845611
29.72,0.0839025142410791,0.0178866954673159,0.15892196340403
29.73,0.0922423671858473,0.0178653723367941,0.158812947962449
29.74,0.10007710678757,0.017844074626054,0.158703932520867
29.75,0.107402605187882,0.0178228023047921,0.158594917079286
29.76,0.114244140864257,0.0178015553427412,0.158485901637705
29.77,0.120625514341793,0.0177803337096699,0.158376886196123
29.78,0.126542422190205,0.017759137375383,0.158267870754542
29.79,0.131951920229076,0.0177379663097212,0.158158855312961
29.8,0.136782824313643,0.0177168204825612,0.158049839871379
29.81,0.140955012010309,0.0176956998638157,0.157940824429798
29.82,0.144399328359132,0.0176746044234332,0.157831808988217
29.83,0.147076675355116,0.0176535341313978,0.157722793546636
29.84,0.148985762365112,0.0176324889577299,0.157613778105054
29.85,0.15014939908695,0.017611468872485,0.157504762663473
29.86,0.150594544762321,0.0175904738457549,0.157395747221892
29.87,0.150344060598802,0.0175695038476667,0.15728673178031
29.88,0.149408120220443,0.0175485588483831,0.157177716338729
29.89,0.147773992712336,0.0175276388181026,0.157068700897148
29.9,0.145414775943792,0.017506743727059,0.156959685455566
29.91,0.142315566426954,0.0174858735455217,0.156850670013985
29.92,0.138497093968977,0.0174650282437956,0.156741654572404
29.93,0.134018199256291,0.0174442077922208,0.156632639130822
29.94,0.12895772622648,0.0174234121611729,0.156523623689241
29.95,0.123393310633758,0.0174026413210628,0.15641460824766
29.96,0.117376526054103,0.0173818952423368,0.156305592806079
29.97,0.110908243992165,0.0173611738954761,0.156196577364497
29.98,0.103949161450952,0.0173404772509974,0.156087561922916
29.99,0.0964650711917387,0.0173198052794524,0.155978546481335
30,0.0884578005935392,0.0172991579514279,0.155869531039753
30.01,0.0799684665554443,0.0172785352375459,0.155760515598172
30.02,0.0710653642691662,0.0172579371084634,0.155651500156591
30.03,0.0618140624174808,0.0172373635348721,0.15554248471501
30.04,0.0522574041956747,0.0172168144874989,0.155433469273428
30.05,0.042428773736409,0.0171962899371057,0.155324453831847
30.06,0.032367995596167,0.0171757898544889,0.155215438390266
30.07,0.0221223557238532,0.0171553142104801,0.155106422948684
30.08,0.0117446011984815,0.0171348629759453,0.154997407507103
30.09,0.00129517835150312,0.0171144361217856,0.154888392065522
30.1,-0.00915502011222926,0.0170940336189365,0.15477937662394
30.11,-0.0195361432364875,0.0170736554383683,0.154670361182359
30.12,-0.0297970586818867,0.0170533015510858,0.154561345740778
30.13,-0.0398999571161388,0.0170329719281285,0.154452330299196
30.14,-0.0497935181838024,0.0170126665405703,0.154343314857615
30.15,-0.0593995772259801,0.0169923853595197,0.154234299416034
30.16,-0.0686319572967352,0.0169721283561196,0.154125283974453
30.17,-0.0774292050408589,0.0169518955015472,0.154016268532871
30.18,-0.0857704853915476,0.0169316867670141,0.15390725309129
30.19,-0.0936615968483614,0.0169115021237664,0.153798237649709
30.2,-0.101111869477923,0.0168913415430842,0.153689222208127
30.21,-0.108123272273499,0.0168712049962821,0.153580206766546
30.22,-0.114685182475444,0.0168510924547087,0.153471191324965
30.23,-0.120768583092399,0.0168310038897469,0.153362175883383
30.24,-0.126328996294495,0.0168109392728136,0.153253160441802
30.25,-0.131322152941428,0.0167908985753597,0.153144145000221
30.26,-0.135716099674983,0.0167708817688705,0.15303512955864
30.27,-0.139487739551608,0.0167508888248648,0.152926114117058
30.28,-0.142610323911069,0.0167309197148957,0.152817098675477
30.29,-0.145042298924845,0.0167109744105502,0.152708083233896
30.3,-0.146734394706371,0.016691052883449,0.152599067792314
30.31,-0.147659681366286,0.0166711551052466,0.152490052350733
30.32,-0.147831291667836,0.0166512810476316,0.152381036909152
30.33,-0.147279761536178,0.0166314306823261,0.15227202146757
30.34,-0.146025441811489,0.0166116039810859,0.152163006025989
30.35,-0.144080400359019,0.0165918009157006,0.152053990584408
30.36,-0.141457411348596,0.0165720214579934,0.151944975142827
30.37,-0.13817023515408,0.0165522655798209,0.151835959701245
30.38,-0.134234758954798,0.0165325332530736,0.151726944259664
30.39,-0.12967419153725,0.0165128244496752,0.151617928818083
30.4,-0.124529125365964,0.016493139141583,0.151508913376501
30.41,-0.11886213941216,0.0164734773007878,0.15139989793492
30.42,-0.112737230318977,0.0164538388993136,0.151290882493339
30.43,-0.10618719401684,0.0164342239092179,0.151181867051757
30.44,-0.0992096057470657,0.0164146323025915,0.151072851610176
30.45,-0.0917934527225238,0.0163950640515585,0.150963836168595
30.46,-0.0839442728067595,0.016375519128276,0.150854820727014
30.47,-0.0756909487523062,0.0163559975049346,0.150745805285432
30.48,-0.0670756322269502,0.0163364991537578,0.150636789843851
30.49,-0.0581460751167816,0.0163170240470025,0.15052777440227
30.5,-0.0489602722511475,0.0162975721569584,0.150418758960688
30.51,-0.0395832060691697,0.0162781434559484,0.150309743519107
30.52,-0.0300696978484493,0.0162587379163282,0.150200728077526
30.53,-0.0204545741607281,0.0162393555104867,0.150091712635944
30.54,-0.0107634361419547,0.0162199962108456,0.149982697194363
30.55,-0.00103287623453196,0.0162006599898594,0.149873681752782
30.56,0.0086874439609724,0.0161813468200157,0.149764666311201
30.57,0.0183555529438282,0.0161620566738345,0.149655650869619
30.58,0.0279416286101835,0.0161427895238689,0.149546635428038
30.59,0.0374042592335863,0.0161235453427045,0.149437619986457
30.6,0.0466811565150858,0.0161043241029598,0.149328604544875
30.61,0.055705880650184,0.0160851257772858,0.149219589103294
30.62,0.0644250112145046,0.0160659503383661,0.149110573661713
30.63,0.0728030266831898,0.0160467977589168,0.149001558220131
30.64,0.0808100508495095,0.0160276680116867,0.14889254277855
30.65,0.0884141851653535,0.016008561069457,0.148783527336969
30.66,0.0955975035881544,0.0159894769050413,0.148674511895387
30.67,0.102357600816512,0.0159704154912857,0.148565496453806
30.68,0.108683324396706,0.0159513768010687,0.148456481012225
30.69,0.114547554047632,0.0159323608073009,0.148347465570644
30.7,0.119918050295921,0.0159133674829255,0.148238450129062
30.71,0.124762760487017,0.0158943968009177,0.148129434687481
30.72,0.129051630571352,0.015875448734285,0.1480204192459
30.73,0.132752893417288,0.0158565232560673,0.147911403804318
30.74,0.135819764400822,0.0158376203393362,0.147802388362737
30.75,0.138186946902165,0.0158187399571959,0.147693372921156
30.76,0.139792864800911,0.0157998820827822,0.147584357479574
30.77,0.140606259071594,0.0157810466892632,0.147475342037993
30.78,0.140635376922418,0.0157622337498389,0.147366326596412
30.79,0.139927878082802,0.0157434432377413,0.147257311154831
30.8,0.138560890493815,0.0157246751262344,0.147148295713249
30.81,0.136609888609263,0.0157059293886137,0.147039280271668
30.82,0.134113060117692,0.015687205998207,0.146930264830087
30.83,0.131066933081616,0.0156685049283736,0.146821249388505
30.84,0.127454956644332,0.0156498261525047,0.146712233946924
30.85,0.123270615238857,0.015631169644023,0.146603218505343
30.86,0.118518679344932,0.0156125353763833,0.146494203063761
30.87,0.113215928963973,0.0155939233230716,0.14638518762218
30.88,0.107393087323145,0.0155753334576057,0.146276172180599
30.89,0.1010758077508,0.0155567657535351,0.146167156739018
30.9,0.0942683588414412,0.0155382201844407,0.146058141297436
30.91,0.0869785604888896,0.0155196967239347,0.145949125855855
30.92,0.0792472338169524,0.0155011953456612,0.145840110414274
30.93,0.0711303760503608,0.0154827160232953,0.145731094972692
30.94,0.0626653365444802,0.0154642587305438,0.145622079531111
30.95,0.0538768873591483,0.0154458234411446,0.14551306408953
30.96,0.0448057425168115,0.0154274101288671,0.145404048647948
30.97,0.0355128740432459,0.0154090187675117,0.145295033206367
30.98,0.0260608422470962,0.0153906493309104,0.145186017764786
30.99,0.0164978648864075,0.0153723017929262,0.145077002323205
31,0.00686386658405885,0.0153539761274532,0.144967986881623
31.01,-0.00279131775539768,0.0153356723084166,0.144858971440042
31.02,-0.0124165580546659,0.015317390309773,0.144749955998461
31.03,-0.0219833648979289,0.0152991301055096,0.144640940556879
31.04,-0.0314776293782433,0.015280891669645,0.144531925115298
31.05,-0.0408677038565405,0.0152626749762285,0.144422909673717
31.06,-0.0500843907918914,0.0152444799993405,0.144313894232135
31.07,-0.059028280495442,0.0152263067130922,0.144204878790554
31.08,-0.0676006032948498,0.0152081550916257,0.144095863348973
31.09,-0.0757299252730961,0.0151900251091139,0.143986847907392
31.1,-0.0833775805009848,0.0151719167397606,0.14387783246581
31.11,-0.0905370615771757,0.0151538299578003,0.143768817024229
31.12,-0.0972300665835272,0.015135764737498,0.143659801582648
31.13,-0.103489325652012,0.0151177210531497,0.143550786141066
31.14,-0.109337763569473,0.0150996988790819,0.143441770699485
31.15,-0.114770825049355,0.0150816981896518,0.143332755257904
31.16,-0.119745173010282,0.0150637189592468,0.143223739816322
31.17,-0.124187023496494,0.0150457611622854,0.143114724374741
31.18,-0.128018643449655,0.0150278247732162,0.14300570893316
31.19,-0.131186274071914,0.0150099097665184,0.142896693491579
31.2,-0.133677152256742,0.0149920161167015,0.142787678049997
31.21,-0.135512020116277,0.0149741437983056,0.142678662608416
31.22,-0.136712172712846,0.014956292785901,0.142569647166835
31.23,-0.137272141190325,0.0149384630540884,0.142460631725253
31.24,-0.13716468946321,0.0149206545774986,0.142351616283672
31.25,-0.136369958778769,0.0149028673307928,0.142242600842091
31.26,-0.134898244374641,0.0148851012886625,0.142133585400509
31.27,-0.132783969474395,0.0148673564258292,0.142024569958928
31.28,-0.130065002295911,0.0148496327170445,0.141915554517347
31.29,-0.126774948501378,0.0148319301370903,0.141806539075766
31.3,-0.122948156958232,0.0148142486607783,0.141697523634184
31.31,-0.118622381841086,0.0147965882629505,0.141588508192603
31.32,-0.11383663079937,0.0147789489184788,0.141479492751022
31.33,-0.10862584546891,0.0147613306022649,0.14137047730944
31.34,-0.103009897804496,0.0147437332892406,0.141261461867859
31.35,-0.0969811424978939,0.0147261569543675,0.141152446426278
31.36,-0.0905084160885002,0.0147086015726372,0.141043430984696
31.37,-0.0835683378291017,0.0146910671190708,0.140934415543115
31.38,-0.076171500956174,0.0146735535687195,0.140825400101534
31.39,-0.0683549667359593,0.0146560608966641,0.140716384659953
31.4,-0.0601719802534272,0.014638589078015,0.140607369218371
31.41,-0.0516934407344444,0.0146211380879125,0.14049835377679
31.42,-0.0429964607494104,0.0146037079015264,0.140389338335209
31.43,-0.0341438730319941,0.0145862984940561,0.140280322893627
31.44,-0.0251730766936047,0.0145689098407306,0.140171307452046
31.45,-0.0161028157831778,0.0145515419168085,0.140062292010465
31.46,-0.00695925190848573,0.0145341946975777,0.139953276568883
31.47,0.00220389057525427,0.0145168681583556,0.139844261127302
31.48,0.0113145438259458,0.0144995622744893,0.139735245685721
31.49,0.020303352283713,0.014482277021355,0.13962623024414
31.5,0.0291198972605453,0.0144650123743583,0.139517214802558
31.51,0.0377420519770293,0.0144477683089343,0.139408199360977
31.52,0.0461648912124869,0.0144305448005471,0.139299183919396
31.53,0.0543794427640586,0.0144133418246902,0.139190168477814
31.54,0.0623653784757971,0.0143961593568863,0.139081153036233
31.55,0.0700943333647945,0.0143789973726874,0.138972137594652
31.56,0.0775304954955399,0.0143618558476745,0.13886312215307
31.57,0.0846199458301086,0.0143447347574577,0.138754106711489
31.58,0.0912883391866116,0.0143276340776763,0.138645091269908
31.59,0.0974695751624933,0.0143105537839985,0.138536075828326
31.6,0.103136128369274,0.0142934938521215,0.138427060386745
31.61,0.108294800552973,0.0142764542577717,0.138318044945164
31.62,0.112954133024614,0.0142594349767041,0.138209029503583
31.63,0.117099714798392,0.0142424359847029,0.138100014062001
31.64,0.120700671050695,0.0142254572575811,0.13799099862042
31.65,0.123727176656384,0.0142084987711804,0.137881983178839
31.66,0.12615750492793,0.0141915605013713,0.137772967737257
31.67,0.12797224679918,0.0141746424240533,0.137663952295676
31.68,0.129147868984995,0.0141577445151544,0.137554936854095
31.69,0.129672106255124,0.0141408667506314,0.137445921412513
31.7,0.129563448766752,0.0141240091064698,0.137336905970932
31.71,0.128861413648062,0.0141071715586835,0.137227890529351
31.72,0.127599214469281,0.0140903540833153,0.13711887508777
31.73,0.125794709824429,0.0140735566564364,0.137009859646188
31.74,0.123466016185564,0.0140567792541465,0.136900844204607
31.75,0.120630244232701,0.0140400218525738,0.136791828763026
31.76,0.117279962448992,0.0140232844278752,0.136682813321444
31.77,0.113389339014562,0.0140065669562356,0.136573797879863
31.78,0.108946078226935,0.0139898694138686,0.136464782438282
31.79,0.103959606269065,0.013973191777016,0.1363557669967
31.8,0.0984481670783318,0.0139565340219482,0.136246751555119
31.81,0.0924360149552634,0.0139398961249634,0.136137736113538
31.82,0.0859574451526386,0.0139232780623885,0.136028720671957
31.83,0.0790553795040927,0.0139066798105785,0.135919705230375
31.84,0.0717763673183497,0.0138901013459163,0.135810689788794
31.85,0.0641550172565144,0.0138735426448135,0.135701674347213
31.86,0.0562061046727935,0.0138570036837093,0.135592658905631
31.87,0.0479515312454986,0.0138404844390714,0.13548364346405
31.88,0.0394383239384654,0.0138239848873951,0.135374628022469
31.89,0.030714141322694,0.0138075050052042,0.135265612580887
31.9,0.0218143858681486,0.0137910447690502,0.135156597139306
31.91,0.0127831827719074,0.0137746041555125,0.135047581697725
31.92,0.00368109846025083,0.0137581831411988,0.134938566256144
31.93,-0.00542790907962871,0.0137417817027441,0.134829550814562
31.94,-0.0144847499592658,0.0137253998168119,0.134720535372981
31.95,-0.0234449070387793,0.013709037460093,0.1346115199314
31.96,-0.0322912478318224,0.0136926946093062,0.134502504489818
31.97,-0.0410170040464886,0.0136763712411981,0.134393489048237
31.98,-0.0495765084453415,0.013660067332543,0.134284473606656
31.99,-0.0578686480699562,0.0136437828601427,0.134175458165074
32,-0.0657839752483563,0.013627517800827,0.134066442723493
32.01,-0.0732496895807968,0.0136112721314529,0.133957427281912
32.02,-0.080226190377483,0.0135950458289054,0.133848411840331
32.03,-0.0866938445649686,0.0135788388700969,0.133739396398749
32.04,-0.0926561910483384,0.0135626512319671,0.133630380957168
32.05,-0.0981378086841293,0.0135464828914835,0.133521365515587
32.06,-0.103172490982042,0.0135303338256409,0.133412350074005
32.07,-0.107795085049015,0.0135142040114617,0.133303334632424
32.08,-0.112030751944389,0.0134980934259954,0.133194319190843
32.09,-0.115875421933157,0.0134820020463191,0.133085303749261
32.1,-0.119283121904249,0.0134659298495372,0.13297628830768
32.11,-0.122177638100336,0.0134498768127812,0.132867272866099
32.12,-0.124487107673037,0.0134338429132101,0.132758257424518
32.13,-0.126167947153108,0.01341782812801,0.132649241982936
32.14,-0.127192965164782,0.0134018324343942,0.132540226541355
32.15,-0.127540573745033,0.0133858558096033,0.132431211099774
32.16,-0.127206189846697,0.0133698982309048,0.132322195658192
32.17,-0.12620344158168,0.0133539596755936,0.132213180216611
32.18,-0.124559640424763,0.0133380401209913,0.13210416477503
32.19,-0.122323568112894,0.0133221395444468,0.131995149333448
32.2,-0.119558303749715,0.013306257923336,0.131886133891867
32.21,-0.11632014772276,0.0132903952350616,0.131777118450286
32.22,-0.112657675845342,0.0132745514570534,0.131668103008705
32.23,-0.10861031585418,0.013258726566768,0.131559087567123
32.24,-0.104184296897784,0.013242920541689,0.131450072125542
32.25,-0.0993438387170736,0.0132271333593267,0.131341056683961
32.26,-0.0940383826180403,0.0132113649972184,0.131232041242379
32.27,-0.0882380990882327,0.0131956154329278,0.131123025800798
32.28,-0.081950643569828,0.0131798846440458,0.131014010359217
32.29,-0.0752143670684589,0.0131641726081898,0.130904994917635
32.3,-0.068082336463419,0.0131484793030039,0.130795979476054
32.31,-0.0606159908498481,0.0131328047061587,0.130686964034473
32.32,-0.0528849794623577,0.0131171487953518,0.130577948592892
32.33,-0.0449605617498608,0.013101511548307,0.13046893315131
32.34,-0.0369021616271828,0.0130858929427748,0.130359917709729
32.35,-0.0287430719396147,0.0130702929565323,0.130250902268148
32.36,-0.0204947110385529,0.013054711567383,0.130141886826566
32.37,-0.0121711647828828,0.0130391487531569,0.130032871384985
32.38,-0.00379888846458027,0.0130236044917104,0.129923855943404
32.39,0.0045876495829905,0.0130080787609263,0.129814840501822
32.4,0.0129409494637971,0.0129925715387139,0.129705825060241
32.41,0.0212053890965472,0.0129770828030086,0.12959680961866
32.42,0.0293330873288329,0.0129616125317722,0.129487794177079
32.43,0.0372868157338802,0.0129461607029929,0.129378778735497
32.44,0.0450352661477953,0.012930727294685,0.129269763293916
32.45,0.0525496937665881,0.0129153122848889,0.129160747852335
32.46,0.059808405282366,0.0128999156516715,0.129051732410753
32.47,0.0668067411460643,0.0128845373731257,0.128942716969172
32.48,0.0735506871178882,0.0128691774273703,0.128833701527591
32.49,0.0800367516927648,0.0128538357925505,0.128724686086009
32.5,0.0862372270965856,0.0128385124468373,0.128615670644428
32.51,0.0920936786443176,0.012823207368428,0.128506655202847
32.52,0.0975312703522528,0.0128079205355457,0.128397639761266
32.53,0.102489105231943,0.0127926519264395,0.128288624319684
32.54,0.106922575947405,0.0127774015193843,0.128179608878103
32.55,0.110781860624607,0.0127621692926812,0.128070593436522
32.56,0.114014346155541,0.0127469552246569,0.12796157799494
32.57,0.116585973146315,0.012731759293664,0.127852562553359
32.58,0.118490920854659,0.012716581478081,0.127743547111778
32.59,0.119747469257661,0.0127014217563121,0.127634531670196
32.6,0.120391048671533,0.0126862801067873,0.127525516228615
32.61,0.120476008943695,0.0126711565079623,0.127416500787034
32.62,0.120071036958659,0.0126560509383183,0.127307485345452
32.63,0.119225782685578,0.0126409633763624,0.127198469903871
32.64,0.117940671811622,0.0126258938006272,0.12708945446229
32.65,0.116179369212814,0.012610842189671,0.126980439020709
32.66,0.113904596810326,0.0125958085220776,0.126871423579127
32.67,0.111098817641356,0.0125807927764562,0.126762408137546
32.68,0.107763279696954,0.0125657949314417,0.126653392695965
32.69,0.103909223806222,0.0125508149656943,0.126544377254383
32.7,0.0995477520312209,0.0125358528578998,0.126435361812802
32.71,0.094686300395372,0.0125209085867693,0.126326346371221
32.72,0.0893352550790495,0.0125059821310394,0.126217330929639
32.73,0.0835176897105154,0.0124910734694718,0.126108315488058
32.74,0.0772790747580312,0.0124761825808538,0.125999300046477
32.75,0.070678282731498,0.0124613094439978,0.125890284604896
32.76,0.0637570524507605,0.0124464540377417,0.125781269163314
32.77,0.0565309358480999,0.0124316163409482,0.125672253721733
32.78,0.0490138007982133,0.0124167963325056,0.125563238280152
32.79,0.0412342011339088,0.0124019939913272,0.12545422283857
32.8,0.0332232515015408,0.0123872092963514,0.125345207396989
32.81,0.0249996567649115,0.0123724422265419,0.125236191955408
32.82,0.01657955970812,0.0123576927608872,0.125127176513826
32.83,0.0080053854459382,0.0123429608784011,0.125018161072245
32.84,-0.000639826153710473,0.0123282465581223,0.124909145630664
32.85,-0.0092527761499999,0.0123135497791144,0.124800130189083
32.86,-0.0177469736632268,0.0122988705204661,0.124691114747501
32.87,-0.0260705264047625,0.012284208761291,0.12458209930592
32.88,-0.0341974698638816,0.0122695644807277,0.124473083864339
32.89,-0.042115363567582,0.0122549376579394,0.124364068422757
32.9,-0.0498071957582768,0.0122403282721143,0.124255052981176
32.91,-0.0572269913693739,0.0122257363024655,0.124146037539595
32.92,-0.0643046308641046,0.0122111617282307,0.124037022098013
32.93,-0.0709828961760693,0.0121966045286725,0.123928006656432
32.94,-0.0772400879279875,0.0121820646830781,0.123818991214851
32.95,-0.0830804640737642,0.0121675421707595,0.12370997577327
32.96,-0.0885194473315886,0.0121530369710533,0.123600960331688
32.97,-0.093572190034595,0.0121385490633207,0.123491944890107
32.98,-0.0982385459604512,0.0121240784269477,0.123382929448526
32.99,-0.102496477330204,0.0121096250413445,0.123273914006944
33,-0.106308321004171,0.0120951888859463,0.123164898565363
33.01,-0.109628665708679,0.0120807699402124,0.123055883123782
33.02,-0.112409896679124,0.0120663681836269,0.1229468676822
33.03,-0.11461045263524,0.0120519835956981,0.122837852240619
33.04,-0.116204620158873,0.012037616155959,0.122728836799038
33.05,-0.117183846868995,0.0120232658439668,0.122619821357457
33.06,-0.117557586696466,0.0120089326393031,0.122510805915875
33.07,-0.11736261146203,0.0119946165215739,0.122401790474294
33.08,-0.116656790678872,0.0119803174704095,0.122292775032713
33.09,-0.115490823359927,0.0119660354654645,0.122183759591131
33.1,-0.11389465773156,0.0119517704864176,0.12207474414955
33.11,-0.111890208708083,0.0119375225129719,0.121965728707969
33.12,-0.109494374054414,0.0119232915248547,0.121856713266387
33.13,-0.106700263378872,0.0119090775018173,0.121747697824806
33.14,-0.103469605234027,0.0118948804236354,0.121638682383225
33.15,-0.0997538149140684,0.0118807002701085,0.121529666941644
33.16,-0.0955268078105148,0.0118665370210604,0.121420651500062
33.17,-0.0907983007659292,0.0118523906563389,0.121311636058481
33.18,-0.085596389901594,0.0118382611558159,0.1212026206169
33.19,-0.0799507278341187,0.011824148499387,0.121093605175318
33.2,-0.0738958657870997,0.0118100526669722,0.120984589733737
33.21,-0.0674737563954241,0.0117959736385151,0.120875574292156
33.22,-0.0607287527582712,0.0117819113939834,0.120766558850574
33.23,-0.0537133006621662,0.0117678659133684,0.120657543408993
33.24,-0.0464947776585557,0.0117538371766857,0.120548527967412
33.25,-0.0391344971588117,0.0117398251639744,0.120439512525831
33.26,-0.0316600535643606,0.0117258298552975,0.120330497084249
33.27,-0.0240800416860716,0.0117118512307417,0.120221481642668
33.28,-0.016415709226174,0.0116978892704175,0.120112466201087
33.29,-0.00869343779688279,0.0116839439544591,0.120003450759505
33.3,-0.000926141403107167,0.0116700152630244,0.119894435317924
33.31,0.00687365062431331,0.0116561031762949,0.119785419876343
33.32,0.0146713015971368,0.0116422076744757,0.119676404434761
33.33,0.0224091121223067,0.0116283287377957,0.11956738899318
33.34,0.0300314253945976,0.0116144663465072,0.119458373551599
33.35,0.037503340612002,0.0116006204808859,0.119349358110017
33.36,0.044790661847944,0.0115867911212314,0.119240342668436
33.37,0.0518397710493009,0.0115729782478664,0.119131327226855
33.38,0.0585960676541188,0.0115591818411374,0.119022311785274
33.39,0.0650284704893776,0.011545401881414,0.118913296343692
33.4,0.0711231501002563,0.0115316383490894,0.118804280902111
33.41,0.0768551388737461,0.0115178912245801,0.11869526546053
33.42,0.0821753374290256,0.011504160488326,0.118586250018948
33.43,0.0870318383853519,0.0114904461207904,0.118477234577367
33.44,0.0914010218256506,0.0114767481024596,0.118368219135786
33.45,0.0952911758957336,0.0114630664138435,0.118259203694205
33.46,0.0987243381865223,0.011449401035475,0.118150188252623
33.47,0.101729898060857,0.0114357519479103,0.118041172811042
33.48,0.10433400577979,0.0114221191317288,0.117932157369461
33.49,0.106528470445068,0.0114085025675329,0.117823141927879
33.5,0.108260269659714,0.0113949022359484,0.117714126486298
33.51,0.109461436673558,0.011381318117624,0.117605111044717
33.52,0.110084290316077,0.0113677501932314,0.117496095603135
33.53,0.110112008402283,0.0113541984434656,0.117387080161554
33.54,0.10956212962066,0.0113406628490444,0.117278064719973
33.55,0.108492398696936,0.0113271433907087,0.117169049278392
33.56,0.10697823849839,0.0113136400492222,0.11706003383681
33.57,0.105071188033049,0.0113001528053717,0.116951018395229
33.58,0.102780565656845,0.0112866816399669,0.116842002953648
33.59,0.100083795334421,0.0112732265338402,0.116732987512066
33.6,0.0969434649712107,0.0112597874678471,0.116623972070485
33.61,0.0933195323226002,0.0112463644228658,0.116514956628904
33.62,0.0891893103307004,0.0112329573797972,0.116405941187322
33.63,0.0845689410045807,0.0112195663195651,0.116296925745741
33.64,0.0795036998163545,0.011206191223116,0.11618791030416
33.65,0.074040998522756,0.0111928320714192,0.116078894862578
33.66,0.0682236502571035,0.0111794888454664,0.115969879420997
33.67,0.0620919761674945,0.0111661615262724,0.115860863979416
33.68,0.0556791595170981,0.0111528500948742,0.115751848537835
33.69,0.0490118663231938,0.0111395545323318,0.115642833096253
33.7,0.0421138136293328,0.0111262748197274,0.115533817654672
33.71,0.0349998515003429,0.011113010938166,0.115424802213091
33.72,0.0276695857542263,0.011099762868775,0.115315786771509
33.73,0.0201206624257173,0.0110865305927045,0.115206771329928
33.74,0.0123750028722306,0.0110733140911269,0.115097755888347
33.75,0.00449213027329192,0.0110601133452369,0.114988740446765
33.76,-0.00344285569549475,0.011046928336252,0.114879725005184
33.77,-0.0113519894321616,0.0110337590454118,0.114770709563603
33.78,-0.0191849236350469,0.0110206054539783,0.114661694122022
33.79,-0.0269046691011962,0.011007467543236,0.11455267868044
33.8,-0.0344739620546213,0.0109943452944914,0.114443663238859
33.81,-0.0418578488711505,0.0109812386890737,0.114334647797278
33.82,-0.0490135861080513,0.0109681477083341,0.114225632355696
33.83,-0.0558810896442953,0.0109550723336459,0.114116616914115
33.84,-0.0623981512345126,0.010942012546405,0.114007601472534
33.85,-0.0685210344044491,0.0109289683280291,0.113898586030952
33.86,-0.0742331152971056,0.0109159396599582,0.113789570589371
33.87,-0.079533833230908,0.0109029265236546,0.11368055514779
33.88,-0.0844157629216371,0.0108899289006023,0.113571539706209
33.89,-0.088862033429479,0.0108769467723078,0.113462524264627
33.9,-0.0928605115915635,0.0108639801202994,0.113353508823046
33.91,-0.0964040344499619,0.0108510289261275,0.113244493381465
33.92,-0.0994838011702332,0.0108380931713643,0.113135477939883
33.93,-0.102097577491614,0.0108251728376043,0.113026462498302
33.94,-0.104256295321772,0.0108122679064637,0.112917447056721
33.95,-0.105968045339168,0.0107993783595808,0.112808431615139
33.96,-0.107226466745384,0.0107865041786156,0.112699416173558
33.97,-0.108022211457391,0.01077364534525,0.112590400731977
33.98,-0.108348226556198,0.0107608018411878,0.112481385290396
33.99,-0.108195133663714,0.0107479736481547,0.112372369848814
34,-0.107556189033576,0.010735160747898,0.112263354407233
34.01,-0.106431837774751,0.0107223631221868,0.112154338965652
34.02,-0.104834171452386,0.010709580752812,0.11204532352407
34.03,-0.102795289612589,0.0106968136215862,0.111936308082489
34.04,-0.100353324589105,0.0106840617103437,0.111827292640908
34.05,-0.0975206694924431,0.0106713250009404,0.111718277199326
34.06,-0.0942768187388621,0.0106586034752537,0.111609261757745
34.07,-0.0905893966041225,0.010645897115183,0.111500246316164
34.08,-0.0864326729954431,0.0106332059026488,0.111391230874583
34.09,-0.0818030741531337,0.0106205298195936,0.111282215433001
34.1,-0.0767371184240565,0.010607868847981,0.11117319999142
34.11,-0.0712979182633877,0.0105952229697964,0.111064184549839
34.12,-0.065528187403746,0.0105825921670466,0.110955169108257
34.13,-0.0594360740075187,0.0105699764217599,0.110846153666676
34.14,-0.0530406526733696,0.0105573757159858,0.110737138225095
34.15,-0.0464100584270375,0.0105447900317954,0.110628122783513
34.16,-0.0396352082383132,0.0105322193512813,0.110519107341932
34.17,-0.0327750663622844,0.0105196636565571,0.110410091900351
34.18,-0.0258381172943419,0.010507122929758,0.110301076458769
34.19,-0.0188091623614395,0.0104945971530403,0.110192061017188
34.2,-0.0116885323608676,0.0104820863085818,0.110083045575607
34.21,-0.00451201853756148,0.0104695903785813,0.109974030134026
34.22,0.00266174797605855,0.010457109345259,0.109865014692444
34.23,0.00977548815028878,0.0104446431908563,0.109755999250863
34.24,0.0167829605953908,0.0104321918976356,0.109646983809282
34.25,0.0236582352182244,0.0104197554478806,0.1095379683677
34.26,0.0304116211352482,0.010407333823896,0.109428952926119
34.27,0.0370737288199527,0.0103949270080078,0.109319937484538
34.28,0.0436412259533936,0.0103825349825629,0.109210922042956
34.29,0.0500468305587736,0.0103701577299292,0.109101906601375
34.3,0.0561903891057706,0.0103577952324957,0.108992891159794
34.31,0.0619948580759204,0.0103454474726725,0.108883875718213
34.32,0.0674335857034671,0.0103331144328905,0.108774860276631
34.33,0.0725144480018591,0.0103207960956016,0.10866584483505
34.34,0.0772483474979982,0.0103084924432787,0.108556829393469
34.35,0.0816235482342488,0.0102962034584154,0.108447813951887
34.36,0.0856027233514727,0.0102839291235264,0.108338798510306
34.37,0.0891478156617386,0.0102716694211471,0.108229783068725
34.38,0.0922346710122792,0.0102594243338338,0.108120767627144
34.39,0.0948470157192292,0.0102471938441634,0.108011752185562
34.4,0.0969767728913204,0.0102349779347339,0.107902736743981
34.41,0.0986213692076349,0.0102227765881638,0.1077937213024
34.42,0.0997703132327232,0.0102105897870924,0.107684705860818
34.43,0.100410987764737,0.0101984175141796,0.107575690419237
34.44,0.100554182069361,0.0101862597521062,0.107466674977656
34.45,0.100239589793415,0.0101741164835734,0.107357659536074
34.46,0.0995182424117148,0.0101619876913032,0.107248644094493
34.47,0.0984327593514191,0.0101498733580381,0.107139628652912
34.48,0.0969904725119693,0.0101377734665411,0.10703061321133
34.49,0.0951504260090649,0.0101256879995959,0.106921597769749
34.5,0.0928534932684202,0.0101136169400068,0.106812582328168
34.51,0.0900660119046197,0.0101015602705983,0.106703566886587
34.52,0.0867955698887726,0.0100895179742156,0.106594551445005
34.53,0.0830786342887246,0.0100774900337243,0.106485536003424
34.54,0.0789671323679563,0.0100654764320104,0.106376520561843
34.55,0.0745182033044856,0.0100534771519804,0.106267505120261
34.56,0.0697755088004758,0.0100414921765609,0.10615848967868
34.57,0.064761814766479,0.0100295214886993,0.106049474237099
34.58,0.059486356502671,0.010017565071363,0.105940458795517
34.59,0.0539442278666604,0.0100056229075397,0.105831443353936
34.6,0.0481218260296614,0.00999369498023753,0.105722427912355
34.61,0.0420168743590667,0.00998178127248482,0.105613412470774
34.62,0.0356439723622373,0.00996988176733012,0.105504397029192
34.63,0.0290235453527826,0.00995799644784219,0.105395381587611
34.64,0.0221765867862461,0.00994612529710998,0.10528636614603
34.65,0.0151302396476165,0.0099342682982426,0.105177350704448
34.66,0.00793047737445789,0.0099224254343693,0.105068335262867
34.67,0.000653287601968996,0.00991059668863943,0.104959319821286
34.68,-0.00660804688889489,0.00989878204422243,0.104850304379704
34.69,-0.0137802050024754,0.00988698148430783,0.104741288938123
34.7,-0.0208286553421656,0.00987519499210515,0.104632273496542
34.71,-0.0277436444420895,0.00986342255084397,0.10452325805496
34.72,-0.0345255207346934,0.00985166414377385,0.104414242613379
34.73,-0.0411726704082744,0.00983991975416432,0.104305227171798
34.74,-0.0476578088013956,0.00982818936530483,0.104196211730217
34.75,-0.0539165809922725,0.0098164729605048,0.104087196288635
34.76,-0.0598716835993058,0.00980477052309351,0.103978180847054
34.77,-0.0654626429494048,0.00979308203642011,0.103869165405473
34.78,-0.0706541782778387,0.00978140748385362,0.103760149963891
34.79,-0.0754375114864649,0.00976974684878289,0.10365113452231
34.8,-0.0798186494143551,0.00975810011461654,0.103542119080729
34.81,-0.0837904663281191,0.00974646726478301,0.103433103639147
34.82,-0.08732680823535,0.00973484828273046,0.103324088197566
34.83,-0.0903972236221059,0.00972324315192682,0.103215072755985
34.84,-0.0929764145572006,0.00971165185585969,0.103106057314404
34.85,-0.0950606534657654,0.00970007437803636,0.102997041872822
34.86,-0.0966797917361597,0.00968851070198381,0.102888026431241
34.87,-0.0978774956575799,0.00967696081124864,0.10277901098966
34.88,-0.0986813483252212,0.00966542468939705,0.102669995548078
34.89,-0.0990964075150929,0.00965390232001484,0.102560980106497
34.9,-0.0991226256760362,0.00964239368670742,0.102451964664916
34.91,-0.098765879125058,0.00963089877309967,0.102342949223335
34.92,-0.0980296709195067,0.00961941756283604,0.102233933781753
34.93,-0.096910408988094,0.00960795003958048,0.102124918340172
34.94,-0.0953982732831754,0.00959649618701639,0.102015902898591
34.95,-0.0934755192844511,0.00958505598884662,0.101906887457009
34.96,-0.0911213278125016,0.00957362942879348,0.101797872015428
34.97,-0.0883158904491612,0.00956221649059865,0.101688856573847
34.98,-0.0850450305409779,0.00955081715802322,0.101579841132265
34.99,-0.0813212210979594,0.00953943141484762,0.101470825690684
35,-0.0771940466435784,0.00952805924487163,0.101361810249103
35.01,-0.0727237692574422,0.00951670063191432,0.101252794807521
35.02,-0.0679468734760088,0.00950535555981408,0.10114377936594
35.03,-0.0628703744787096,0.00949402401242853,0.101034763924359
35.04,-0.0574967462845717,0.00948270597363458,0.100925748482778
35.05,-0.0518488216129063,0.00947140142732832,0.100816733041196
35.06,-0.0459747946294381,0.00946011035742505,0.100707717599615
35.07,-0.0399357582619161,0.00944883274785926,0.100598702158034
35.08,-0.0337749636536438,0.00943756858258457,0.100489686716452
35.09,-0.0274970287259604,0.00942631784557375,0.100380671274871
35.1,-0.0210924921844609,0.00941508052081864,0.10027165583329
35.11,-0.0145709650385386,0.00940385659233023,0.100162640391708
35.12,-0.00795843750112946,0.0093926460441385,0.100053624950127
35.13,-0.00129165446946976,0.00938144886029251,0.0999446095085459
35.14,0.00536902392103897,0.00937026502486031,0.0998355940669645
35.15,0.0119447512593818,0.00935909452192898,0.0997265786253833
35.16,0.0183674076178357,0.00934793733560453,0.099617563183802
35.17,0.0245996726642726,0.00933679345001193,0.0995085477422206
35.18,0.0306311449618175,0.0093256628492951,0.0993995323006394
35.19,0.0364699683355425,0.00931454551761683,0.099290516859058
35.2,0.0421393466603943,0.0093034414391588,0.0991815014174768
35.21,0.047655482683569,0.00929235059812154,0.0990724859758954
35.22,0.0530007479282499,0.00928127297872445,0.0989634705343141
35.23,0.0581274688964257,0.0092702085652057,0.0988544550927329
35.24,0.0629829548159214,0.00925915734182226,0.0987454396511515
35.25,0.0675372728186201,0.00924811929284989,0.0986364242095703
35.26,0.0717913430227669,0.00923709440258306,0.0985274087679889
35.27,0.0757483101429698,0.00922608265533501,0.0984183933264077
35.28,0.0793826043436282,0.00921508403543762,0.0983093778848263
35.29,0.0826410300249414,0.00920409852724151,0.098200362443245
35.3,0.0854671509781252,0.00919312611511592,0.0980913470016638
35.31,0.0878225110138307,0.00918216678344871,0.0979823315600824
35.32,0.0896827487492695,0.00917122051664639,0.0978733161185011
35.33,0.0910260533939284,0.00916028729913405,0.0977643006769198
35.34,0.0918432546819491,0.00914936711535533,0.0976552852353386
35.35,0.0921518721920651,0.0091384599497724,0.0975462697937572
35.36,0.0919891585650963,0.00912756578686602,0.0974372543521759
35.37,0.0913999071798149,0.00911668461113539,0.0973282389105947
35.38,0.0904315170456659,0.0091058164070982,0.0972192234690133
35.39,0.0891166418191657,0.0090949611592906,0.097110208027432
35.4,0.0874532989669742,0.00908411885226719,0.0970011925858507
35.41,0.0854206307819819,0.00907328947060097,0.0968921771442695
35.42,0.0830152590537023,0.00906247299888333,0.0967831617026881
35.43,0.0802602837242888,0.00905166942172403,0.0966741462611068
35.44,0.0771847550737721,0.00904087872375118,0.0965651308195256
35.45,0.0738083089629664,0.00903010088961121,0.0964561153779442
35.46,0.0701399499249044,0.00901933590396885,0.0963470999363629
35.47,0.0661708292254897,0.00900858375150713,0.0962380844947816
35.48,0.0618669229835041,0.00899784441692734,0.0961290690532003
35.49,0.0571875904883493,0.00898711788494896,0.096020053611619
35.5,0.0521212617167584,0.00897640414030975,0.0959110381700377
35.51,0.0467042541577826,0.00896570316776563,0.0958020227284564
35.52,0.041001940237743,0.0089550149520907,0.0956930072868751
35.53,0.0350629598783217,0.00894433947807719,0.0955839918452938
35.54,0.0288979509549514,0.00893367673053551,0.0954749764037125
35.55,0.0225115589434741,0.00892302669429414,0.0953659609621312
35.56,0.0159398387604646,0.00891238935419964,0.0952569455205499
35.57,0.00925585420294642,0.00890176469511667,0.0951479300789686
35.58,0.00255752760571132,0.00889115270192789,0.0950389146373873
35.59,-0.00405643401323428,0.00888055335953402,0.094929899195806
35.6,-0.0105222040279077,0.00886996665285374,0.0948208837542246
35.61,-0.0168343920785701,0.00885939256682377,0.0947118683126434
35.62,-0.0230297017524129,0.00884883108639872,0.0946028528710621
35.63,-0.0291441860129842,0.00883828219655119,0.0944938374294808
35.64,-0.0351828028209688,0.00882774588227164,0.0943848219878995
35.65,-0.0411123857610996,0.00881722212856848,0.0942758065463182
35.66,-0.0468674655681906,0.00880671092046795,0.0941667911047369
35.67,-0.0523626659358096,0.00879621224301416,0.0940577756631555
35.68,-0.0575178700570833,0.00878572608126905,0.0939487602215743
35.69,-0.0622886406554295,0.00877525242031236,0.093839744779993
35.7,-0.0666708090620964,0.00876479124524162,0.0937307293384117
35.71,-0.0706821510648066,0.00875434254117212,0.0936217138968304
35.72,-0.0743534650210605,0.00874390629323691,0.0935126984552491
35.73,-0.0777176662091744,0.00873348248658675,0.0934036830136678
35.74,-0.0807742142706574,0.0087230711063901,0.0932946675720864
35.75,-0.083473868701763,0.00871267213783311,0.0931856521305052
35.76,-0.0857620085850504,0.00870228556611958,0.0930766366889239
35.77,-0.087621733828315,0.00869191137647098,0.0929676212473426
35.78,-0.0890646237608081,0.00868154955412633,0.0928586058057613
35.79,-0.0900999427761098,0.00867120008434233,0.09274959036418
35.8,-0.0907223212421634,0.00866086295239319,0.0926405749225987
35.81,-0.0909239752259851,0.00865053814357072,0.0925315594810173
35.82,-0.0907062997452948,0.00864022564318423,0.0924225440394361
35.83,-0.0900763232812161,0.00862992543656057,0.0923135285978548
35.84,-0.089048978068997,0.00861963750904405,0.0922045131562735
35.85,-0.0876504352904652,0.00860936184599648,0.0920954977146922
35.86,-0.0859025203611843,0.00859909843279712,0.0919864822731108
35.87,-0.083809957068527,0.00858884725484265,0.0918774668315296
35.88,-0.0813702994297533,0.00857860829754716,0.0917684513899483
35.89,-0.0785870448802122,0.00856838154634212,0.091659435948367
35.9,-0.0754668086673631,0.00855816698667638,0.0915504205067857
35.91,-0.0720087864686039,0.00854796460401614,0.0914414050652044
35.92,-0.0682010618606996,0.00853777438384491,0.0913323896236231
35.93,-0.0640302206620832,0.00852759631166351,0.0912233741820417
35.94,-0.0595068571888446,0.00851743037299007,0.0911143587404605
35.95,-0.0546798113167963,0.00850727655335994,0.0910053432988792
35.96,-0.0496107031372991,0.00849713483832574,0.0908963278572978
35.97,-0.0443460292431962,0.00848700521345733,0.0907873124157165
35.98,-0.0389170057513092,0.00847688766434173,0.0906782969741353
35.99,-0.03334092313303,0.00846678217658317,0.0905692815325539
36,-0.0276218047257219,0.00845668873580305,0.0904602660909726
36.01,-0.0217679845639267,0.00844660732763989,0.0903512506493914
36.02,-0.0158068819534844,0.00843653793774932,0.0902422352078101
36.03,-0.00977704880427188,0.00842648055180411,0.0901332197662287
36.04,-0.00372098070190918,0.00841643515549407,0.0900242043246474
36.05,0.00231117151755833,0.0084064017345261,0.0899151888830662
36.06,0.00826889585677492,0.00839638027462413,0.0898061734414848
36.07,0.0141144672224674,0.00838637076152909,0.0896971579999035
36.08,0.0198303416266167,0.00837637318099894,0.0895881425583223
36.09,0.0254189667554239,0.00836638751880859,0.0894791271167409
36.1,0.0308857659268614,0.00835641376074992,0.0893701116751596
36.11,0.0362224577127786,0.00834645189263175,0.0892610962335783
36.12,0.0414055630292495,0.00833650190027983,0.089152080791997
36.13,0.0463960748783965,0.00832656376953677,0.0890430653504158
36.14,0.0511419277329447,0.00831663748626209,0.0889340499088344
36.15,0.0555900673769191,0.00830672303633217,0.0888250344672531
36.16,0.0597050295908665,0.00829682040564019,0.0887160190256718
36.17,0.0634803150203135,0.00828692958009618,0.0886070035840905
36.18,0.0669236934370129,0.00827705054562697,0.0884979881425092
36.19,0.0700383244623241,0.00826718328817615,0.0883889727009279
36.2,0.0728228315674832,0.00825732779370407,0.0882799572593467
36.21,0.0752712725052125,0.00824748404818782,0.0881709418177653
36.22,0.0773731024992849,0.0082376520376212,0.088061926376184
36.23,0.0791177285469824,0.00822783174801472,0.0879529109346027
36.24,0.0804895773815282,0.00821802316539556,0.0878438954930214
36.25,0.0814692310834424,0.00820822627580756,0.0877348800514401
36.26,0.0820458549070618,0.00819844106531121,0.0876258646098588
36.27,0.0822188102898521,0.00818866751998357,0.0875168491682776
36.28,0.0819954258529197,0.00817890562591835,0.0874078337266962
36.29,0.0813934191112956,0.00816915536922581,0.0872988182851149
36.3,0.0804369134859424,0.0081594167360328,0.0871898028435336
36.31,0.0791449618369689,0.00814968971248266,0.0870807874019523
36.32,0.0775196749784257,0.00813997428473528,0.086971771960371
36.33,0.0755497897128507,0.00813027043896707,0.0868627565187897
36.34,0.0732335924027954,0.00812057816137085,0.0867537410772085
36.35,0.0705939774541238,0.00811089743815597,0.0866447256356271
36.36,0.0676664025420659,0.00810122825554819,0.0865357101940458
36.37,0.0644753151501279,0.00809157059978969,0.0864266947524645
36.38,0.0610225256193686,0.00808192445713906,0.0863176793108832
36.39,0.0572862365950174,0.00807228981387125,0.0862086638693019
36.4,0.0532327299670947,0.00806266665627761,0.0860996484277206
36.41,0.0488480943714099,0.00805305497066579,0.0859906329861393
36.42,0.0441535583266106,0.0080434547433598,0.085881617544558
36.43,0.0391818401588597,0.00803386596069993,0.0857726021029767
36.44,0.0339578132393119,0.00802428860904277,0.0856635866613954
36.45,0.0285070046570644,0.00801472267476114,0.0855545712198141
36.46,0.0228627041606227,0.00800516814424416,0.0854455557782328
36.47,0.0170571129060034,0.00799562500389713,0.0853365403366515
36.48,0.0111154619893461,0.00798609324014158,0.0852275248950702
36.49,0.00507200330429067,0.00797657283941521,0.0851185094534889
36.5,-0.00100907754814342,0.0079670637881719,0.0850094940119075
36.51,-0.0070485927082584,0.0079575660728817,0.0849004785703263
36.52,-0.0129861264617677,0.00794807968003074,0.084791463128745
36.53,-0.0187783665191892,0.0079386045961213,0.0846824476871637
36.54,-0.0243850683075695,0.00792914080767173,0.0845734322455824
36.55,-0.0297921792530833,0.00791968830121646,0.0844644168040011
36.56,-0.0350322521320893,0.00791024706330597,0.0843554013624198
36.57,-0.0401500928445963,0.00790081708050679,0.0842463859208384
36.58,-0.0451523419120366,0.00789139833940143,0.0841373704792572
36.59,-0.0499919538527333,0.00788199082658843,0.0840283550376759
36.6,-0.0545876519629754,0.00787259452868227,0.0839193395960945
36.61,-0.0588641995041793,0.00786320943231344,0.0838103241545133
36.62,-0.0627821421385223,0.00785383552412831,0.083701308712932
36.63,-0.0663339941042868,0.00784447279078921,0.0835922932713507
36.64,-0.069526474441882,0.00783512121897434,0.0834832778297693
36.65,-0.0723729476758887,0.00782578079537781,0.0833742623881881
36.66,-0.074895865447084,0.00781645150670959,0.0832652469466068
36.67,-0.0771151780862227,0.00780713333969544,0.0831562315050254
36.68,-0.0790236557003103,0.00779782628107704,0.0830472160634442
36.69,-0.0805862628954397,0.00778853031761179,0.0829382006218629
36.7,-0.0817599236652721,0.00777924543607292,0.0828291851802816
36.71,-0.0825061181811996,0.00776997162324941,0.0827201697387002
36.72,-0.082798857757479,0.007760708865946,0.082611154297119
36.73,-0.0826283359786744,0.00775145715098316,0.0825021388555377
36.74,-0.0820040217435218,0.00774221646519706,0.0823931234139563
36.75,-0.0809682302761058,0.00773298679543958,0.0822841079723751
36.76,-0.079593932703086,0.00772376812857826,0.0821750925307937
36.77,-0.0779493005012299,0.00771456045149631,0.0820660770892125
36.78,-0.0760628311366003,0.00770536375109255,0.0819570616476311
36.79,-0.0739190277250133,0.00769617801428146,0.0818480462060499
36.8,-0.0714807164321722,0.00768700322799308,0.0817390307644686
36.81,-0.0687152807627691,0.00767783937917304,0.0816300153228872
36.82,-0.0656097355949767,0.00766868645478255,0.0815209998813059
36.83,-0.0621721916480349,0.00765954444179836,0.0814119844397246
36.84,-0.0584205587033586,0.00765041332721272,0.0813029689981434
36.85,-0.0543750597937484,0.00764129309803341,0.081193953556562
36.86,-0.0500661325457703,0.0076321837412837,0.0810849381149807
36.87,-0.0455393013326353,0.00762308524400232,0.0809759226733994
36.88,-0.0408421872294054,0.00761399759324346,0.0808669072318182
36.89,-0.0360097891285301,0.00760492077607672,0.0807578917902368
36.9,-0.031061991220942,0.00759585477958715,0.0806488763486555
36.91,-0.02600886716522,0.00758679959087517,0.0805398609070743
36.92,-0.020862220660889,0.00757775519705658,0.0804308454654929
36.93,-0.0156418012980366,0.00756872158526257,0.0803218300239116
36.94,-0.0103667919406379,0.00755969874263962,0.0802128145823303
36.95,-0.00505033050572902,0.00755068665634957,0.0801037991407491
36.96,0.000291515314416384,0.00754168531356955,0.0799947836991677
36.97,0.0056280048443008,0.00753269470149199,0.0798857682575864
36.98,0.0109132887033664,0.00752371480732458,0.0797767528160052
36.99,0.0160952382906723,0.00751474561829024,0.0796677373744238
37,0.0211217593194131,0.00750578712162717,0.0795587219328425
37.01,0.0259521656065632,0.00749683930458874,0.0794497064912612
37.02,0.0305789189388711,0.00748790215444352,0.0793406910496799
37.03,0.035026221101095,0.00747897565847527,0.0792316756080986
37.04,0.0393155645265926,0.00747005980398293,0.0791226601665173
37.05,0.0434438009198244,0.00746115457828054,0.079013644724936
37.06,0.0473876488947975,0.00745225996869726,0.0789046292833547
37.07,0.0511116813553149,0.00744337596257743,0.0787956138417734
37.08,0.0545811279877367,0.00743450254728038,0.0786865984001921
37.09,0.0577815024514495,0.00742563971018057,0.0785775829586108
37.1,0.0607237609259585,0.00741678743866748,0.0784685675170295
37.11,0.0634211665360632,0.00740794572014566,0.0783595520754482
37.12,0.0658651088752992,0.00739911454203463,0.0782505366338669
37.13,0.0680332828094182,0.00739029389176895,0.0781415211922856
37.14,0.0699075183658318,0.00738148375679811,0.0780325057507043
37.15,0.0714687033839441,0.00737268412458663,0.077923490309123
37.16,0.0726827896953681,0.00736389498261391,0.0778144748675417
37.17,0.0735068973540351,0.0073551163183743,0.0777054594259604
37.18,0.073915570070536,0.00734634811937708,0.0775964439843791
37.19,0.0739157563403694,0.00733759037314638,0.0774874285427978
37.2,0.0735371102546827,0.00732884306722124,0.0773784131012165
37.21,0.0728142093704717,0.00732010618915551,0.0772693976596351
37.22,0.0717759948189981,0.00731137972651794,0.0771603822180539
37.23,0.0704487765984421,0.00730266366689204,0.0770513667764726
37.24,0.0688623249497791,0.00729395799787614,0.0769423513348912
37.25,0.0670402727016877,0.0072852627070834,0.07683333589331
37.26,0.0649772853786753,0.00727657778214167,0.0767243204517287
37.27,0.062631452888178,0.0072679032106936,0.0766153050101474
37.28,0.0599492781866482,0.00725923898039655,0.076506289568566
37.29,0.0569043711388632,0.00725058507892262,0.0763972741269848
37.3,0.0535145408716607,0.00724194149395858,0.0762882586854035
37.31,0.0498196865071426,0.00723330821320587,0.0761792432438221
37.32,0.0458514111817757,0.00722468522438064,0.0760702278022409
37.33,0.0416303198980102,0.00721607251521363,0.0759612123606596
37.34,0.0371742568709453,0.00720747007345024,0.0758521969190783
37.35,0.0324969351134581,0.00719887788685045,0.0757431814774969
37.36,0.0276062344504864,0.00719029594318888,0.0756341660359157
37.37,0.0225117416521942,0.00718172423025467,0.0755251505943344
37.38,0.017240726113621,0.00717316273585156,0.0754161351527531
37.39,0.0118445916217673,0.00716461144779777,0.0753071197111718
37.4,0.00638113587043885,0.00715607035392614,0.0751981042695904
37.41,0.000901065490306573,0.00714753944208391,0.0750890888280092
37.42,-0.00453965413984541,0.00713901870013287,0.0749800733864278
37.43,-0.0098769450044957,0.00713050811594928,0.0748710579448466
37.44,-0.0150638818605342,0.00712200767742381,0.0747620425032653
37.45,-0.0200878748307704,0.00711351737246162,0.074653027061684
37.46,-0.0249573091679706,0.00710503718898224,0.0745440116201027
37.47,-0.0296840903735917,0.00709656711491964,0.0744349961785213
37.48,-0.0342851395647378,0.00708810713822215,0.0743259807369401
37.49,-0.0387789418523446,0.00707965724685247,0.0742169652953587
37.5,-0.0431614458377766,0.00707121742878767,0.0741079498537774
37.51,-0.0473922612631749,0.00706278767201912,0.0739989344121962
37.52,-0.0514086558021785,0.00705436796455254,0.0738899189706149
37.53,-0.0551466416520622,0.00704595829440792,0.0737809035290335
37.54,-0.0585476511611507,0.00703755864961955,0.0736718880874522
37.55,-0.0615633718991114,0.00702916901823597,0.073562872645871
37.56,-0.0641793713783154,0.00702078938831998,0.0734538572042896
37.57,-0.066422367426297,0.0070124197479486,0.0733448417627083
37.58,-0.068328870551221,0.0070040600852131,0.0732358263211271
37.59,-0.0699246620991173,0.00699571038821888,0.0731268108795458
37.6,-0.0712300335227969,0.00698737064508556,0.0730177954379644
37.61,-0.0722574278914017,0.00697904084394694,0.0729087799963831
37.62,-0.0730043460928041,0.00697072097295094,0.0727997645548019
37.63,-0.0734597373374039,0.0069624110202596,0.0726907491132206
37.64,-0.0736175472569303,0.0069541109740491,0.0725817336716392
37.65,-0.0734809770031435,0.0069458208225097,0.0724727182300579
37.66,-0.0730472608959313,0.00693754055384574,0.0723637027884766
37.67,-0.0722941963113192,0.00692927015627561,0.0722546873468953
37.68,-0.0711921047884736,0.00692100961803178,0.072145671905314
37.69,-0.0697193262778786,0.00691275892736072,0.0720366564637328
37.7,-0.0678702079128156,0.00690451807252291,0.0719276410221514
37.71,-0.0656630888841423,0.00689628704179283,0.0718186255805701
37.72,-0.06313165368468,0.00688806582345895,0.0717096101389888
37.73,-0.060304961857395,0.00687985440582369,0.0716005946974075
37.74,-0.0572017203126595,0.00687165277720342,0.0714915792558262
37.75,-0.0538390774092661,0.00686346092592843,0.0713825638142449
37.76,-0.0502417821933122,0.00685527884034294,0.0712735483726636
37.77,-0.0464439259632477,0.00684710650880504,0.0711645329310823
37.78,-0.0424856780624767,0.00683894391968671,0.071055517489501
37.79,-0.0384069542819717,0.0068307910613738,0.0709465020479197
37.8,-0.0342375487937978,0.00682264792226599,0.0708374866063384
37.81,-0.0299854933500754,0.00681451449077682,0.0707284711647571
37.82,-0.0256345409587511,0.00680639075533359,0.0706194557231758
37.83,-0.0211649549271727,0.00679827670437746,0.0705104402815945
37.84,-0.0165770800996282,0.0067901723263633,0.0704014248400132
37.85,-0.0118868542275736,0.0067820776097598,0.0702924093984319
37.86,-0.00710804083707909,0.00677399254304937,0.0701833939568506
37.87,-0.00224999491368091,0.00676591711472817,0.0700743785152693
37.88,0.00266363564846731,0.00675785131330604,0.0699653630736881
37.89,0.00757958911283204,0.00674979512730654,0.0698563476321067
37.9,0.0124303311345176,0.00674174854526693,0.0697473321905254
37.91,0.0171581005936704,0.00673371155573809,0.0696383167489441
37.92,0.0217180179394618,0.00672568414728458,0.0695293013073628
37.93,0.0260746116779275,0.0067176663084846,0.0694202858657815
37.94,0.0302117331451014,0.00670965802792994,0.0693112704242002
37.95,0.0341433223330058,0.00670165929422599,0.0692022549826189
37.96,0.0379006560888422,0.00669367009599175,0.0690932395410376
37.97,0.0415081120121187,0.00668569042185977,0.0689842240994563
37.98,0.0449754213156703,0.00667772026047615,0.068875208657875
37.99,0.0482966197213458,0.00666975960050054,0.0687661932162937
38,0.0514341306073277,0.00666180843060609,0.0686571777747124
38.01,0.0543098727022621,0.00665386673947946,0.0685481623331311
38.02,0.0568356014573332,0.00664593451582081,0.0684391468915498
38.03,0.0589575399559364,0.00663801174834374,0.0683301314499685
38.04,0.0606759143487449,0.00663009842577534,0.0682211160083872
38.05,0.0620361622516603,0.00662219453685612,0.0681121005668059
38.06,0.0630962884627323,0.00661430007034001,0.0680030851252245
38.07,0.0638934662470312,0.00660641501499435,0.0678940696836433
38.08,0.064438416984187,0.00659853935959989,0.067785054242062
38.09,0.0647226320534685,0.00659067309295072,0.0676760388004807
38.1,0.0647290733212245,0.00658281620385431,0.0675670233588994
38.11,0.0644549422452594,0.00657496868113147,0.067458007917318
38.12,0.063919702142039,0.00656713051361635,0.0673489924757368
38.13,0.0631436198074615,0.00655930169015637,0.0672399770341555
38.14,0.0621318000122573,0.00655148219961229,0.0671309615925741
38.15,0.0608775122508193,0.00654367203085813,0.0670219461509929
38.16,0.0593613199527008,0.00653587117278118,0.0669129307094116
38.17,0.0575506939562877,0.00652807961428196,0.0668039152678302
38.18,0.0554203048325662,0.00652029734427424,0.0666948998262489
38.19,0.0529757082014686,0.00651252435168501,0.0665858843846677
38.2,0.0502541499123918,0.00650476062545444,0.0664768689430864
38.21,0.0473041714128629,0.0064970061545359,0.066367853501505
38.22,0.0441609781478083,0.00648926092789593,0.0662588380599238
38.23,0.0408401769703528,0.00648152493451421,0.0661498226183425
38.24,0.0373518476050917,0.00647379816338357,0.0660408071767611
38.25,0.0336998951339942,0.00646608060350996,0.0659317917351798
38.26,0.0298660080570568,0.00645837224391243,0.0658227762935986
38.27,0.0258203636205198,0.00645067307362313,0.0657137608520173
38.28,0.0215495134260183,0.00644298308168728,0.0656047454104359
38.29,0.0170648776995176,0.00643530225716315,0.0654957299688547
38.3,0.0123987637732119,0.00642763058912207,0.0653867145272733
38.31,0.00760399863041337,0.00641996806664839,0.065277699085692
38.32,0.00275285862065586,0.00641231467883947,0.0651686836441107
38.33,-0.00208088106501159,0.00640467041480568,0.0650596682025295
38.34,-0.00685069558394641,0.00639703526367036,0.0649506527609482
38.35,-0.0115412069624092,0.00638940921456982,0.0648416373193668
38.36,-0.0161440356667015,0.00638179225665331,0.0647326218777856
38.37,-0.0206368075709794,0.00637418437908305,0.0646236064362042
38.38,-0.0249833658850319,0.00636658557103412,0.064514590994623
38.39,-0.0291546369266874,0.00635899582169457,0.0644055755530416
38.4,-0.0331510023503861,0.0063514151202653,0.0642965601114603
38.41,-0.0369981165537692,0.0063438434559601,0.0641875446698791
38.42,-0.0407183804648521,0.0063362808180056,0.0640785292282977
38.43,-0.0443023970802369,0.00632872719564128,0.0639695137867164
38.44,-0.047696588661998,0.00632118257811948,0.0638604983451351
38.45,-0.0508268903750162,0.0063136469547053,0.0637514829035539
38.46,-0.0536488525576434,0.00630612031467668,0.0636424674619725
38.47,-0.0561668527962148,0.0062986026473243,0.0635334520203912
38.48,-0.0584039018128822,0.00629109394195167,0.0634244365788099
38.49,-0.0603709205629141,0.00628359418787497,0.0633154211372286
38.5,-0.0620642586611424,0.00627610337442319,0.0632064056956473
38.51,-0.0634719484086157,0.006268621490938,0.063097390254066
38.52,-0.0645761736354512,0.00626114852677379,0.0629883748124848
38.53,-0.0653568821442928,0.00625368447129763,0.0628793593709034
38.54,-0.0657976501924279,0.00624622931388928,0.0627703439293221
38.55,-0.0658907986281844,0.00623878304394116,0.0626613284877408
38.56,-0.0656427206623038,0.00623134565085831,0.0625523130461595
38.57,-0.0650734899932311,0.00622391712405844,0.0624432976045782
38.58,-0.0641998560395183,0.00621649745297184,0.0623342821629969
38.59,-0.0630238463491527,0.00620908662704144,0.0622252667214157
38.6,-0.0615492323053407,0.00620168463572269,0.0621162512798343
38.61,-0.0597937552085193,0.00619429146848369,0.062007235838253
38.62,-0.0577755000276074,0.00618690711480505,0.0618982203966717
38.63,-0.0555019599272261,0.00617953156417991,0.0617892049550904
38.64,-0.0529776607176225,0.00617216480611396,0.0616801895135091
38.65,-0.0502149126503456,0.00616480683012539,0.0615711740719278
38.66,-0.0472365398387648,0.00615745762574491,0.0614621586303465
38.67,-0.0440780118728041,0.00615011718251566,0.0613531431887652
38.68,-0.0407894164617426,0.0061427854899933,0.0612441277471839
38.69,-0.037418006411977,0.0061354625377459,0.0611351123056026
38.7,-0.0339768286711292,0.00612814831535399,0.0610260968640213
38.71,-0.0304391066268835,0.0061208428124105,0.06091708142244
38.72,-0.0267702238521506,0.0061135460185208,0.0608080659808587
38.73,-0.0229603849126306,0.00610625792330263,0.0606990505392774
38.74,-0.0190257338722646,0.00609897851638609,0.0605900350976961
38.75,-0.014991126976781,0.00609170778741368,0.0604810196561148
38.76,-0.0108770593549388,0.00608444572604021,0.0603720042145335
38.77,-0.00669157022903991,0.00607719232193287,0.0602629887729522
38.78,-0.00243435923319785,0.0060699475647711,0.0601539733313708
38.79,0.0018833995729315,0.00606271144424672,0.0600449578897896
38.8,0.00622304663351986,0.00605548395006378,0.0599359424482083
38.81,0.0105222065115313,0.00604826507193862,0.059826927006627
38.82,0.0147146057546293,0.00604105479959987,0.0597179115650457
38.83,0.0187444574562506,0.00603385312278835,0.0596088961234644
38.84,0.022562760264462,0.00602666003125716,0.0594998806818831
38.85,0.0261262450182074,0.00601947551477158,0.0593908652403017
38.86,0.0294149550706674,0.00601229956310912,0.0592818497987205
38.87,0.0324478262275687,0.00600513216605945,0.0591728343571392
38.88,0.0352740874496119,0.00599797331342444,0.0590638189155579
38.89,0.0379499331774292,0.00599082299501808,0.0589548034739765
38.9,0.0405208876854826,0.00598368120066654,0.0588457880323953
38.91,0.0430044885398903,0.00597654792020811,0.058736772590814
38.92,0.0453812009501796,0.00596942314349316,0.0586277571492326
38.93,0.0476198702085606,0.00596230686038422,0.0585187417076514
38.94,0.0496984197080273,0.00595519906075585,0.0584097262660701
38.95,0.0515835639489976,0.00594809973449471,0.0583007108244888
38.96,0.0532199025137326,0.0059410088714995,0.0581916953829074
38.97,0.0545540982461187,0.00593392646168098,0.0580826799413262
38.98,0.0555552815353759,0.00592685249496193,0.0579736644997449
38.99,0.056213738761383,0.00591978696127713,0.0578646490581635
39,0.0565347173969806,0.0059127298505734,0.0577556336165823
39.01,0.0565386989160616,0.00590568115280948,0.0576466181750009
39.02,0.0562635810816436,0.00589864085795614,0.0575376027334197
39.03,0.0557589047017291,0.00589160895599607,0.0574285872918383
39.04,0.0550634223702392,0.00588458543692392,0.057319571850257
39.05,0.0541842841410934,0.00587757029074625,0.0572105564086758
39.06,0.0531051773710955,0.00587056350748156,0.0571015409670944
39.07,0.0518017155580432,0.00586356507716023,0.0569925255255131
39.08,0.0502458373215282,0.00585657498982452,0.0568835100839318
39.09,0.0484216799954371,0.00584959323552858,0.0567744946423506
39.1,0.0463438569612263,0.0058426198043384,0.0566654792007692
39.11,0.0440493045410567,0.00583565468633183,0.0565564637591879
39.12,0.0415724331236392,0.00582869787159852,0.0564474483176067
39.13,0.0389332780079978,0.00582174935023997,0.0563384328760254
39.14,0.0361429562789903,0.00581480911236944,0.056229417434444
39.15,0.0332018324798921,0.00580787714811203,0.0561204019928627
39.16,0.0300938725705331,0.00580095344760455,0.0560113865512815
39.17,0.0267982847480966,0.00579403800099561,0.0559023711097001
39.18,0.0233003187350248,0.00578713079844556,0.0557933556681188
39.19,0.0195918250168301,0.00578023183012646,0.0556843402265376
39.2,0.0156772257523999,0.00577334108622211,0.0555753247849562
39.21,0.0115789763772464,0.00576645855692798,0.0554663093433749
39.22,0.0073378369961036,0.00575958423245129,0.0553572939017936
39.23,0.00301266799283584,0.00575271810301085,0.0552482784602124
39.24,-0.00132725073859815,0.0057458601588372,0.055139263018631
39.25,-0.00561700054170864,0.00573901039017248,0.0550302475770497
39.26,-0.00980335407374069,0.00573216878727051,0.0549212321354685
39.27,-0.0138426170541058,0.00572533534039668,0.0548122166938871
39.28,-0.0177052985764294,0.005718510039828,0.0547032012523058
39.29,-0.0213841949458064,0.0057116928758531,0.0545941858107245
39.3,-0.0248846277825745,0.00570488383877215,0.0544851703691432
39.31,-0.0282102300842211,0.0056980829188969,0.0543761549275619
39.32,-0.0313716107283235,0.00569129010655064,0.0542671394859806
39.33,-0.0343985104187659,0.00568450539206823,0.0541581240443993
39.34,-0.037327086896934,0.00567772876579599,0.054049108602818
39.35,-0.0401816388558146,0.00567096021809179,0.0539400931612367
39.36,-0.042965640558871,0.00566419973932502,0.0538310777196554
39.37,-0.0456502510332293,0.00565744731987648,0.0537220622780741
39.38,-0.048175104933938,0.0056507029501385,0.0536130468364928
39.39,-0.0504717258335106,0.00564396662051482,0.0535040313949115
39.4,-0.0524815382408712,0.00563723832142067,0.0533950159533302
39.41,-0.0541600387248937,0.00563051804328264,0.0532860005117489
39.42,-0.0554794085312097,0.00562380577653879,0.0531769850701675
39.43,-0.0564262799065056,0.00561710151163855,0.0530679696285863
39.44,-0.057002937976321,0.00561040523904275,0.052958954187005
39.45,-0.0572349349147762,0.00560371694922358,0.0528499387454237
39.46,-0.0571637662506139,0.00559703663266459,0.0527409233038424
39.47,-0.0568335579301956,0.00559036427986069,0.0526319078622611
39.48,-0.0562860947708928,0.00558369988131809,0.0525228924206798
39.49,-0.0555487503560846,0.00557704342755435,0.0524138769790984
39.5,-0.0546212146069558,0.00557039490909832,0.0523048615375172
39.51,-0.0534784188222049,0.00556375431649014,0.0521958460959359
39.52,-0.0520853927240682,0.00555712164028123,0.0520868306543546
39.53,-0.0504169034703644,0.00555049687103427,0.0519778152127733
39.54,-0.0484773394197109,0.0055438799993232,0.051868799771192
39.55,-0.0463051546167753,0.00553727101573318,0.0517597843296107
39.56,-0.0439509521342038,0.00553066991086061,0.0516507688880293
39.57,-0.041456602335558,0.0055240766753131,0.0515417534464481
39.58,-0.038857729494636,0.00551749129970944,0.0514327380048668
39.59,-0.0361835606227274,0.00551091377467963,0.0513237225632855
39.6,-0.0334412111314596,0.00550434409086481,0.0512147071217042
39.61,-0.03060804184322,0.0054977822389173,0.0511056916801229
39.62,-0.027644416316406,0.00549122820950055,0.0509966762385416
39.63,-0.0245217057616851,0.00548468199328915,0.0508876607969603
39.64,-0.0212422022621093,0.0054781435809688,0.050778645355379
39.65,-0.0178292118506273,0.00547161296323631,0.0506696299137977
39.66,-0.0143126257425383,0.00546509013079957,0.0505606144722164
39.67,-0.0107255983208264,0.00545857507437757,0.050451599030635
39.68,-0.00709363468226015,0.00545206778470033,0.0503425835890537
39.69,-0.00342881993703777,0.00544556825250895,0.0502335681474725
39.7,0.000259818781596397,0.00543907646855556,0.0501245527058912
39.71,0.00395566286169302,0.0054325924236033,0.0500155372643099
39.72,0.00762455895236359,0.00542611610842634,0.0499065218227285
39.73,0.0112154480312937,0.00541964751380985,0.0497975063811473
39.74,0.014686466627347,0.00541318663054996,0.0496884909395659
39.75,0.0180256662997121,0.0054067334494538,0.0495794754979846
39.76,0.0212308614547218,0.00540028796133945,0.0494704600564034
39.77,0.0242773372297263,0.00539385015703593,0.0493614446148221
39.78,0.027127007538417,0.00538742002738319,0.0492524291732407
39.79,0.0297657675128079,0.00538099756323211,0.0491434137316594
39.8,0.032213877582822,0.00537458275544449,0.0490343982900782
39.81,0.034507903430551,0.00536817559489299,0.0489253828484968
39.82,0.0366806411651764,0.00536177607246117,0.0488163674069155
39.83,0.0387413767247548,0.00535538417904346,0.0487073519653343
39.84,0.0406674492713845,0.00534899990554514,0.0485983365237529
39.85,0.0424214175816094,0.00534262324288234,0.0484893210821716
39.86,0.0439759685587825,0.005336254181982,0.0483803056405903
39.87,0.0453210909474629,0.0053298927137819,0.0482712901990091
39.88,0.0464509712468957,0.0053235388292306,0.0481622747574278
39.89,0.0473485012652786,0.00531719251928748,0.0480532593158464
39.9,0.0479892644792468,0.00531085377492266,0.0479442438742652
39.91,0.0483597691664697,0.00530452258711705,0.0478352284326838
39.92,0.0484658735543413,0.00529819894686232,0.0477262129911025
39.93,0.0483257669105217,0.00529188284516085,0.0476171975495212
39.94,0.0479619938158752,0.00528557427302578,0.0475081821079399
39.95,0.0473999097415437,0.00527927322148092,0.0473991666663587
39.96,0.0466585035151033,0.00527297968156082,0.0472901512247773
39.97,0.0457405202533872,0.0052666936443107,0.047181135783196
39.98,0.0446418403653676,0.00526041510078646,0.0470721203416147
39.99,0.0433607643648295,0.00525414404205466,0.0469631049000334
40,0.0418946102764282,0.00524788045919252,0.0468540894584521
40.01,0.0402406017789401,0.00524162434328789,0.0467450740168708
40.02,0.0384012020254885,0.00523537568543922,0.0466360585752896
40.03,0.0363792508595304,0.00522913447675562,0.0465270431337082
40.04,0.0341670889008639,0.00522290070835675,0.0464180276921269
40.05,0.0317507767463525,0.00521667437137291,0.0463090122505456
40.06,0.0291297935206698,0.0052104554569449,0.0461999968089643
40.07,0.0263294767517272,0.00520424395622417,0.046090981367383
40.08,0.0233848806340709,0.00519803986037265,0.0459819659258017
40.09,0.0203074142542574,0.00519184316056283,0.0458729504842205
40.1,0.0170790301197462,0.00518565384797773,0.0457639350426391
40.11,0.0136796527773134,0.00517947191381087,0.0456549196010578
40.12,0.01011047646733,0.00517329734926628,0.0455459041594765
40.13,0.00640115820616283,0.00516713014555845,0.0454368887178953
40.14,0.00261103879316121,0.00516097029391237,0.0453278732763139
40.15,-0.00117979664574709,0.00515481778556349,0.0452188578347326
40.16,-0.00489760321281883,0.0051486726117577,0.0451098423931513
40.17,-0.00850597741185775,0.00514253476375131,0.04500082695157
40.18,-0.0120092292241466,0.00513640423281108,0.0448918115099887
40.19,-0.0154221573806266,0.00513028101021419,0.0447827960684074
40.2,-0.0187425539479242,0.00512416508724818,0.0446737806268261
40.21,-0.0219431081539478,0.00511805645521099,0.0445647651852448
40.22,-0.0249747712381071,0.00511195510541096,0.0444557497436635
40.23,-0.0277938208704109,0.00510586102916677,0.0443467343020822
40.24,-0.0303941557383929,0.00509977421780743,0.0442377188605009
40.25,-0.0327985941999677,0.00509369466267233,0.0441287034189196
40.26,-0.0350266433310359,0.00508762235511115,0.0440196879773383
40.27,-0.0370926880491065,0.0050815572864839,0.043910672535757
40.28,-0.0390270339313564,0.00507549944816088,0.0438016570941757
40.29,-0.040872036949883,0.00506944883152269,0.0436926416525944
40.3,-0.0426555415885522,0.00506340542796019,0.0435836262110131
40.31,-0.0443710068996669,0.00505736922887452,0.0434746107694318
40.32,-0.0459714520321025,0.00505134022567705,0.0433655953278504
40.33,-0.0473799765142376,0.00504531840978941,0.0432565798862692
40.34,-0.048511372450812,0.00503930377264345,0.0431475644446879
40.35,-0.049298940450543,0.00503329630568121,0.0430385490031066
40.36,-0.0497168304487545,0.00502729600035498,0.0429295335615253
40.37,-0.0497724522249633,0.0050213028481272,0.042820518119944
40.38,-0.049483565073038,0.0050153168404705,0.0427115026783627
40.39,-0.0488800905980619,0.00500933796886768,0.0426024872367813
40.4,-0.0480105208041976,0.00500336622481168,0.0424934717952001
40.41,-0.0469213283296537,0.00499740159980561,0.0423844563536188
40.42,-0.0456423124980952,0.00499144408536268,0.0422754409120374
40.43,-0.0441981921648003,0.00498549367300623,0.0421664254704562
40.44,-0.0426167740346388,0.0049795503542697,0.0420574100288749
40.45,-0.0409254237848027,0.00497361412069664,0.0419483945872936
40.46,-0.0391445011562118,0.00496768496384065,0.0418393791457122
40.47,-0.0372781844643457,0.00496176287526543,0.041730363704131
40.48,-0.0353162424218383,0.00495584784654472,0.0416213482625497
40.49,-0.0332484954910357,0.0049499398692623,0.0415123328209683
40.5,-0.031067060473049,0.00494403893501201,0.0414033173793871
40.51,-0.0287549125688933,0.00493814503539768,0.0412943019378058
40.52,-0.0262910063616226,0.00493225816203317,0.0411852864962245
40.53,-0.0236792356558112,0.00492637830654232,0.0410762710546431
40.54,-0.0209619228373751,0.00492050546055898,0.0409672556130619
40.55,-0.0181940800031197,0.00491463961572695,0.0408582401714806
40.56,-0.0154098880897873,0.0049087807637,0.0407492247298992
40.57,-0.0126080453864264,0.00490292889614186,0.0406402092883179
40.58,-0.00975621896540479,0.00489708400472617,0.0405311938467366
40.59,-0.00681244222268926,0.00489124608113654,0.0404221784051554
40.6,-0.00375449217091788,0.00488541511706644,0.040313162963574
40.61,-0.000596113853999381,0.00487959110421929,0.0402041475219928
40.62,0.00262358102244082,0.00487377403430838,0.0400951320804114
40.63,0.0058571975185372,0.00486796389905687,0.0399861166388302
40.64,0.00905799674588324,0.0048621606901978,0.0398771011972488
40.65,0.0121878485887754,0.00485636439947407,0.0397680857556675
40.66,0.0152146014764062,0.00485057501863842,0.0396590703140863
40.67,0.0181016001700527,0.0048447925394534,0.0395500548725049
40.68,0.020808683114891,0.00483901695369141,0.0394410394309236
40.69,0.0233008841220421,0.00483324825313464,0.0393320239893423
40.7,0.0255589463652554,0.00482748642957509,0.0392230085477611
40.71,0.0275874270783058,0.00482173147481452,0.0391139931061797
40.72,0.0294109814419092,0.0048159833806645,0.0390049776645984
40.73,0.0310670101307912,0.00481024213894634,0.0388959622230172
40.74,0.0325932180570243,0.00480450774149109,0.0387869467814358
40.75,0.0340079255800032,0.00479878018013957,0.0386779313398545
40.76,0.0353063173180129,0.00479305944674229,0.0385689158982732
40.77,0.036473582855686,0.0047873455331595,0.038459900456692
40.78,0.0374959923136421,0.00478163843126114,0.0383508850151106
40.79,0.0383579917450469,0.00477593813292686,0.0382418695735293
40.8,0.0390326479970175,0.00477024463004597,0.0381328541319481
40.81,0.0394898718783857,0.00476455791451746,0.0380238386903667
40.82,0.0397156283234358,0.00475887797824998,0.0379148232487854
40.83,0.0397205305525581,0.00475320481316181,0.0378058078072041
40.84,0.0395384924327052,0.00474753841118089,0.0376967923656228
40.85,0.0392168437265052,0.00474187876424475,0.0375877769240415
40.86,0.0387959024082387,0.00473622586430056,0.0374787614824602
40.87,0.0382942698802196,0.00473057970330509,0.0373697460408789
40.88,0.0377143094324008,0.00472494027322467,0.0372607305992976
40.89,0.037045402074817,0.00471930756603523,0.0371517151577163
40.9,0.0362605177411681,0.00471368157372228,0.037042699716135
40.91,0.035329976960038,0.00470806228828083,0.0369336842745537
40.92,0.0342328696462205,0.00470244970171549,0.0368246688329724
40.93,0.0329468621982613,0.00469684380604039,0.0367156533913911
40.94,0.0314412146499658,0.00469124459327915,0.0366066379498098
40.95,0.0296873528738338,0.00468565205546493,0.0364976225082285
40.96,0.0276762010980751,0.00468006618464036,0.0363886070666471
40.97,0.0254269103523912,0.0046744869728576,0.0362795916250659
40.98,0.0229768448604959,0.00466891441217823,0.0361705761834846
40.99,0.0203581256232023,0.00466334849467333,0.0360615607419033
41,0.0175840703389192,0.00465778921242343,0.035952545300322
41.01,0.0146584250532877,0.00465223655751848,0.0358435298587407
41.02,0.0115894032297556,0.00464669052205789,0.0357345144171594
41.03,0.00839941554693251,0.00464115109815046,0.035625498975578
41.04,0.00513586346089598,0.00463561827791442,0.0355164835339968
41.05,0.00187060711870371,0.00463009205347737,0.0354074680924155
41.06,-0.00132143427533646,0.00462457241697632,0.0352984526508341
41.07,-0.00438994850581243,0.00461905936055764,0.0351894372092529
41.08,-0.00732646369973854,0.00461355287637708,0.0350804217676716
41.09,-0.0101614787306943,0.0046080529565997,0.0349714063260903
41.1,-0.0129379908821852,0.00460255959339995,0.0348623908845089
41.11,-0.0156853396373647,0.00459707277896159,0.0347533754429277
41.12,-0.0184101306900913,0.00459159250547768,0.0346443600013464
41.13,-0.0210920588799763,0.00458611876515061,0.0345353445597651
41.14,-0.0236885029819011,0.00458065155019204,0.0344263291181838
41.15,-0.0261491391056021,0.00457519085282297,0.0343173136766025
41.16,-0.0284283678268048,0.0045697366652736,0.0342082982350212
41.17,-0.0304944233255466,0.00456428897978344,0.0340992827934398
41.18,-0.0323338205716179,0.00455884778860124,0.0339902673518586
41.19,-0.0339490002203147,0.00455341308398499,0.0338812519102773
41.2,-0.0353522792091575,0.00454798485820191,0.033772236468696
41.21,-0.0365645188379173,0.00454256310352844,0.0336632210271147
41.22,-0.0376114251746637,0.00453714781225022,0.0335542055855333
41.23,-0.0385057013563729,0.00453173897666209,0.0334451901439521
41.24,-0.0392369110806591,0.00452633658906809,0.0333361747023707
41.25,-0.0397831745485844,0.0045209406417814,0.0332271592607895
41.26,-0.0401282718360652,0.00451555112712441,0.0331181438192082
41.27,-0.0402725194374919,0.00451016803742862,0.0330091283776269
41.28,-0.0402360736054818,0.00450479136503469,0.0329001129360456
41.29,-0.0400524313856713,0.00449942110229243,0.0327910974944642
41.3,-0.0397488659811,0.00449405724156073,0.032682082052883
41.31,-0.0393247115922665,0.00448869977520761,0.0325730666113016
41.32,-0.0387514752469347,0.0044833486956102,0.0324640511697203
41.33,-0.0380010963543311,0.00447800399515471,0.0323550357281391
41.34,-0.037071955861486,0.0044726656662364,0.0322460202865578
41.35,-0.0359864705293517,0.00446733370125963,0.0321370048449764
41.36,-0.0347730247214428,0.00446200809263781,0.0320279894033951
41.37,-0.0334480558583155,0.00445668883279337,0.0319189739618139
41.38,-0.0320053198625291,0.00445137591415781,0.0318099585202326
41.39,-0.0304220343429822,0.00444606932917161,0.0317009430786512
41.4,-0.0286821191635146,0.00444076907028431,0.0315919276370699
41.41,-0.0267942859945246,0.00443547512995441,0.0314829121954887
41.42,-0.0247803498972408,0.00443018750064941,0.0313738967539073
41.43,-0.022652399942897,0.00442490617484581,0.031264881312326
41.44,-0.0204136870257421,0.00441963114502906,0.0311558658707448
41.45,-0.0180823611575773,0.00441436240369357,0.0310468504291634
41.46,-0.0157014332307759,0.0044090999433427,0.0309378349875821
41.47,-0.0133103385955878,0.00440384375648876,0.0308288195460008
41.48,-0.0109158729046303,0.00439859383565295,0.0307198041044195
41.49,-0.00849844712149891,0.00439335017336543,0.0306107886628382
41.5,-0.0060320463046383,0.00438811276216524,0.0305017732212569
41.51,-0.00349762911803439,0.00438288159460032,0.0303927577796756
41.52,-0.0008954910158471,0.00437765666322748,0.0302837423380943
41.53,0.001748797073045,0.00437243796061243,0.030174726896513
41.54,0.00439556477949814,0.00436722547932972,0.0300657114549317
41.55,0.00700606669498853,0.00436201921196277,0.0299566960133504
41.56,0.00954893173212492,0.00435681915110382,0.0298476805717691
41.57,0.0119984038619963,0.00435162528935395,0.0297386651301878
41.58,0.014330792758414,0.00434643761932308,0.0296296496886065
41.59,0.0165315046020147,0.00434125613362991,0.0295206342470252
41.6,0.0186035856586084,0.00433608082490196,0.0294116188054439
41.61,0.0205659362510736,0.00433091168577552,0.0293026033638626
41.62,0.0224473245556049,0.00432574870889569,0.0291935879222813
41.63,0.0242730060599056,0.00432059188691629,0.0290845724807001
41.64,0.0260403272977467,0.00431544121249995,0.0289755570391187
41.65,0.0277075238818046,0.00431029667831801,0.0288665415975374
41.66,0.0292151198554332,0.00430515827705056,0.0287575261559561
41.67,0.0305127793955023,0.00430002600138642,0.0286485107143748
41.68,0.0315696850753207,0.00429489984402311,0.0285394952727935
41.69,0.032377846898353,0.00428977979766688,0.0284304798312122
41.7,0.0329503611772155,0.00428466585503266,0.028321464389631
41.71,0.0333173255492703,0.00427955800884405,0.0282124489480496
41.72,0.0335207376615543,0.00427445625183336,0.0281034335064683
41.73,0.0336001918185487,0.00426936057674154,0.027994418064887
41.74,0.0335774252383469,0.00426427097631819,0.0278854026233057
41.75,0.0334584359628886,0.00425918744332156,0.0277763871817244
41.76,0.0332453156346783,0.00425410997051856,0.0276673717401431
41.77,0.0329402295595848,0.00424903855068466,0.0275583562985618
41.78,0.0325454471369753,0.00424397317660401,0.0274493408569805
41.79,0.0320550860170838,0.00423891384106932,0.0273403254153992
41.8,0.0314449771689288,0.0042338605368819,0.0272313099738179
41.81,0.0306823373279382,0.00422881325685165,0.0271222945322365
41.82,0.0297419374610356,0.00422377199379704,0.0270132790906553
41.83,0.0286158274139236,0.0042187367405451,0.026904263649074
41.84,0.0273180268160509,0.0042137074899314,0.0267952482074927
41.85,0.0258720132614635,0.00420868423480007,0.0266862327659114
41.86,0.0242846559228068,0.00420366696800375,0.02657721732433
41.87,0.0225393568729337,0.00419865568240363,0.0264682018827488
41.88,0.0206207189791402,0.00419365037086937,0.0263591864411675
41.89,0.0185333645251161,0.00418865102627917,0.0262501709995862
41.9,0.0162943907574821,0.00418365764151969,0.0261411555580049
41.91,0.0139224247063609,0.0041786702094861,0.0260321401164236
41.92,0.0114329366376519,0.00417368872308199,0.0259231246748423
41.93,0.00884287041523175,0.00416871317521948,0.0258141092332609
41.94,0.00618335940959921,0.00416374355881907,0.0257050937916797
41.95,0.00349589346474218,0.00415877986680975,0.0255960783500984
41.96,0.000818285460262277,0.00415382209212891,0.025487062908517
41.97,-0.00181474237929674,0.00414887022772238,0.0253780474669358
41.98,-0.00437154769315332,0.00414392426654439,0.0252690320253545
41.99,-0.00683281556431533,0.00413898420155755,0.0251600165837731
42,-0.00919937806406489,0.0041340500257329,0.0250510011421918
42.01,-0.0114933938160511,0.00412912173204983,0.0249419857006106
42.02,-0.0137423249560657,0.0041241993134961,0.0248329702590293
42.03,-0.0159551962051635,0.00411928276306785,0.0247239548174479
42.04,-0.018117263452653,0.00411437207376954,0.0246149393758667
42.05,-0.0202047444235551,0.00410946723861401,0.0245059239342854
42.06,-0.0221950082563118,0.00410456825062238,0.024396908492704
42.07,-0.0240651464600226,0.00409967510282412,0.0242878930511227
42.08,-0.0257930985726056,0.00409478778825702,0.0241788776095415
42.09,-0.027354508260543,0.00408990629996714,0.0240698621679602
42.1,-0.0287211317075606,0.00408503063100885,0.0239608467263788
42.11,-0.0298792823763192,0.00408016077444479,0.0238518312847976
42.12,-0.0308487007137801,0.00407529672334588,0.0237428158432162
42.13,-0.0316749362874081,0.00407043847079129,0.023633800401635
42.14,-0.0323941393444708,0.00406558600986845,0.0235247849600536
42.15,-0.033003905238701,0.00406073933367302,0.0234157695184724
42.16,-0.0334721635545378,0.00405589843530891,0.0233067540768911
42.17,-0.0337630423310766,0.00405106330788822,0.0231977386353097
42.18,-0.0338580112111209,0.00404623394453129,0.0230887231937285
42.19,-0.0337698694975081,0.00404141033836665,0.0229797077521471
42.2,-0.0335336351342095,0.00403659248253101,0.0228706923105659
42.21,-0.0331821352049505,0.00403178037016929,0.0227616768689845
42.22,-0.0327319253685453,0.00402697399443456,0.0226526614274032
42.23,-0.032181938572166,0.00402217334848806,0.0225436459858219
42.24,-0.0315195779271887,0.00401737842549918,0.0224346305442406
42.25,-0.030734116706218,0.00401258921864545,0.0223256151026593
42.26,-0.0298252567091228,0.00400780572111254,0.022216599661078
42.27,-0.0287947343701005,0.00400302792609424,0.0221075842194968
42.28,-0.0276401213533226,0.00399825582679246,0.0219985687779154
42.29,-0.0263613782049286,0.0039934894164172,0.0218895533363341
42.3,-0.0249633596241778,0.00398872868818657,0.0217805378947528
42.31,-0.0234520945233643,0.00398397363532675,0.0216715224531715
42.32,-0.0218330048846868,0.00397922425107202,0.0215625070115902
42.33,-0.02011489333763,0.00397448052866469,0.0214534915700089
42.34,-0.0183150003577817,0.00396974246135515,0.0213444761284277
42.35,-0.0164580680673278,0.00396501004240184,0.0212354606868463
42.36,-0.0145682494130067,0.00396028326507122,0.021126445245265
42.37,-0.0126566154717319,0.00395556212263778,0.0210174298036837
42.38,-0.0107239494982147,0.00395084660838405,0.0209084143621024
42.39,-0.00877587165740317,0.00394613671560053,0.0207993989205211
42.4,-0.00681832408962854,0.00394143243758576,0.0206903834789398
42.41,-0.00484364767724068,0.00393673376764623,0.0205813680373585
42.42,-0.00283243513440885,0.00393204069909644,0.0204723525957772
42.43,-0.000769533708686052,0.00392735322525884,0.0203633371541959
42.44,0.00133966267945024,0.00392267133946386,0.0202543217126146
42.45,0.00347307512192815,0.00391799503504985,0.0201453062710333
42.46,0.00560782365082524,0.00391332430536314,0.020036290829452
42.47,0.0077219052948174,0.00390865914375796,0.0199272753878707
42.48,0.00978528509060718,0.00390399954359648,0.0198182599462894
42.49,0.0117631601800834,0.00389934549824878,0.0197092445047081
42.5,0.0136333634499712,0.00389469700109284,0.0196002290631268
42.51,0.0153883212530343,0.00389005404551453,0.0194912136215455
42.52,0.0170209393287196,0.00388541662490763,0.0193821981799642
42.53,0.0185268224178731,0.00388078473267375,0.0192731827383829
42.54,0.01991487055475,0.00387615836222242,0.0191641672968016
42.55,0.0212031683230495,0.00387153750697097,0.0190551518552203
42.56,0.022408064536726,0.00386692216034463,0.018946136413639
42.57,0.0235360324849839,0.00386231231577644,0.0188371209720577
42.58,0.0245774606175135,0.00385770796670727,0.0187281055304764
42.59,0.0255063261181917,0.00385310910658581,0.0186190900888951
42.6,0.0262885209530371,0.00384851572886856,0.0185100746473137
42.61,0.0268961581672852,0.00384392782701984,0.0184010592057325
42.62,0.027321353288625,0.00383934539451172,0.0182920437641512
42.63,0.0275762846419244,0.0038347684248241,0.0181830283225699
42.64,0.0276800763636675,0.00383019691144461,0.0180740128809885
42.65,0.0276446720503735,0.00382563084786867,0.0179649974394073
42.66,0.0274693281914502,0.00382107022759946,0.017855981997826
42.67,0.027153555284311,0.00381651504414786,0.0177469665562446
42.68,0.0267155531039149,0.00381196529103256,0.0176379511146634
42.69,0.0261904218011821,0.0038074209617799,0.0175289356730821
42.7,0.0256048578711745,0.00380288204992399,0.0174199202315008
42.71,0.0249560805218136,0.00379834854900661,0.0173109047899194
42.72,0.0242252621875083,0.00379382045257729,0.0172018893483382
42.73,0.0234042624217039,0.0037892977541932,0.0170928739067569
42.74,0.022498372171942,0.0037847804474192,0.0169838584651755
42.75,0.0215097227099691,0.00378026852582785,0.0168748430235943
42.76,0.0204204027668609,0.00377576198299934,0.0167658275820129
42.77,0.0191924634456624,0.00377126081252154,0.0166568121404317
42.78,0.0177902364893653,0.00376676500798993,0.0165477966988503
42.79,0.0162017066363906,0.00376227456300766,0.0164387812572691
42.8,0.0144397393151678,0.00375778947118549,0.0163297658156878
42.81,0.0125302315568871,0.0037533097261418,0.0162207503741064
42.82,0.010503448271671,0.00374883532150256,0.0161117349325252
42.83,0.00839542218449934,0.00374436625090138,0.0160027194909438
42.84,0.00624890225196172,0.00373990250797941,0.0158937040493626
42.85,0.0041050445170117,0.00373544408638541,0.0157846886077812
42.86,0.00199573036494726,0.00373099097977572,0.0156756731661999
42.87,-5.35142907104455e-05,0.00372654318181421,0.0155666577246187
42.88,-0.00202067857906312,0.00372210068617233,0.0154576422830374
42.89,-0.00389892761603487,0.00371766348652906,0.015348626841456
42.9,-0.00570923520492269,0.00371323157657094,0.0152396113998747
42.91,-0.00749100299124508,0.00370880494999199,0.0151305959582935
42.92,-0.00927581721269669,0.00370438360049379,0.0150215805167121
42.93,-0.0110697304401563,0.00369996752178542,0.0149125650751308
42.94,-0.0128571446696955,0.00369555670758344,0.0148035496335496
42.95,-0.0146173709519339,0.00369115115161192,0.0146945341919683
42.96,-0.0163376295360403,0.00368675084760241,0.0145855187503869
42.97,-0.0180067301932011,0.00368235578929392,0.0144765033088056
42.98,-0.0195968147960578,0.00367796597043294,0.0143674878672244
42.99,-0.0210638686342902,0.0036735813847734,0.014258472425643
43,-0.0223689115048306,0.00366920202607669,0.0141494569840617
43.01,-0.0234949754547616,0.00366482788811163,0.0140404415424805
43.02,-0.0244515160409573,0.00366045896465446,0.0139314261008991
43.03,-0.0252651863294671,0.00365609524948885,0.0138224106593178
43.04,-0.0259566383635015,0.0036517367364059,0.0137133952177365
43.05,-0.0265253310625393,0.00364738341920406,0.0136043797761553
43.06,-0.0269581833222126,0.00364303529168922,0.0134953643345739
43.07,-0.0272471603745437,0.00363869234767464,0.0133863488929926
43.08,-0.0273972547509735,0.00363435458098095,0.0132773334514113
43.09,-0.0274209561785156,0.00363002198543614,0.01316831800983
43.1,-0.0273295203738281,0.00362569455487558,0.0130593025682487
43.11,-0.0271288456131951,0.00362137228314197,0.0129502871266674
43.12,-0.0268172277013053,0.00361705516408536,0.0128412716850861
43.13,-0.0263846626922408,0.00361274319156313,0.0127322562435048
43.14,-0.0258201179990214,0.00360843635943998,0.0126232408019235
43.15,-0.0251251199664322,0.00360413466158792,0.0125142253603422
43.16,-0.0243193015216632,0.00359983809188628,0.0124052099187609
43.17,-0.0234292408370812,0.00359554664422166,0.0122961944771796
43.18,-0.0224700822892704,0.00359126031248798,0.0121871790355983
43.19,-0.0214396641883794,0.00358697909058643,0.012078163594017
43.2,-0.02032849372151,0.00358270297242544,0.0119691481524357
43.21,-0.0191349092861858,0.00357843195192075,0.0118601327108544
43.22,-0.0178730055460078,0.00357416602299532,0.0117511172692731
43.23,-0.0165626977226029,0.00356990517957936,0.0116421018276918
43.24,-0.0152159430913254,0.00356564941561033,0.0115330863861104
43.25,-0.0138370533655938,0.0035613987250329,0.0114240709445292
43.26,-0.0124341664654896,0.00355715310179897,0.0113150555029479
43.27,-0.0110307178490517,0.00355291253986764,0.0112060400613666
43.28,-0.00965502251208654,0.00354867703320523,0.0110970246197853
43.29,-0.00831089143304425,0.00354444657578523,0.010988009178204
43.3,-0.00697438167327586,0.00354022116158833,0.0108789937366227
43.31,-0.0056207144576048,0.00353600078460238,0.0107699782950413
43.32,-0.00423604467617652,0.00353178543882243,0.0106609628534601
43.33,-0.00280283290321514,0.00352757511825065,0.0105519474118788
43.34,-0.00129167741751636,0.00352336981689638,0.0104429319702975
43.35,0.000315875490252727,0.00351916952877609,0.0103339165287162
43.36,0.00200159665529674,0.00351497424791341,0.0102249010871349
43.37,0.00371710608114068,0.00351078396833907,0.0101158856455536
43.38,0.00540696515735904,0.00350659868409091,0.0100068702039723
43.39,0.0070278580197201,0.0035024183892139,0.00989785476239097
43.4,0.00856285063029965,0.00349824307776009,0.00978883932080971
43.41,0.0100227687305202,0.00349407274378865,0.00967982387922839
43.42,0.0114232623635143,0.00348990738136578,0.00957080843764702
43.43,0.0127585297799368,0.00348574698456482,0.00946179299606575
43.44,0.014007105032852,0.00348159154746612,0.00935277755448449
43.45,0.015153167899091,0.00347744106415711,0.00924376211290323
43.46,0.0161969177428223,0.00347329552873227,0.00913474667132186
43.47,0.017154747510121,0.00346915493529311,0.00902573122974054
43.48,0.0180429195186962,0.00346501927794819,0.00891671578815928
43.49,0.0188546373689779,0.00346088855081306,0.00880770034657791
43.5,0.0195594814836161,0.00345676274801033,0.00869868490499665
43.51,0.0201256983595803,0.00345264186366959,0.00858966946341538
43.52,0.0205331926357107,0.00344852589192742,0.00848065402183407
43.53,0.0207705993133061,0.0034444148269274,0.00837163858025275
43.54,0.0208409499725513,0.00344030866282011,0.00826262313867143
43.55,0.0207681523381232,0.00343620739376307,0.00815360769709017
43.56,0.0205891991442043,0.00343211101392078,0.0080445922555088
43.57,0.0203453706267736,0.00342801951746471,0.00793557681392754
43.58,0.02007017402079,0.00342393289857326,0.00782656137234627
43.59,0.0197736723898021,0.00341985115143177,0.00771754593076496
43.6,0.0194444466310441,0.00341577427023252,0.00760853048918364
43.61,0.0190600546811376,0.00341170224917472,0.00749951504760232
43.62,0.0185917665921212,0.00340763508246448,0.00739049960602106
43.63,0.0180154295070843,0.00340357276431483,0.0072814841644398
43.64,0.0173217041730752,0.00339951528894567,0.00717246872285843
43.65,0.0165144338195309,0.00339546265058384,0.00706345328127717
43.66,0.0156041269737375,0.00339141484346302,0.00695443783969585
43.67,0.0146027922461395,0.00338737186182379,0.00684542239811453
43.68,0.0135237620129306,0.00338333369991357,0.00673640695653321
43.69,0.012379401181675,0.00337930035198667,0.00662739151495195
43.7,0.0111716716246845,0.00337527181230421,0.00651837607337069
43.71,0.00988548701958648,0.0033712480751342,0.00640936063178932
43.72,0.00849750932428072,0.00336722913475144,0.00630034519020806
43.73,0.00700112686867933,0.00336321498543759,0.00619132974862674
43.74,0.00542115831057485,0.00335920562148108,0.00608231430704542
43.75,0.00380148850822618,0.00335520103717721,0.00597329886546411
43.76,0.00217899587369688,0.00335120122682803,0.00586428342388284
43.77,0.00057093514150465,0.0033472061847424,0.00575526798230158
43.78,-0.00100959823410881,0.00334321590523598,0.00564625254072021
43.79,-0.00254533739219335,0.00333923038263118,0.00553723709913895
43.8,-0.00402739914768082,0.0033352496112572,0.00542822165755763
43.81,-0.00545390745982519,0.00333127358544998,0.00531920621597631
43.82,-0.00681953363262541,0.00332730229955224,0.005210190774395
43.83,-0.00811737358808959,0.00332333574791341,0.00510117533281373
43.84,-0.00934509480883976,0.00331937392488969,0.00499215989123247
43.85,-0.0105072468132247,0.00331541682484398,0.0048831444496511
43.86,-0.0116138166711285,0.00331146444214592,0.00477412900806978
43.87,-0.0126747645815763,0.00330751677117185,0.00466511356648852
43.88,-0.0136921300634414,0.00330357380630482,0.00455609812490726
43.89,-0.0146576637791541,0.00329963554193456,0.00444708268332589
43.9,-0.0155642971125425,0.00329570197245753,0.00433806724174463
43.91,-0.0164169737378733,0.00329177309227682,0.00422905180016331
43.92,-0.0172241220836086,0.00328784889580223,0.00412003635858199
43.93,-0.017986464310632,0.0032839293774502,0.00401102091700067
43.94,-0.0186913370161016,0.00328001453164383,0.00390200547541941
43.95,-0.0193001132462936,0.00327610435281289,0.00379299003383815
43.96,-0.0197530591772015,0.00327219883539376,0.00368397459225678
43.97,-0.0200087815056434,0.00326829797382947,0.00357495915067552
43.98,-0.0200749932207112,0.00326440176256967,0.0034659437090942
43.99,-0.0199926346745066,0.00326051019607063,0.00335692826751288
44,-0.0197984796709211,0.00325662326879523,0.00324791282593156
44.01,-0.0195107289704022,0.00325274097521295,0.0031388973843503
44.02,-0.0191397295862046,0.00324886330979985,0.00302988194276904
44.03,-0.0186991674807352,0.00324499026703858,0.00292086650118767
44.04,-0.0182040728146083,0.0032411218414184,0.00281185105960641
44.05,-0.0176610377723176,0.00323725802743509,0.00270283561802509
44.06,-0.0170687805217239,0.00323339881959102,0.00259382017644377
44.07,-0.016430672215778,0.00322954421239511,0.00248480473486246
44.08,-0.0157642322779683,0.00322569420036282,0.00237578929328119
44.09,-0.0150965656892441,0.00322184877801616,0.00226677385169993
44.1,-0.014442594442481,0.00321800793988365,0.00215775841011856
44.11,-0.013785888500375,0.00321417168050036,0.0020487429685373
44.12,-0.0130889335959547,0.00321033999440786,0.00193972752695598
44.13,-0.0123273394464692,0.00320651287615422,0.00183071208537472
44.14,-0.0115096375694686,0.00320269032029401,0.00172169664379335
44.15,-0.0106627436359332,0.00319887232138831,0.00161268120221209
44.16,-0.0098122966507307,0.00319505887400468,0.00150366576063082
44.17,-0.00897552760296645,0.00319124997271713,0.00139465031904945
44.18,-0.00815047949797798,0.00318744561210617,0.00128563487746819
44.19,-0.00730703747666341,0.00318364578675875,0.00117661943588687
44.2,-0.00639695771782212,0.00317985049126828,0.00106760399430561
44.21,-0.00538254009685596,0.00317605972023462,0.000958588552724238
44.22,-0.0042674566340923,0.00317227346826407,0.000849573111142976
44.23,-0.00309360762366947,0.00316849172996935,0.000740557669561714
44.24,-0.00190386004502257,0.00316471449996959,0.000631542227980342
44.25,-0.000721378123237574,0.00316094177289037,0.00052252678639908
44.26,0.000442056454864936,0.00315717354336366,0.000413511344817763
44.27,0.00157992616293852,0.00315340980602781,0.000304495903236501
44.28,0.00269436710343171,0.00314965055552758,0.000195480461655129
44.29,0.00379475036872792,0.00314589578651413,8.6465020073867e-05
44.3,0.00489344934932484,0.00314214549364496,-2.25504215074501e-05
44.31,0.0060003835481165,0.00313839967158397,-0.000131565863088767
44.32,0.00710729976871942,0.00313465831500141,-0.000240581304670084
44.33,0.00818257641426896,0.00313092141857387,-0.000349596746251346
44.34,0.00919195201774803,0.00312718897698432,-0.000458612187832608
44.35,0.0101110715189913,0.00312346098492202,-0.00056762762941398
44.36,0.0109171381854312,0.00311973743708262,-0.000676643070995242
44.37,0.0115909460819078,0.00311601832816804,-0.000785658512576559
44.38,0.012132893884276,0.00311230365288655,-0.000894673954157821
44.39,0.0125707341915602,0.0031085934059527,-0.00100368939573919
44.4,0.0129482982924331,0.00310488758208738,-0.00111270483732046
44.41,0.0132936652700371,0.00310118617601774,-0.00122172027890172
44.42,0.0135983280960265,0.00309748918247722,-0.00133073572048309
44.43,0.0138354336003371,0.00309379659620556,-0.00143975116206435
44.44,0.0139772899838443,0.00309010841194874,-0.00154876660364567
44.45,0.0139945594453868,0.00308642462445904,-0.00165778204522693
44.46,0.0138746593173025,0.00308274522849495,-0.0017667974868083
44.47,0.013644023204606,0.00307907021882126,-0.00187581292838956
44.48,0.0133587444408113,0.00307539959020895,-0.00198482836997083
44.49,0.0130767455006407,0.00307173333743528,-0.0020938438115522
44.5,0.0128315744037941,0.0030680714552837,-0.00220285925313346
44.51,0.0126193748363987,0.0030644139385439,-0.00231187469471478
44.52,0.012403436882701,0.00306076078201177,-0.00242089013629604
44.53,0.0121343449862861,0.00305711198048941,-0.00252990557787741
44.54,0.0117771030789913,0.00305346752878513,-0.00263892101945867
44.55,0.0113184194231355,0.00304982742171339,-0.00274793646103993
44.56,0.0107500434060378,0.00304619165409487,-0.00285695190262131
44.57,0.0100631367497351,0.00304256022075642,-0.00296596734420257
44.58,0.00926281656066085,0.00303893311653102,-0.00307498278578389
44.59,0.00837367898014658,0.00303531033625786,-0.00318399822736515
44.6,0.00742738659684223,0.00303169187478225,-0.00329301366894652
44.61,0.00644569626841321,0.00302807772695567,-0.00340202911052778
44.62,0.00543406543580237,0.0030244678876357,-0.00351104455210904
44.63,0.00439501612280348,0.00302086235168608,-0.00362005999369036
44.64,0.00333739495245939,0.00301726111397667,-0.00372907543527168
44.65,0.00226847699461861,0.00301366416938345,-0.003838090876853
44.66,0.00119159549948849,0.00301007151278848,-0.00394710631843426
44.67,0.000108875884516528,0.00300648313907995,-0.00405612176001563
44.68,-0.000975437116800149,0.00300289904315214,-0.00416513720159689
44.69,-0.00204504296273543,0.00299931921990541,-0.00427415264317815
44.7,-0.00307242001490973,0.0029957436642462,-0.00438316808475947
44.71,-0.00403571678852244,0.00299217237108702,-0.00449218352634084
44.72,-0.00493418492699038,0.00298860533534645,-0.0046011989679221
44.73,-0.00578848267200696,0.00298504255194912,-0.00471021440950337
44.74,-0.0066217044625663,0.00298148401582573,-0.00481922985108474
44.75,-0.00743919863415848,0.002977929721913,-0.004928245292666
44.76,-0.00822510847338628,0.00297437966515371,-0.00503726073424732
44.77,-0.00895538607845633,0.00297083384049663,-0.00514627617582858
44.78,-0.00961746216861813,0.00296729224289659,-0.00525529161740995
44.79,-0.0102187203406729,0.00296375486731442,-0.00536430705899121
44.8,-0.0107759812972364,0.00296022170871695,-0.00547332250057248
44.81,-0.0112984068940565,0.00295669276207703,-0.00558233794215385
44.82,-0.0117841796155048,0.00295316802237349,-0.00569135338373511
44.83,-0.0122283452738692,0.00294964748459114,-0.00580036882531643
44.84,-0.0126228377457171,0.00294613114372078,-0.00590938426689769
44.85,-0.0129532135620398,0.00294261899475918,-0.00601839970847906
44.86,-0.0132011391903717,0.00293911103270906,-0.00612741515006032
44.87,-0.0133514520535481,0.00293560725257911,-0.00623643059164158
44.88,-0.0133985416527583,0.00293210764938399,-0.0063454460332229
44.89,-0.0133424154864944,0.00292861221814426,-0.00645446147480422
44.9,-0.013181252900982,0.00292512095388645,-0.00656347691638554
44.91,-0.012915353973554,0.002921633851643,-0.0066724923579668
44.92,-0.0125645656181436,0.00291815090645228,-0.00678150779954817
44.93,-0.0121755396925407,0.00291467211335858,-0.00689052324112943
44.94,-0.0117962693987753,0.0029111974674121,-0.00699953868271069
44.95,-0.0114469480927841,0.00290772696366891,-0.00710855412429201
44.96,-0.011120414733363,0.00290426059719101,-0.00721756956587333
44.97,-0.0108024011304607,0.00290079836304628,-0.00732658500745464
44.98,-0.0104841690048759,0.00289734025630846,-0.00743560044903591
44.99,-0.0101555302292924,0.00289388627205718,-0.00754461589061728
45,-0.00979793238821771,0.00289043640537793,-0.00765363133219854
45.01,-0.009391111402763,0.00288699065136207,-0.0077626467737798
45.02,-0.008925994043002,0.00288354900510679,-0.00787166221536112
45.03,-0.00841434246654141,0.00288011146171515,-0.00798067765694244
45.04,-0.0078786924030874,0.00287667801629601,-0.00808969309852375
45.05,-0.00732839746116761,0.00287324866396411,-0.00819870854010502
45.06,-0.00675453397430305,0.00286982339983998,-0.00830772398168639
45.07,-0.00615156652190692,0.00286640221904997,-0.00841673942326765
45.08,-0.00553843507454567,0.00286298511672626,-0.00852575486484891
45.09,-0.00494941731539984,0.0028595720880068,-0.00863477030643023
45.1,-0.00440214250859417,0.00285616312803537,-0.0087437857480116
45.11,-0.00388125488618577,0.00285275823196152,-0.00885280118959286
45.12,-0.00335172138681435,0.00284935739494058,-0.00896181663117412
45.13,-0.0027856435234966,0.00284596061213368,-0.00907083207275539
45.14,-0.00217686384469073,0.00284256787870768,-0.00917984751433676
45.15,-0.00152805019475926,0.00283917918983523,-0.00928886295591808
45.16,-0.000838338062701881,0.00283579454069473,-0.00939787839749934
45.17,-0.000114795301984867,0.00283241392647033,-0.00950689383908071
45.18,0.000615649003190629,0.0028290373423519,-0.00961590928066197
45.19,0.00131354933605047,0.00282566478353507,-0.00972492472224323
45.2,0.00194889386110648,0.00282229624522119,-0.00983394016382455
45.21,0.00252288829425689,0.00281893172261733,-0.00994295560540587
45.22,0.00306787608019585,0.00281557121093626,-0.0100519710469872
45.23,0.00362112849025687,0.00281221470539648,-0.0101609864885684
45.24,0.00420047238865243,0.00280886220122218,-0.0102700019301498
45.25,0.00479676160592545,0.00280551369364323,-0.0103790173717311
45.26,0.00537803263515991,0.00280216917789522,-0.0104880328133123
45.27,0.00590792685803285,0.00279882864921937,-0.0105970482548937
45.28,0.00636739752793884,0.00279549210286263,-0.010706063696475
45.29,0.0067626318112773,0.00279215953407757,-0.0108150791380563
45.3,0.00711604666384948,0.00278883093812246,-0.0109240945796376
45.31,0.00744442754844239,0.00278550631026116,-0.0110331100212189
45.32,0.00773597176582439,0.00278218564576326,-0.0111421254628002
45.33,0.00794679732954903,0.00277886893990392,-0.0112511409043815
45.34,0.00803041240891598,0.00277555618796397,-0.0113601563459628
45.35,0.00797077078264291,0.00277224738522984,-0.0114691717875441
45.36,0.00778122395274517,0.00276894252699361,-0.0115781872291254
45.37,0.00749144550871409,0.00276564160855294,-0.0116872026707067
45.38,0.00714906287677485,0.00276234462521113,-0.0117962181122879
45.39,0.00680877149756955,0.00275905157227704,-0.0119052335538693
45.4,0.00650601081563178,0.00275576244506516,-0.0120142489954506
45.41,0.00624999759965197,0.00275247723889554,-0.0121232644370319
45.42,0.00602762562428996,0.00274919594909381,-0.0122322798786132
45.43,0.00580699441786444,0.0027459185709912,-0.0123412953201945
45.44,0.00555600217750541,0.00274264509992447,-0.0124503107617758
45.45,0.00526082513285113,0.00273937553123596,-0.012559326203357
45.46,0.00492703067264413,0.00273610986027356,-0.0126683416449384
45.47,0.00456842845358995,0.00273284808239069,-0.0127773570865197
45.48,0.00418784565322631,0.00272959019294635,-0.012886372528101
45.49,0.00376837129998508,0.00272633618730501,-0.0129953879696824
45.5,0.00328773405868766,0.00272308606083674,-0.0131044034112636
45.51,0.00273555820723301,0.00271983980891706,-0.0132134188528449
45.52,0.0021176996997719,0.00271659742692704,-0.0133224342944261
45.53,0.00145241624349302,0.00271335891025326,-0.0134314497360075
45.54,0.000764377046800286,0.00271012425428779,-0.0135404651775888
45.55,7.75483808831954e-05,0.00270689345442818,-0.0136494806191701
45.56,-0.000592413883157451,0.00270366650607749,-0.0137584960607515
45.57,-0.00124138219180598,0.00270044340464425,-0.0138675115023327
45.58,-0.00187446537322963,0.00269722414554245,-0.013976526943914
45.59,-0.00249857195670611,0.00269400872419159,-0.0140855423854953
45.6,-0.00311182531446726,0.00269079713601656,-0.0141945578270766
45.61,-0.00370227575583511,0.00268758937644778,-0.0143035732686579
45.62,-0.00425608408436819,0.00268438544092108,-0.0144125887102392
45.63,-0.00476316363580606,0.00268118532487771,-0.0145216041518205
45.64,-0.00521685795978264,0.0026779890237644,-0.0146306195934018
45.65,-0.00561045648307641,0.00267479653303327,-0.0147396350349831
45.66,-0.00594159381003804,0.0026716078481419,-0.0148486504765644
45.67,-0.0062206592977722,0.00266842296455324,-0.0149576659181457
45.68,-0.00646634686436756,0.00266524187773568,-0.0150666813597271
45.69,-0.00669615112933852,0.00266206458316301,-0.0151756968013083
45.7,-0.00692130880496148,0.00265889107631441,-0.0152847122428896
45.71,-0.00714514922493896,0.00265572135267444,-0.0153937276844709
45.72,-0.00736831881732838,0.00265255540773306,-0.0155027431260522
45.73,-0.00759418965136917,0.00264939323698559,-0.0156117585676335
45.74,-0.00782375589174143,0.00264623483593274,-0.0157207740092148
45.75,-0.00804623987732444,0.00264308020008057,-0.0158297894507962
45.76,-0.00823403553136691,0.00263992932494049,-0.0159388048923774
45.77,-0.00834081749543653,0.00263678220602929,-0.0160478203339587
45.78,-0.00831734975126251,0.00263363883886906,-0.0161568357755401
45.79,-0.00814765378594967,0.00263049921898727,-0.0162658512171213
45.8,-0.0078637435158071,0.00262736334191671,-0.0163748666587026
45.81,-0.00752068761992385,0.00262423120319548,-0.016483882100284
45.82,-0.00716413147801198,0.00262110279836701,-0.0165928975418653
45.83,-0.00682316858970013,0.00261797812298005,-0.0167019129834465
45.84,-0.00652146234610542,0.00261485717258864,-0.0168109284250278
45.85,-0.00627282633184942,0.00261173994275214,-0.0169199438666092
45.86,-0.0060681491822244,0.00260862642903519,-0.0170289593081904
45.87,-0.00588036712114311,0.00260551662700771,-0.0171379747497717
45.88,-0.00568166435419665,0.00260241053224492,-0.017246990191353
45.89,-0.0054637154474798,0.00259930814032731,-0.0173560056329344
45.9,-0.00524335923708494,0.00259620944684064,-0.0174650210745156
45.91,-0.00503734156780373,0.00259311444737591,-0.0175740365160969
45.92,-0.00483932075556263,0.0025900231375294,-0.0176830519576783
45.93,-0.00462807210406752,0.00258693551290265,-0.0177920673992595
45.94,-0.00438821099157808,0.00258385156910241,-0.0179010828408408
45.95,-0.00411907259196023,0.00258077130174068,-0.0180100982824222
45.96,-0.00382622747348188,0.00257769470643471,-0.0181191137240034
45.97,-0.00351480833928508,0.00257462177880695,-0.0182281291655848
45.98,-0.00319495742720228,0.00257155251448508,-0.0183371446071661
45.99,-0.00288001510688912,0.002568486909102,-0.0184461600487474
46,-0.00257681018886597,0.00256542495829579,-0.0185551754903287
46.01,-0.00228839282169882,0.00256236665770977,-0.01866419093191
46.02,-0.00202445691088654,0.00255931200299241,-0.0187732063734912
46.03,-0.00179795172405562,0.00255626098979739,-0.0188822218150726
46.04,-0.00160942166461455,0.00255321361378358,-0.0189912372566539
46.05,-0.00143755532187477,0.00255016987061501,-0.0191002526982351
46.06,-0.00124669745423457,0.00254712975596089,-0.0192092681398165
46.07,-0.00100626083335589,0.00254409326549557,-0.0193182835813978
46.08,-0.000704999003841014,0.00254106039489859,-0.019427299022979
46.09,-0.000357577889025184,0.00253803113985462,-0.0195363144645604
46.1,-1.90455674220665e-06,0.00253500549605348,-0.0196453299061417
46.11,0.000322081116084084,0.00253198345919011,-0.019754345347723
46.12,0.000593113812191411,0.00252896502496462,-0.0198633607893043
46.13,0.000814114863629688,0.00252595018908221,-0.0199723762308855
46.14,0.00101006904912595,0.00252293894725323,-0.0200813916724669
46.15,0.00121395166878078,0.00251993129519311,-0.0201904071140482
46.16,0.00144364892963013,0.00251692722862242,-0.0202994225556294
46.17,0.00169350160908964,0.0025139267432668,-0.0204084379972108
46.18,0.00194580490087037,0.00251092983485703,-0.0205174534387921
46.19,0.00217714412478549,0.00250793649912893,-0.0206264688803733
46.2,0.00235847991995447,0.00250494673182344,-0.0207354843219547
46.21,0.00246734376461576,0.00250196052868656,-0.020844499763536
46.22,0.00249698947624221,0.00249897788546936,-0.0209535152051173
46.23,0.00245118246651334,0.00249599879792798,-0.0210625306466986
46.24,0.00233992405587847,0.00249302326182362,-0.02117154608828
46.25,0.00218018383723227,0.00249005127292254,-0.0212805615298612
46.26,0.00199464379187799,0.00248708282699603,-0.0213895769714425
46.27,0.00180522991794869,0.00248411791982043,-0.0214985924130238
46.28,0.00162217775278333,0.00248115654717713,-0.0216076078546051
46.29,0.00144214213417214,0.00247819870485252,-0.0217166232961864
46.3,0.00126307933094376,0.00247524438863803,-0.0218256387377677
46.31,0.00109259676337053,0.00247229359433011,-0.021934654179349
46.32,0.000939158583183455,0.00246934631773021,-0.0220436696209303
46.33,0.000800574712525832,0.00246640255464481,-0.0221526850625116
46.34,0.000657957155142708,0.00246346230088534,-0.0222617005040929
46.35,0.000485968606666246,0.00246052555226828,-0.0223707159456742
46.36,0.000274037774177617,0.00245759230461506,-0.0224797313872556
46.37,3.23543265344846e-05,0.0024546625537521,-0.0225887468288368
46.38,-0.000221017829505755,0.0024517362955108,-0.0226977622704181
46.39,-0.00047542562774873,0.00244881352572754,-0.0228067777119995
46.4,-0.000731381935927893,0.00244589424024363,-0.0229157931535807
46.41,-0.000991305394602134,0.00244297843490537,-0.023024808595162
46.42,-0.0012521799101349,0.002440066105564,-0.0231338240367434
46.43,-0.00150859180266863,0.00243715724807571,-0.0232428394783246
46.44,-0.00175996977911543,0.00243425185830162,-0.0233518549199059
46.45,-0.00201168773341165,0.00243134993210779,-0.0234608703614871
46.46,-0.00226793891473114,0.00242845146536521,-0.0235698858030685
46.47,-0.00252881310129655,0.00242555645394979,-0.0236789012446498
46.48,-0.00279138764294911,0.00242266489374236,-0.0237879166862311
46.49,-0.00304641704161393,0.00241977678062865,-0.0238969321278124
46.5,-0.00327930936104987,0.00241689211049932,-0.0240059475693938
