Cnt,Particle,Generation,Kpx,Kpa,Kda,MaxAngle, Overshoot, J
1,1,1,25.750825,14.49548,1.174089,14.921901,17.677689,49.708536
2,2,1,17.175673,0,0.832464,3.872578,0,2827.490817
3,3,1,46.853386,79.124555,2,22.104901,17.404832,67.732758
4,4,1,6.301818,81.433418,1.433796,6.130599,43.081618,76.943598
5,5,1,32.044981,19.935368,1.198656,17.643609,17.809006,55.111613
6,6,1,100,100,1.67528,22.104901,17.158722,86.925335
7,7,1,0,59.169039,0.884656,1.420187,0,3615.032348
8,8,1,0,45.546131,0,1.598696,0,3583.12931
9,9,1,0,100,0,2.116392,0,3577.452106
10,10,1,35.836829,100,2,22.104901,18.323072,65.732195
11,11,1,82.342564,64.207618,0,22.104901,17.013858,83.327162
12,12,1,0,0,0,0.055351,0,3608.188443
13,13,1,100,25.867905,0.368588,22.104901,17.902179,89.591194
14,14,1,80.362321,100,2,22.104901,17.294851,77.610498
15,15,1,0,0,2,0.633945,0,3629.533847
16,16,1,100,89.497672,0,22.104901,15.259645,82.682811
17,17,1,100,0,0.401738,6.130599,0,3183.762315
18,18,1,28.727522,100,0.502633,20.788804,25.198203,69.346341
19,19,1,6.019782,100,2,6.130599,40.232465,78.626493
20,20,1,25.994966,38.148342,0,19.761602,25.018545,70.325985
21,21,1,75.867609,50.421606,1.786706,22.104901,17.890996,78.478928
22,22,1,86.451206,0,2,6.130599,0,3079.436586
23,23,1,0,45.428831,0.235075,1.781978,0,3576.005873
24,24,1,100,0,0,0.055351,0,3608.188443
25,25,1,100,0,0.492137,6.130599,0,3117.579263
26,26,1,6.657797,98.164034,0.113806,7.286218,27.804258,80.388883
27,27,1,0,0,0,0.055351,0,3608.188443
28,28,1,29.581939,100,2,19.761602,23.263725,64.593006
29,29,1,0,100,0.707495,1.839034,0,3643.741176
30,30,1,48.864476,50.126917,0.642741,22.104901,18.655095,71.910474
31,31,1,18.847491,0,0.484699,3.872578,0,3358.57858
32,32,1,0,51.331386,0,2.8334,0,3428.180876
33,33,1,0,83.519341,0,2.129801,0,3576.862839
34,34,1,93.915516,100,2,22.104901,17.430868,87.890703
35,35,1,0,85.631442,0,2.128083,0,3576.938354
36,36,1,100,82.6376,1.513303,22.104901,17.842932,88.727376
37,37,1,100,50.03369,2,22.104901,18.240371,89.216009
38,38,1,66.976837,11.423259,2,22.104901,9.082304,52.666928
39,39,1,48.985461,100,0.776504,22.104901,19.431331,71.875414
40,40,1,37.224592,0,1.665397,4.986197,0,3336.332545
41,41,1,0,0,0,0.055351,0,3608.188443
42,42,1,100,0,2,6.130599,0,3194.837068
43,43,1,48.453104,0,2,4.986197,0,3267.993734
44,44,1,81.201562,95.80124,2,22.104901,18.48619,82.934909
45,45,1,20.470755,100,0,16.78556,25.676349,66.835688
46,46,1,16.244764,0,1.788718,3.889806,0,3152.315218
47,47,1,76.269659,60.418407,0,22.104901,17.461442,78.610953
48,48,1,83.968439,59.746926,0.40811,22.104901,18.205313,84.424498
49,49,1,41.644648,81.309355,0.4272,22.104901,16.812702,68.539228
50,50,1,41.772546,42.326729,0.070988,22.104901,17.087665,69.901894
51,51,1,100,72.421966,0,22.104901,15.331388,81.200136
52,52,1,0,0,1.519469,0.615606,0,3628.561759
53,53,1,100,81.153066,0,22.104901,15.294705,81.739134
54,54,1,100,0,1.407087,6.130599,0,3253.902436
55,55,1,81.421626,100,0.743784,22.104901,18.573024,85.016371
56,56,1,0,8.507372,1.755744,0.631277,0,3629.399373
57,57,1,0,0.237066,1.492205,0.619046,0,3627.762451
58,58,1,59.752901,0,1.626553,4.986197,0,3308.850459
59,59,1,73.578722,0,0,0.055351,0,3608.188443
60,60,1,0,23.718321,0,2.72712,0,3677.422537
61,61,1,71.051244,44.695399,0.795902,22.104901,19.451345,80.308327
62,62,1,0,100,1.424439,1.412711,0,3626.641292
63,63,1,59.336128,100,1.43678,22.104901,17.643842,72.41904
64,64,1,49.313971,0,1.216685,4.986197,0,3101.82695
65,65,1,100,78.709073,2,22.104901,17.103124,87.859412
66,66,1,100,0,1.662234,6.130599,0,3212.71077
67,67,1,100,0,2,6.130599,0,3194.837068
68,68,1,100,97.460819,1.889755,22.104901,17.242184,89.04884
69,69,1,0,100,0.330954,2.105879,0,3578.04382
70,0,2,58.653484,36.889723,0,22.104901,16.431032,75.335401
71,1,2,0,100,1.662308,1.41245,0,3627.070087
72,2,2,56.108677,100,1.068864,22.104901,18.643878,74.941773
73,3,2,92.915029,100,0.22742,22.104901,16.265442,82.394516
74,4,2,8.895561,81.429316,1.345242,8.476789,49.16509,80.507389
75,5,2,45.115037,24.632253,1.046027,22.104901,18.560661,66.109157
76,6,2,45.474033,89.213039,1.548747,22.104901,18.874924,70.352212
77,7,2,68.070106,23.406213,0.915054,22.104901,17.363746,71.523036
78,8,2,35.694656,14.795278,0.584199,21.826824,20.11356,61.399892
79,9,2,32.368282,0,0.195389,4.402899,0,3098.689472
80,10,2,0,13.464744,0.034432,2.257092,0,3684.450397
81,11,2,66.574164,0,0.553677,4.986197,0,3156.203979
82,12,2,0,0,0,0.055351,0,3608.188443
83,13,2,97.05209,0,0.166962,6.130599,0,3175.549433
84,14,2,88.564668,74.324779,1.863955,22.104901,18.024295,80.250142
85,15,2,100,49.879313,1.576039,22.104901,17.753422,88.779184
86,16,2,0,0,0.840535,0.768941,0,3625.622373
87,17,2,0,21.766227,0.069345,1.686007,0,3605.647444
88,18,2,31.940154,98.770849,0.469577,21.827432,22.27016,68.858787
89,19,2,0.080139,7.880946,0,2.55628,0,1969.784006
90,20,2,0,0,0.992335,0.783293,0,3626.238731
91,21,2,0,22.654738,1.980847,0.649568,0,3630.322941
92,22,2,0,1.965278,1.649079,0.622727,0,3628.968935
93,23,2,2.890763,31.989131,0,4.500607,15.48779,92.044704
94,24,2,100,0,0,0.055351,0,3608.188443
95,25,2,23.828172,87.186337,0.145904,18.430854,24.245495,65.276668
96,26,2,100,0,0,0.055351,0,3608.188443
97,27,2,0,0,0,0.055351,0,3608.188443
98,28,2,77.596221,35.373068,1.738631,22.104901,16.771699,73.413212
99,29,2,42.133694,26.123337,0.989067,22.104901,18.098261,64.311559
100,30,2,40.944417,54.097884,0,22.104901,16.877296,71.191681
101,31,2,0,13.82347,0.34436,1.059567,0,3622.743426
102,32,2,100,73.014238,0.42167,22.104901,17.662618,88.397718
103,33,2,100,0,0.401249,6.130599,0,3164.168876
104,34,2,85.87944,0,0,0.055351,0,3608.188443
105,35,2,2.723409,0,0.01646,1.051397,0,3537.798168
106,36,2,0,0,2,0.633945,0,3629.533847
107,37,2,99.441298,37.358621,0,22.104901,15.526773,82.342187
108,38,2,70.436651,29.882675,0.433554,22.104901,18.909532,83.348276
109,39,2,0,75.119325,0,2.136636,0,3576.562514
110,40,2,0,56.531998,0,2.753866,0,3709.670789
111,41,2,0,0,0,0.055351,0,3608.188443
112,42,2,19.386616,88.175586,0.38112,15.912678,25.464184,66.592845
113,43,2,27.873052,10.098551,0.193225,19.135796,23.24187,64.756939
114,44,2,92.328078,5.415414,0,22.104901,15.867343,81.698693
115,45,2,16.024945,12.750997,0.17974,13.002718,24.900794,62.65191
116,46,2,0,4.855025,0.281963,0.858031,0,3621.352447
117,47,2,91.307877,0,0.111689,5.950948,0,3167.477968
118,48,2,0,1.943472,0.083701,0.733202,0,3654.223178
119,49,2,91.407034,0,0,0.055351,0,3608.188443
120,50,2,0,22.425443,0.489383,1.340346,0,3643.765421
121,51,2,15.249498,0,0.038248,3.529051,0,3303.376474
122,52,2,29.273232,3.956166,0.807057,12.680549,2.930391,39.599314
123,53,2,0,7.79104,1.588384,0.624736,0,3629.069958
124,54,2,93.920109,0.297904,0.994731,6.130599,0,260.923059
125,55,2,100,0.479296,0.585733,10.807243,0,76.97842
126,56,2,17.143668,92.653048,1.292523,14.009564,23.65187,60.007943
127,57,2,44.874051,0,0.658003,4.986197,0,3056.720547
128,58,2,74.950387,12.439043,1.413002,22.104901,13.108121,59.287206
129,59,2,100,0,0,0.055351,0,3608.188443
130,60,2,60.078362,0,0.992447,4.986197,0,3273.782885
131,61,2,57.259601,35.779108,0,22.104901,17.212998,74.243342
132,62,2,97.782616,4.519141,1.006185,22.104901,7.935823,57.034862
133,63,2,47.785984,0,0.124478,4.986197,0,3116.317876
134,64,2,29.313936,21.456131,0,21.21289,23.865446,71.228968
135,65,2,63.164579,89.12144,0.681784,22.104901,17.948317,79.177348
136,66,2,0,18.415136,0.026439,2.260193,0,3576.185558
137,67,2,87.201873,7.915679,0,22.104901,16.973316,80.845968
138,68,2,79.705949,31.468914,0,22.104901,18.162345,81.8818
139,69,2,16.485651,0,0,0.055351,0,3608.188443
140,0,3,18.220509,53.50855,1.989267,12.582727,26.089657,59.617374
141,1,3,50.66218,0,1.363153,4.986197,0,2756.1926
142,2,3,100,0,0.482333,6.130599,0,3162.794402
143,3,3,72.638073,0,0,0.055351,0,3608.188443
144,4,3,9.671222,0,0,0.055351,0,3608.188443
145,5,3,60.801637,26.246746,0.093192,22.104901,18.570012,76.029385
146,6,3,5.743834,0,0,0.055351,0,3608.188443
147,7,3,0,0,0,0.055351,0,3608.188443
148,8,3,28.503021,0,0.44031,3.872578,0,3220.176721
149,9,3,100,27.848418,0.372785,22.104901,17.713077,90.475217
150,10,3,16.229309,0,0,0.055351,0,3608.188443
151,11,3,36.643815,30.305461,0.485077,22.104901,18.831913,67.094381
152,12,3,0,0,0,0.055351,0,3608.188443
153,13,3,81.545217,100,0,22.104901,17.013858,82.634817
154,14,3,0,25.291226,0.368603,1.382324,0,3589.438241
155,15,3,0,85.30491,0,2.128349,0,3576.92668
156,16,3,40.206542,52.375372,1.639951,22.104901,17.038278,64.44029
157,17,3,15.930302,49.563608,0.912889,12.548948,30.237442,64.758044
158,18,3,43.992669,79.513924,0.39174,22.104901,17.245488,68.599092
159,19,3,28.098646,0,2,3.872578,0,3244.637311
160,20,3,64.751476,50.709439,1.380142,22.104901,18.7248,75.280281
161,21,3,62.213124,0,0,0.055351,0,3608.188443
162,22,3,16.200052,8.852167,0,14.42836,23.927083,67.795201
163,23,3,3.641136,0,0.265598,1.820952,0,3384.150962
164,24,3,100,0,0,0.055351,0,3608.188443
165,25,3,0,100,0,2.116392,0,3577.452106
166,26,3,100,0,0,0.055351,0,3608.188443
167,27,3,0,0,0,0.055351,0,3608.188443
168,28,3,25.102078,0,0,0.055351,0,3608.188443
169,29,3,100,0,1.797933,6.130599,0,3257.707741
170,30,3,41.249692,0,1.497915,4.986197,0,3036.608939
171,31,3,15.089853,37.902154,0,14.009564,21.067656,64.73332
172,32,3,76.664547,15.418665,0.827938,22.104901,16.602055,70.624212
173,33,3,0,100,0.832408,2.108357,0,3708.039506
174,34,3,77.039756,0,0,0.055351,0,3608.188443
175,35,3,5.719159,0,0.034565,2.36436,0,3403.580447
176,36,3,100,19.77791,0,22.104901,15.552573,81.516078
177,37,3,88.772785,14.867837,0.151109,22.104901,18.171452,87.917944
178,38,3,92.92007,29.613998,0,22.104901,16.165526,83.338967
179,39,3,80.626141,0,1.673338,6.130599,0,3064.127016
180,40,3,18.047148,66.386937,0.163982,14.986921,23.273021,65.434503
181,41,3,2.212701,0,0.014349,0.779471,0,3558.116063
182,42,3,0,92.605204,0,2.122409,0,3577.187699
183,43,3,35.428527,7.833375,0,22.104901,16.88833,70.006603
184,44,3,82.904908,0,0.376156,6.130599,0,3025.238558
185,45,3,100,0,0.312929,6.130599,0,3186.420664
186,46,3,2.107622,16.543747,0,4.033103,8.512467,91.02365
187,47,3,7.475538,18.748183,0.18544,7.286218,53.122321,88.166638
188,48,3,64.590761,0,0.119498,5.218421,0,3126.488711
189,49,3,17.654074,0,0.020046,3.7275,0,3354.033272
190,50,3,91.775047,0,0.572849,6.130599,0,3108.735029
191,51,3,0,19.24875,0.140763,1.752288,0,3626.957706
192,52,3,46.335085,11.004824,0.82864,22.104901,16.214036,59.220031
193,53,3,100,11.958771,1.789303,22.104901,10.873461,57.078724
194,54,3,38.100383,0.333261,0.505849,4.986197,0,150.308328
195,55,3,0,0,0.460836,0.627517,0,3600.664674
196,56,3,15.515734,78.363194,0,14.009564,22.253321,65.78818
197,57,3,74.566866,100,0,22.104901,17.86418,80.258237
198,58,3,100,16.93366,0,22.104901,15.564523,81.680062
199,59,3,49.356717,0,0,0.055351,0,3608.188443
200,60,3,100,11.214909,2,22.104901,10.145051,59.509179
201,61,3,69.469306,19.875358,2,22.104901,13.215463,60.216809
202,62,3,100,0,0.669436,6.130599,0,3262.15072
203,63,3,44.23577,91.868176,0,22.104901,16.476247,70.81492
204,64,3,11.914164,27.057149,0.457471,9.617189,36.223582,68.663635
205,65,3,0,0,0,0.055351,0,3608.188443
206,66,3,100,32.19747,0,22.104901,15.500392,80.279372
207,67,3,70.654889,23.272349,0.025422,22.104901,17.555227,78.381339
208,68,3,36.539682,1.826814,1.556924,6.824792,0,73.520004
209,69,3,34.619866,0,0,0.055351,0,3608.188443
210,0,4,0,0,1.084563,0.641906,0,3611.784932
211,1,4,42.389823,21.097042,0,22.104901,17.798506,74.33641
212,2,4,46.008957,29.601548,1.0024,22.104901,18.306027,64.983295
213,3,4,50.333422,0,0,0.055351,0,3608.188443
214,4,4,3.907677,0,0.017888,1.550851,0,3502.100148
215,5,4,87.792778,13.871354,0,22.104901,17.315838,83.647864
216,6,4,0,0,0.007228,0.059326,0,3608.155774
217,7,4,0.697291,0,0.005807,0.141384,0,3601.761788
218,8,4,0,1.57707,0.04643,0.152557,0,3605.131329
219,9,4,65.853262,43.586231,0.444965,22.104901,18.246494,76.105386
220,10,4,34.081549,0,0,0.055351,0,3608.188443
221,11,4,50.157385,46.82318,0.224885,22.104901,18.432482,72.953027
222,12,4,0.099296,0,0.020358,0.061473,0,3604.831589
223,13,4,81.385717,0,0.05813,5.608221,0,3198.461854
224,14,4,100,4.155866,0.058691,22.104901,19.32537,97.92693
225,15,4,53.908514,0,0.381073,4.986197,0,3153.566519
226,16,4,92.480842,100,1.309117,22.104901,18.110874,86.722918
227,17,4,20.659929,0,1.492693,3.872578,0,2973.80653
228,18,4,17.484819,0,0.203614,3.866777,0,3172.279005
229,19,4,84.554981,2.15091,0,22.104901,17.675152,83.510586
230,20,4,100,53.980794,0.058335,22.104901,15.520997,84.816594
231,21,4,52.209923,0,0.001882,3.544599,0,3475.513793
232,22,4,90.884537,8.075657,0.477833,22.104901,16.599161,73.920501
233,23,4,19.634772,7.797517,0.929159,10.618566,14.1833,44.182653
234,24,4,95.276077,0,0.010789,6.07913,0,3294.075706
235,25,4,87.843513,47.398495,0.378946,22.104901,18.591673,88.516225
236,26,4,100,0,0,0.055351,0,3608.188443
237,27,4,0,0,0,0.055351,0,3608.188443
238,28,4,0,0,0,0.055351,0,3608.188443
239,29,4,0,51.2774,1.084839,1.31405,0,3656.085871
240,30,4,39.945399,0.989988,1.032643,6.321852,0,79.474874
241,31,4,99.193707,38.331938,0.14584,22.104901,17.338631,86.31142
242,32,4,0,0,0.249323,0.797963,0,3745.542744
243,33,4,6.123607,0,0.3664,2.593252,0,3338.148147
244,34,4,79.179181,0,0,0.055351,0,3608.188443
245,35,4,1.380235,0,0.016773,0.544503,0,3571.478462
246,36,4,13.783204,37.623625,0.051198,13.002718,30.802051,69.478171
247,37,4,65.325617,47.487292,0.502308,22.104901,17.956591,75.918522
248,38,4,69.340399,23.690124,1.304941,22.104901,17.394161,69.787351
249,39,4,0,7.938165,2,0.639661,0,3629.82209
250,40,4,32.235161,53.278716,0.597183,21.622634,20.291917,66.214569
251,41,4,4.646671,0,0.030134,2.101729,0,3435.399804
252,42,4,13.718852,0,0.536207,3.251453,0,3429.921735
253,43,4,46.791017,0,0.304845,4.986197,0,3173.389422
254,44,4,52.938429,0.705556,1.055204,6.195542,0,103.399533
255,45,4,50.39532,100,0.489686,22.104901,18.086401,72.881112
256,46,4,13.548568,12.611751,0.353325,9.840087,26.129641,58.899397
257,47,4,0,100,0.390036,2.104434,0,3578.149458
258,48,4,84.286423,61.782178,0.733992,22.104901,18.582521,86.233509
259,49,4,35.662986,0,0.014022,4.697918,0,3328.879073
260,50,4,100,4.962697,0.427342,22.104901,15.5429,73.579921
261,51,4,68.563314,44.463821,0.086268,22.104901,17.297331,79.129082
262,52,4,25.442046,10.065078,1.415411,12.423097,6.353598,42.75607
263,53,4,0,100,0.890401,1.685326,0,3647.868842
264,54,4,0,0.288068,0.166564,0.586675,0,3607.365241
265,55,4,24.551982,100,0.489573,18.430854,26.080847,67.652412
266,56,4,5.761828,0,1.01204,2.774933,0,2971.089496
267,57,4,1.076133,81.956511,0.528279,2.740162,5.464069,123.700092
268,58,4,89.903807,0,1.213667,6.130599,0,3216.80027
269,59,4,0,0,0.01708,0.0616,0,3608.124193
270,60,4,39.159724,25.855415,0.701757,22.104901,18.600853,65.048003
271,61,4,0,41.840681,0.679251,1.424193,0,3666.073201
272,62,4,34.81094,7.076238,0.547675,17.590923,15.706953,53.474181
273,63,4,0,60.857695,0.730856,1.357534,0,3595.849687
274,64,4,19.722955,0,1.796577,3.872578,0,2931.947033
275,65,4,3.559401,0,0.024456,1.669883,0,3480.577034
276,66,4,0,16.382892,0.787205,1.070613,0,3618.614413
277,67,4,93.917107,29.797451,0.660115,22.104901,17.227214,85.231399
278,68,4,0,0,1.134444,0.892733,0,3603.093402
279,69,4,25.551485,0,0.002213,2.150736,0,3524.219184
280,0,5,10.008222,20.005304,0,10.742832,27.974603,73.236183
281,1,5,8.533612,27.14217,0.098776,8.476789,53.108391,83.364477
282,2,5,0,100,0.433002,2.103383,0,3578.226282
283,3,5,0,0,0.001825,0.055738,0,3608.189783
284,4,5,0,0,0.037564,0.068394,0,3608.201189
285,5,5,63.383867,0.34897,1.167764,6.130599,0,455.236748
286,6,5,0.189172,0,0.014434,0.08106,0,3603.762835
287,7,5,1.464311,0,0.012194,0.462624,0,3579.872379
288,8,5,0.2834,0.965876,0,0.383023,0,546.325865
289,9,5,0,48.11933,0.247671,2.204321,0,3686.055015
290,10,5,4.903564,0,0.014452,1.675128,0,3501.113203
291,11,5,77.280187,43.736234,0,22.104901,17.527689,79.667231
292,12,5,0.208522,0,0.042751,0.153043,0,3594.013098
293,13,5,72.347799,91.028768,0.137992,22.104901,17.753966,81.129396
294,14,5,59.127525,46.136652,1.496644,22.104901,18.921586,70.302113
295,15,5,52.530154,28.126721,1.846979,22.104901,16.57315,58.331387
296,16,5,100,84.729004,0.050156,22.104901,15.367996,82.982851
297,17,5,5.156279,29.92875,0,6.130599,25.986763,76.574465
298,18,5,0,93.692723,0.219278,2.112603,0,3577.618613
299,19,5,44.301977,77.045393,0.045785,22.104901,16.476247,70.749234
300,20,5,0,27.082252,0,2.659106,0,3680.307229
301,21,5,0,0,0.008189,0.060066,0,3608.146953
302,22,5,63.586178,0,0.801824,4.986197,0,3057.157518
303,23,5,22.318695,6.40938,1.213891,9.82311,3.02218,40.135909
304,24,5,4.46252,0,0.017821,1.73052,0,3490.189102
305,25,5,100,0,0.803438,6.130599,0,3205.683108
306,26,5,16.689562,0,0.010631,3.346955,0,3415.326183
307,27,5,3.603346,0,0.006633,0.715144,0,3570.766366
308,28,5,4.221535,0,0.010073,1.140947,0,3541.677048
309,29,5,38.609543,86.097712,0,22.104901,17.450827,70.023053
310,30,5,33.034534,0.843328,0,21.623712,20.250426,57.095035
311,31,5,0,0,0.136536,0.216312,0,3606.345542
312,32,5,100,9.195239,0,22.104901,15.38804,81.871684
313,33,5,100,35.761781,0.038792,22.104901,15.059167,79.21737
314,34,5,29.984838,0,0.00057,0.753054,0,3584.680891
315,35,5,0,0,0,0.055351,0,3608.188443
316,36,5,0,22.786432,0.088788,1.665126,0,3594.970808
317,37,5,0,71.060309,0.455596,1.791493,0,3583.977324
318,38,5,41.49576,0,1.495637,4.986197,0,3456.991418
319,39,5,27.136695,87.579626,0,20.320214,25.941425,67.85952
320,40,5,79.070604,11.681966,1.276101,22.104901,13.612017,58.963138
321,41,5,1.467577,0,0.024772,0.740074,0,3550.651756
322,42,5,35.559268,50.639194,1.553562,22.104901,18.695856,64.454314
323,43,5,19.683911,10.6984,0.780516,12.053412,16.944405,49.014754
324,44,5,0,21.785762,2,0.649632,0,3630.326175
325,45,5,0,94.91208,0.495493,2.104343,0,3578.156072
326,46,5,24.249811,0,1.59254,3.872578,0,2774.320374
327,47,5,71.957367,0,0.060533,5.475433,0,3180.081742
328,48,5,0,100,0.726419,1.889057,0,3581.116081
329,49,5,61.733067,0,0,0.055351,0,3608.188443
330,50,5,19.504061,5.808513,0.491024,11.474274,13.665657,46.035157
331,51,5,100,46.737552,0.088415,22.104901,17.150961,84.879449
332,52,5,0,6.212955,0.38977,0.923394,0,3645.813254
333,53,5,68.017193,0,0.182321,5.207231,0,3150.414385
334,54,5,9.976263,1.821458,0.392562,5.063756,31.368431,54.736753
335,55,5,21.085517,0,0.459914,3.872578,0,2963.588415
336,56,5,2.66566,66.579922,0.830445,3.872578,18.834269,80.244722
337,57,5,86.048568,0,0.665174,6.130599,0,2977.163146
338,58,5,0,1.292861,1.508382,0.617177,0,3628.690236
339,59,5,3.362888,0,0.034997,1.79372,0,3451.231893
340,60,5,0,42.045792,0,2.875208,0,3615.983211
341,61,5,99.637588,50.352818,0,22.104901,15.466135,81.19541
342,62,5,0,13.12331,0.746915,0.87581,0,3638.887736
343,63,5,5.840919,26.369527,0.616996,4.986197,41.980471,79.778609
344,64,5,36.045055,8.674339,0.689464,18.04499,15.824827,52.706084
345,65,5,0.333021,0,0.004316,0.075947,0,3605.899428
346,66,5,88.675784,0,0.493208,6.130599,0,3320.307115
347,67,5,57.736614,11.003276,1.596935,22.104901,11.842661,55.631888
348,68,5,25.047323,76.901909,1.29101,17.643609,23.575506,64.513163
349,69,5,15.576265,0,0.004648,2.225877,0,3501.413969
350,0,6,17.007133,46.125152,0.28991,14.009564,24.526905,63.008592
351,1,6,0,0,1.044235,0.569947,0,3618.439523
352,2,6,34.701689,0,1.150745,4.986197,0,2820.982082
353,3,6,100,0,0.008215,6.050268,0,3307.341477
354,4,6,3.706025,1.069971,0.024819,3.813325,26.778813,67.049011
355,5,6,5.473496,0,1.066322,2.391789,0,3260.43721
356,6,6,0.862627,0,0.023967,0.428213,0,3575.198475
357,7,6,0.974208,0.085683,0.010247,0.463085,0,1904.004868
358,8,6,0.595139,0.293562,0,0.535661,0,1008.187561
359,9,6,45.280645,14.47473,0,22.104901,17.148971,71.471581
360,10,6,0,0.126712,0.015407,0.062142,0,3608.183805
361,11,6,69.15657,24.984753,0.470746,22.104901,18.682159,78.316352
362,12,6,1.710031,0,0.02609,0.8892,0,3537.822336
363,13,6,50.456996,100,0.123952,22.104901,17.390498,72.275253
364,14,6,23.681108,36.409625,1.925041,14.009564,18.571864,53.002113
365,15,6,0,68.101828,0.808053,1.372738,0,3591.057309
366,16,6,0,7.596233,0,2.426097,0,3726.884436
367,17,6,0,34.17852,0.702057,1.33109,0,3590.017944
368,18,6,17.007085,100,0.348685,14.986921,25.793431,64.051202
369,19,6,58.816748,100,2,22.104901,19.488707,73.981544
370,20,6,69.966439,0,0.012734,5.688729,0,3296.034952
371,21,6,5.338712,0,0.020583,2.111558,0,3457.68387
372,22,6,0,1.715857,1.11236,0.947009,0,3602.079465
373,23,6,0,0,0.565764,0.835837,0,3615.861346
374,24,6,0,1.145722,0.020888,0.072241,0,3605.596814
375,25,6,42.096622,22.960088,0.991851,22.104901,16.262461,61.693432
376,26,6,13.083751,0,0.017134,3.236008,0,3395.333731
377,27,6,9.284214,0,0.014404,2.645333,0,3441.369393
378,28,6,8.443405,0,0.027574,2.768932,0,3390.38348
379,29,6,38.64987,32.72588,0.89391,22.104901,17.711356,63.69836
380,30,6,30.834736,0.895166,0.29365,10.17369,0.720323,42.165214
381,31,6,0.209539,0.547958,0.077185,0.23422,0,1543.912313
382,32,6,1.94135,16.110201,0.484494,2.666141,13.156815,83.415779
383,33,6,0,100,0.199044,2.109106,0,3577.807973
384,34,6,0,0,0.005867,0.058072,0,3608.17039
385,35,6,4.214619,0,0.025793,1.933793,0,3458.095591
386,36,6,10.094448,0,0.098722,3.048991,0,3156.223365
387,37,6,26.811964,0,0,0.055351,0,3608.188443
388,38,6,28.054815,4.709296,0.632642,13.336433,8.012965,40.124662
389,39,6,39.683936,100,0.659211,22.104901,18.50523,69.4917
390,40,6,100,0,0.976531,6.130599,0,3114.371219
391,41,6,6.744138,0,0.012259,1.999188,0,3486.739224
392,42,6,31.182408,86.274769,2,20.537472,22.487961,64.677968
393,43,6,0,13.533973,0.698919,1.078086,0,3610.240384
394,44,6,87.1853,20.374068,1.301799,22.104901,16.664866,73.377978
395,45,6,63.230355,45.568457,0.154509,22.104901,18.405546,77.231743
396,46,6,8.812851,19.78735,2,6.002085,31.259755,55.815557
397,47,6,95.419236,3.345087,0,22.104901,16.63924,83.730178
398,48,6,20.550534,31.101284,0.521858,15.107467,23.170492,60.591907
399,49,6,100,0,0.001394,4.489186,0,3450.545222
400,50,6,0,1.079139,1.593659,0.620093,0,3628.83668
401,51,6,66.201823,39.601865,0.171778,22.104901,17.774145,78.202999
402,52,6,14.674441,0,0.017101,3.410523,0,3384.959987
403,53,6,50.102961,94.066788,0.691578,22.104901,18.249357,72.098498
404,54,6,49.150281,2.579924,0.890674,13.379529,1.146396,45.751589
405,55,6,0,54.902003,0,2.905468,0,3963.191561
406,56,6,3.680659,100,0.451201,4.986197,22.046279,77.908497
407,57,6,100,25.890745,0,22.104901,15.52689,78.870063
408,58,6,100,11.699118,0,22.104901,15.470636,82.957724
409,59,6,1.195703,0.801331,0.023225,1.346388,0.069045,100.482718
410,60,6,72.251506,0,0.550827,5.136213,0,3152.749596
411,61,6,11.056783,49.217412,2,8.199545,30.660221,64.747392
412,62,6,70.730694,35.412512,0.365143,22.104901,19.41551,82.002938
413,63,6,38.797053,68.320246,0,22.104901,17.200523,72.200378
414,64,6,32.625871,27.462558,0,22.060149,22.594362,72.156678
415,65,6,0,0.938291,0,0.067584,0,3606.05858
416,66,6,100,20.778904,0.326077,22.104901,18.527844,92.253944
417,67,6,16.539661,0,1.574659,3.872578,0,3218.709668
418,68,6,41.747552,100,0.02507,22.104901,16.115759,68.59054
419,69,6,0,0.6515,0.004455,0.064949,0,3607.099365
420,0,7,10.909134,14.365867,1.313953,6.864513,23.351707,52.647208
421,1,7,25.458657,0.252246,1.358152,3.872578,0,1823.925035
422,2,7,96.455852,38.406448,2,22.104901,16.726898,76.832173
423,3,7,75.608988,0.043349,0,18.388781,0.001289,40.920095
424,4,7,5.496188,0.803858,0.00124,6.345025,23.799162,55.509739
425,5,7,1.14909,14.757323,0.235848,2.188815,5.448464,111.225956
426,6,7,2.04805,0,0.029199,1.135022,0,3514.412743
427,7,7,0.435095,0.179935,0.008106,0.296077,0,1989.225128
428,8,7,1.382589,1.154013,0.021896,1.793289,10.141682,83.818689
429,9,7,62.432392,0,0.173196,5.040636,0,3137.259724
430,10,7,9.014878,0.050061,0.01588,3.30779,0,251.243092
431,11,7,59.623272,19.839253,0.725725,22.104901,18.509344,70.816963
432,12,7,3.192883,0.637086,0.005969,3.464593,5.053486,57.496278
433,13,7,27.573386,0,0,0.055351,0,3608.188443
434,14,7,2.267174,0,0.539436,1.820952,0,3405.429291
435,15,7,65.525027,88.749633,0.086354,22.104901,17.636624,77.131736
436,16,7,55.750616,0,0.989417,4.986197,0,3275.143061
437,17,7,1.378087,29.943342,1.005906,1.98539,6.614067,99.68435
438,18,7,24.035364,27.098007,0.372027,17.643609,24.993386,64.123007
439,19,7,64.653264,27.771905,0,22.104901,17.721003,78.063994
440,20,7,100,23.629856,1.09877,22.104901,17.246717,82.857496
441,21,7,1.879181,0.385764,0.029853,1.635119,0,131.744562
442,22,7,0.398103,9.706748,1.595723,0.990724,0,3566.809875
443,23,7,4.090522,7.666155,0.035251,4.986197,26.029285,79.034921
444,24,7,7.913858,0.192468,0.020368,4.216419,0,66.59376
445,25,7,0,81.462841,0.492563,1.810971,0,3608.338388
446,26,7,25.184296,0.355371,0.003603,17.041935,12.334373,36.520298
447,27,7,7.727571,0.940346,0.017744,6.948608,36.782921,62.741739
448,28,7,2.809044,0.656791,0.044156,2.448635,3.337915,60.411582
449,29,7,24.233949,0,1.453921,3.872578,0,3122.979145
450,30,7,0,0.594055,0.844239,0.818572,0,3627.519825
451,31,7,0.440031,1.150712,0.0119,0.586169,0,195.576004
452,32,7,0,14.253644,0.850628,0.97125,0,3622.938646
453,33,7,1.80597,64.381467,0.450146,2.817893,11.060537,97.120919
454,34,7,37.11967,0,0.017346,4.762768,0,3310.549257
455,35,7,7.493991,0,0.049196,2.705639,0,3339.915325
456,36,7,15.056893,2.969781,0.091064,10.733279,30.93671,65.53575
457,37,7,40.079151,0,0.004814,4.106596,0,3412.945854
458,38,7,0,25.458265,0,2.152414,0,3615.692127
459,39,7,10.342398,75.133364,2,8.476789,31.01613,62.926897
460,40,7,32.464461,81.42136,0.470382,21.978005,22.373561,66.785317
461,41,7,5.937859,1.070001,0.021916,5.578672,36.496153,67.536876
462,42,7,15.905377,11.105919,0,14.009564,22.067257,64.872452
463,43,7,20.642301,5.532325,0,16.918603,29.209049,69.879733
464,44,7,92.644366,14.978002,0,22.104901,16.202954,83.632316
465,45,7,96.513969,8.080734,0,22.104901,16.095063,83.889924
466,46,7,0,37.703267,1.844119,1.256064,0,3619.482938
467,47,7,72.654905,73.458131,0.041888,22.104901,16.913249,78.507056
468,48,7,52.458797,0,0,0.055351,0,3608.188443
469,49,7,62.865151,0.341231,0.000933,22.104901,12.27579,47.143313
470,50,7,11.070514,0,2,2.817893,0,3218.514672
471,51,7,17.632109,7.949337,0.119495,14.009564,24.489789,61.541622
472,52,7,36.067792,14.765015,0,22.104901,17.503423,70.580174
473,53,7,0,100,1.310681,1.412836,0,3626.436462
474,54,7,75.007436,2.10886,1.072435,12.884755,0.85657,51.344976
475,55,7,12.770417,100,0.683344,11.871692,34.704821,69.374746
476,56,7,15.249122,0,0.35795,3.689457,0,3094.400914
477,57,7,18.019992,93.390095,0.288595,14.986921,25.007177,65.27279
478,58,7,0,16.496819,0.190225,1.713433,0,3531.5872
479,59,7,0,1.682795,0.010276,0.117963,0,3604.532507
480,60,7,74.922571,13.491407,1.400115,22.104901,13.643546,61.008021
481,61,7,0,0,0,0.055351,0,3608.188443
482,62,7,81.669783,38.869661,0.00469,22.104901,17.013858,80.630729
483,63,7,66.416965,100,0.229722,22.104901,17.499324,77.806347
484,64,7,14.758171,13.513388,0.385575,10.742832,26.39999,58.793221
485,65,7,19.929866,1.477997,0.009981,15.91589,28.664652,70.023819
486,66,7,61.629539,8.377638,0.177002,22.104901,19.357525,77.229477
487,67,7,0,1.241633,0.660448,0.690589,0,3611.702227
488,68,7,50.660848,0,0.3239,4.986197,0,3197.910714
489,69,7,15.733129,0.665603,0.025792,10.481209,20.299499,44.285372
490,0,8,4.578837,15.972088,1.356619,3.560669,11.246407,68.121156
491,1,8,43.059856,10.921395,0,22.104901,17.783798,72.124747
492,2,8,68.184757,76.436715,1.492161,22.104901,18.571267,78.102773
493,3,8,32.304203,0.758235,0.000406,21.353669,20.07383,54.268108
494,4,8,2.348008,0,0,0.055351,0,3608.188443
495,5,8,25.587307,40.504642,0.122101,19.135796,26.822857,68.245567
496,6,8,2.994818,0.684975,0.031541,2.775748,5.677151,58.620345
497,7,8,0.747844,0.634863,0.012995,0.7897,0,220.100611
498,8,8,0.270634,1.802513,0.00675,1.488613,0,331.99487
499,9,8,28.058712,12.196521,0.211506,19.377786,23.878084,65.368168
500,10,8,7.805294,1.238269,0,8.574494,44.150908,75.988973
501,11,8,5.382198,13.311537,0,6.605695,28.154245,83.272045
502,12,8,4.824021,1.337881,0,6.019303,40.712207,78.671864
503,13,8,0,0,0.014961,0.061705,0,3608.137975
504,14,8,11.13736,84.423473,0,10.742832,28.523466,71.827701
505,15,8,100,79.582588,0.952528,22.104901,17.747817,93.516967
506,16,8,100,100,0.868086,22.104901,17.662618,89.008914
507,17,8,17.941106,0,0.399242,3.872578,0,3021.334185
508,18,8,10.622313,2.198692,0.153487,7.065364,33.605949,59.332343
509,19,8,56.416564,0,1.693957,4.986197,0,3135.271399
510,20,8,70.392915,22.175828,1.249602,22.104901,16.696171,66.664297
511,21,8,0,0.810105,0.040049,0.087123,0,3606.769825
512,22,8,19.785344,13.330954,2,9.683654,9.314098,44.545886
513,23,8,8.252493,11.212453,0.253939,7.286218,39.239619,75.690876
514,24,8,9.473219,0,0.016209,2.774069,0,3427.165475
515,25,8,88.086816,40.967899,0,22.104901,16.1761,82.273164
516,26,8,40.594032,0.55826,0,22.104901,14.596096,49.750951
517,27,8,5.258799,1.454077,0.010128,5.917128,45.846959,85.519621
518,28,8,0,0.581251,0.003996,0.06692,0,3607.319969
519,29,8,0,47.711552,0.721452,1.449023,0,3599.617057
520,30,8,51.908906,1.167361,0.610074,11.257224,0,47.145415
521,31,8,3.18495,1.614047,0,4.490739,37.581147,93.822554
522,32,8,69.294202,12.797421,0.339341,22.104901,18.800538,77.638557
523,33,8,7.547675,4.660878,0.823034,4.402709,1.302659,47.730677
524,34,8,61.390229,0.10485,0.002703,21.563963,0.118487,35.731341
525,35,8,7.586679,1.28821,0,8.385613,45.279812,78.269171
526,36,8,6.40904,15.26337,0,7.286218,33.868319,78.236747
527,37,8,5.802146,0,0.023542,2.27159,0,3438.299854
528,38,8,28.677142,21.171382,1.743764,15.374993,13.602303,46.387522
529,39,8,0,32.866933,0,2.646161,0,3659.697547
530,40,8,0,81.754746,0.116085,2.126514,0,3577.007272
531,41,8,1.500017,2.320363,0.032558,2.181899,27.290767,102.624203
532,42,8,26.679258,0,1.590317,3.872578,0,2965.582693
533,43,8,41.643522,0,0.52808,4.986197,0,3027.746926
534,44,8,41.72056,11.831683,2,18.030576,7.930457,46.657624
535,45,8,22.662924,77.09084,0.02707,18.430854,29.543406,68.701121
536,46,8,24.49981,31.080752,1.300092,15.162828,17.69555,54.376577
537,47,8,25.540912,100,0.319685,19.135796,26.622972,67.829818
538,48,8,43.259098,0,0.016373,4.969367,0,3306.257281
539,49,8,0,0.082537,0.002853,0.056168,0,3608.235465
540,50,8,15.011774,7.658823,0.634726,9.170816,18.176184,48.506966
541,51,8,39.299031,0,0,0.055351,0,3608.188443
542,52,8,0,24.24782,2,0.651404,0,3630.415981
543,53,8,39.325567,0,2,4.986197,0,3001.470352
544,54,8,36.03864,1.251879,0,22.104901,19.206323,67.544008
545,55,8,20.22436,65.31092,1.259767,14.986921,22.932262,58.487161
546,56,8,9.524993,100,0.120951,9.617189,42.581872,81.415224
547,57,8,0,57.51746,0.56865,1.352404,0,3595.909679
548,58,8,100,0,1.436062,6.130599,0,3179.851927
549,59,8,2.690945,0.891511,0.025511,2.863234,13.007209,63.94269
550,60,8,66.215342,19.961325,2,22.104901,13.595495,59.363435
551,61,8,0.105173,0.463006,0.017809,0.105227,0,2503.233045
552,62,8,73.83722,0,0,0.055351,0,3608.188443
553,63,8,0,0,0.543169,0.818259,0,3615.687617
554,64,8,0,0,0.883875,0.645755,0,3617.921712
555,65,8,11.520454,0.881984,0.031993,8.192739,28.00967,53.141784
556,66,8,8.952463,0,0.569656,2.817893,0,3213.440391
557,67,8,100,10.012897,0,22.104901,15.541511,82.302307
558,68,8,6.385161,29.43032,1.769149,4.968299,28.658654,62.365889
559,69,8,32.741293,0,0.008339,4.293402,0,3379.336038
560,0,9,9.965351,45.715651,1.300929,7.566816,39.049852,69.205231
561,1,9,16.934352,19.960372,1.334506,10.72211,21.342381,52.015123
562,2,9,0,51.447342,0.036721,2.253439,0,3571.630901
563,3,9,8.116399,0.279637,0.00252,6.481567,0.006534,45.821888
564,4,9,2.144597,0.895226,0.008963,2.6174,9.242237,68.80089
565,5,9,89.733988,0,0.48424,6.130599,0,3163.926854
566,6,9,3.211166,0.986995,0.028285,3.301903,20.469457,64.730698
567,7,9,2.69502,1.135388,0.016789,3.241859,22.670175,71.662408
568,8,9,2.367416,2.36509,0,3.70957,13.002439,86.496768
569,9,9,0,20.986746,0.177537,1.775784,0,3599.244388
570,10,9,0,1.398716,0.022244,0.081719,0,3604.334679
571,11,9,21.242837,43.964489,0.560037,15.912678,24.230198,63.986637
572,12,9,6.018585,0.700346,0.007586,6.103793,20.048183,51.003941
573,13,9,2.446237,0.828909,0.029227,2.554097,8.606297,64.495291
574,14,9,84.468792,100,0.379785,22.104901,16.900391,82.148908
575,15,9,0,0,1.911527,0.63076,0,3629.373308
576,16,9,37.618095,0,0.162904,4.7839,0,3171.348696
577,17,9,28.283591,6.378756,0,20.709234,24.97404,70.60993
578,18,9,0,0,0,0.055351,0,3608.188443
579,19,9,55.635842,4.983789,2,13.902117,0.217947,52.218432
580,20,9,4.985756,17.915194,0,6.130599,24.494642,77.095447
581,21,9,2.143076,0.354645,0.03125,1.803737,0,125.623443
582,22,9,57.721745,0,0,0.055351,0,3608.188443
583,23,9,2.171841,3.483557,1.160591,1.820952,0,228.962364
584,24,9,2.42369,0.592801,0.008219,2.527144,0.569982,69.354601
585,25,9,100,0,1.066117,6.130599,0,3266.287092
586,26,9,50.249035,0.233674,0.006978,22.092997,6.815182,39.868095
587,27,9,0,0,0.000485,0.055752,0,3608.187482
588,28,9,8.666681,0.48609,0,8.576848,13.740148,41.97344
589,29,9,46.339538,66.878446,0,22.104901,17.229349,73.243688
590,30,9,49.821424,1.483944,0.61864,13.099493,1.924335,47.188749
591,31,9,4.606936,1.556067,0.019965,4.988237,45.863667,87.829315
592,32,9,81.060697,0,0,0.055351,0,3608.188443
593,33,9,9.608204,47.574122,0.645484,8.476789,31.842288,69.03073
594,34,9,0,0.717657,0.006039,0.061027,0,3606.899755
595,35,9,0,1.316174,0.030456,0.089709,0,3605.081138
596,36,9,0,18.471,0.101162,1.747721,0,3683.106406
597,37,9,0,0.155136,0.023641,0.06506,0,3608.167641
598,38,9,75.547799,0.902036,2,6.195542,0,169.366173
599,39,9,44.725144,0,2,4.986197,0,3401.006798
600,40,9,33.191023,36.8347,1.319759,20.788804,20.855923,63.808346
601,41,9,0,2.219193,0.018443,1.25895,0,3657.839603
602,42,9,11.212938,5.35906,1.334674,5.121607,0,51.33285
603,43,9,31.964004,9.821224,0.93314,15.374993,11.605466,47.971656
604,44,9,0,0.760398,0,0.065851,0,3606.713637
605,45,9,0,100,0.164474,2.109951,0,3577.746164
606,46,9,19.878273,0,0,0.055351,0,3608.188443
607,47,9,0,0,0.514849,0.780958,0,3614.119595
608,48,9,0,0.003091,0.009386,0.060555,0,3608.144875
609,49,9,27.29508,0.393626,0.034826,13.544552,9.308129,36.614618
610,50,9,23.803909,6.570471,0,18.574031,30.14428,71.721082
611,51,9,57.814082,0.050066,0.033557,8.094757,0,57.925398
612,52,9,41.247791,19.114402,0,22.104901,16.682629,71.574457
613,53,9,91.854728,100,0,22.104901,16.219684,81.932444
614,54,9,0,0,0.115719,0.112115,0,3607.689341
615,55,9,3.023375,2.30327,0.458816,2.153161,0,97.156343
616,56,9,4.743086,0,0.133848,2.17923,0,3230.128787
617,57,9,34.187863,11.564091,0.699357,19.11153,17.868724,55.431407
618,58,9,0,6.092195,1.60059,0.623952,0,3629.03055
619,59,9,5.986785,0,0.0288,2.417676,0,3414.186053
620,60,9,0,17.594264,0,2.715129,0,3675.375893
621,61,9,3.696439,1.099547,0.022722,3.903851,27.863674,68.278745
622,62,9,0,0.223934,0.019378,0.064082,0,3608.102267
623,63,9,12.877374,100,0.702689,11.871692,36.240471,73.49849
624,64,9,30.910576,17.516877,1.288782,15.912678,15.342784,51.290096
625,65,9,0,0,0.048786,0.074455,0,3608.398522
626,66,9,58.839441,12.342975,0.705018,22.104901,17.390622,63.946258
627,67,9,0,10.658216,0.605572,1.131651,0,3628.55865
628,68,9,0,94.626257,1.21136,1.769005,0,3702.069944
629,69,9,12.771691,0.51662,0,11.717017,21.676298,42.815524
630,0,10,13.541343,29.65219,0.644903,10.742832,30.883237,63.612055
631,1,10,0,2.04877,2,0.63542,0,3629.6082
632,2,10,1.224054,0,0.874812,1.025662,0,3595.021057
633,3,10,0,0,0.004846,0.057075,0,3608.181526
634,4,10,1.920844,1.879974,0.018822,2.732314,35.978088,105.395502
635,5,10,56.564452,32.168403,0.875099,22.104901,18.927609,72.143251
636,6,10,2.285997,0,0.009038,0.580886,0,3575.596528
637,7,10,5.646323,0.743927,0.003516,6.208258,21.226116,52.974856
638,8,10,6.412977,2.359797,0.002627,7.405845,57.781052,97.264061
639,9,10,38.938432,25.966862,0.09248,22.104901,18.034613,69.59361
640,10,10,3.634598,0,0.042741,1.944181,0,3424.139352
641,11,10,38.301407,31.1274,0.427288,22.104901,18.630068,69.294828
642,12,10,0.090695,0,0.013889,0.062004,0,3606.11391
643,13,10,0.849121,1.153811,0.031738,1.092118,2.650556,105.728433
644,14,10,83.657526,37.708733,1.519414,22.104901,17.258001,76.213698
645,15,10,55.186769,23.758887,2,22.104901,14.97714,61.832354
646,16,10,0,3.943168,0,2.275556,0,4170.67392
647,17,10,26.917459,24.526983,0.196847,19.761602,23.928022,64.847803
648,18,10,1.001907,0,0.033041,0.606013,0,3555.717171
649,19,10,14.907113,100,0,14.009564,22.101698,68.265913
650,20,10,0,18.813122,0.970612,1.065173,0,3571.209761
651,21,10,4.408247,0.559242,0.010805,4.252667,5.978581,50.275791
652,22,10,47.582134,0.01628,0.00412,6.406721,0,131.082691
653,23,10,0,0,0.911244,0.689085,0,3611.276806
654,24,10,0,1.244883,0,0.088496,0,3606.340276
655,25,10,15.19285,87.145378,0.766422,13.002718,31.258608,67.241305
656,26,10,41.664689,0.425242,0.007433,22.060082,12.505023,45.318275
657,27,10,13.588986,0.380427,0,11.722606,13.732118,37.379689
658,28,10,16.936116,0,0.002007,1.32064,0,3557.427316
659,29,10,47.879141,37.452734,0.249398,22.104901,18.733872,73.882211
660,30,10,28.914545,1.382759,0.917123,7.026324,0,54.391752
661,31,10,3.236953,0.516701,0.036379,2.643028,0.342399,60.712744
662,32,10,47.404926,0.092837,0.002843,17.809739,0.00356,33.884149
663,33,10,0,100,0,2.116392,0,3577.452106
664,34,10,6.168405,0.948711,0.002606,6.944903,32.781763,62.149583
665,35,10,7.724815,0,0.038351,2.71947,0,3365.023667
666,36,10,11.456878,0,0.088031,3.139438,0,3171.680924
667,37,10,1.306077,0.174396,0.022759,0.884287,0,710.744272
668,38,10,100,0,0,0.055351,0,3608.188443
669,39,10,32.788375,40.086425,1.209502,20.788804,22.040389,64.782222
670,40,10,100,0,2,6.130599,0,3194.837068
671,41,10,1.42873,0,0.00032,0.057684,0,3607.48606
672,42,10,18.326811,8.040517,0.857817,10.123749,15.777433,45.722181
673,43,10,22.961469,15.200945,0.566065,14.986921,20.4418,54.848518
674,44,10,2.888057,0,0.00437,0.41707,0,3588.507393
675,45,10,9.452784,74.684694,0.530209,9.617189,35.86576,71.432028
676,46,10,11.082892,0.088402,0.002218,4.705696,0,98.492031
677,47,10,60.626111,53.086596,0.526853,22.104901,18.167379,75.517961
678,48,10,2.901455,0.67387,0.000153,3.409327,5.360316,60.079822
679,49,10,100,0.595848,0,22.104901,15.269302,70.852969
680,50,10,69.470455,0.561588,0.324594,12.736882,0.454412,52.813189
681,51,10,39.841159,0.426888,0.0571,17.193086,9.772482,41.533692
682,52,10,47.538807,0,0.937105,4.986197,0,3005.5386
683,53,10,100,0,1.053936,6.130599,0,3210.880272
684,54,10,3.420105,0.604349,0.223522,2.042622,0,147.766694
685,55,10,0,40.420036,0,2.747215,0,3612.28787
686,56,10,7.435061,11.603452,0.317457,6.130599,46.383626,78.643858
687,57,10,29.812778,42.076308,0.548088,20.750814,24.269454,68.43583
688,58,10,32.880877,9.002755,0,22.060149,20.916615,71.381446
689,59,10,5.211831,0.107721,0.023011,2.681275,0,181.68452
690,60,10,21.676415,19.963055,0.131624,16.78556,24.23397,65.370409
691,61,10,4.592846,1.292823,0.006807,5.469633,38.904816,76.782607
692,62,10,0.204673,1.011923,0.02263,0.256621,0,836.456224
693,63,10,25.557749,36.838418,0.615844,18.430854,24.598078,62.926873
694,64,10,65.449474,16.688353,0.317377,22.104901,18.594248,75.41898
695,65,10,2.658546,0.203733,0.021854,1.826671,0,187.492492
696,66,10,72.651776,15.514904,0,22.104901,16.074859,75.551767
697,67,10,35.619062,1.420136,2,4.986197,0,155.526929
698,68,10,10.088019,100,0,10.742832,28.742922,72.677886
699,69,10,0,0.709646,0.007237,0.060634,0,3606.939609
700,0,11,7.899648,11.27644,0.404602,6.35715,48.432052,77.183176
701,1,11,13.65363,0,1.027138,3.19696,0,3318.231534
702,2,11,79.031719,90.608397,1.566014,22.104901,18.414234,83.905569
703,3,11,7.394095,0.256869,0.006019,5.386842,0,53.512864
704,4,11,8.97587,2.05947,0.024534,8.399237,43.907263,90.386759
705,5,11,12.076917,28.264822,1.369135,8.531207,28.563805,59.223337
706,6,11,3.414602,0.205867,0,2.464466,0,136.23942
707,7,11,4.886649,0.200249,0,3.475105,0,98.086579
708,8,11,8.333655,0.461279,0.010283,6.880066,10.559753,41.158969
709,9,11,66.723273,0,0.114919,5.288632,0,3101.081593
710,10,11,7.70011,0.760357,0.017594,6.651984,28.243122,53.660263
711,11,11,93.770943,2.054535,0,22.104901,17.287667,86.254719
712,12,11,0,1.582924,0.007058,0.124564,0,3603.802206
713,13,11,6.058704,0.863708,0.01086,6.120416,28.525416,57.978251
714,14,11,92.774532,0,0.725538,6.130599,0,3256.806615
715,15,11,100,56.799921,1.690916,22.104901,17.849096,87.19513
716,16,11,80.051014,27.561404,0.014626,22.104901,18.154762,82.439015
717,17,11,22.925746,28.649856,1.198239,15.006017,21.181242,56.964697
718,18,11,8.984928,0.089936,0.041322,3.283957,0,126.067494
719,19,11,8.880466,0,2,2.817893,0,3368.655073
720,20,11,19.850264,19.728799,0.789209,13.115946,25.522742,59.237987
721,21,11,7.03137,0.216193,0,5.178677,0,65.200534
722,22,11,3.737214,0.33877,0.0083,3.101322,0,77.069671
723,23,11,5.620883,6.571613,0.085507,6.068908,55.183552,92.36301
724,24,11,5.123508,1.352786,0.019637,5.311422,42.679774,79.904491
725,25,11,0,100,0,2.116392,0,3577.452106
726,26,11,73.729309,0.56581,0.001163,22.104901,15.787833,61.202997
727,27,11,4.946029,0.593956,0.011944,4.714614,9.854199,48.955733
728,28,11,11.093543,0.300798,0.007625,7.997611,2.364,36.655563
729,29,11,24.108616,0,0.474914,3.872578,0,2955.244679
730,30,11,41.853696,1.066934,1.100934,6.355222,0,107.205498
731,31,11,5.051398,0,0.023774,2.098877,0,3450.045876
732,32,11,0,0.419768,0.002156,0.064623,0,3607.770086
733,33,11,3.1774,30.029394,0.133675,4.08015,23.347167,81.183755
734,34,11,32.541876,0.251564,0,19.621468,7.917491,35.539601
735,35,11,9.568239,0.007556,0.008608,2.338965,0,2024.97162
736,36,11,23.425922,21.080656,0,18.430854,29.010686,68.019497
737,37,11,3.282737,0.265706,0.015728,2.38917,0,109.579524
738,38,11,8.014147,0.05378,0.003433,2.49603,0,263.642137
739,39,11,5.022946,100,0.609454,6.130599,29.695405,75.414024
740,40,11,0,4.45558,0.288116,0.926397,0,3602.45367
741,41,11,8.665115,0.273066,0,7.116337,0.022903,44.266111
742,42,11,30.534411,35.892224,0.190382,21.21289,22.43843,68.015546
743,43,11,10.405775,0,0.177903,2.915792,0,3259.870136
744,44,11,8.455372,0.081704,0.009094,3.581786,0,140.318979
745,45,11,55.438815,40.060883,0.261186,22.104901,18.642282,73.869734
746,46,11,0,0.262221,0.00618,0.060667,0,3608.083144
747,47,11,59.404022,55.050825,0.28735,22.104901,17.498601,74.099072
748,48,11,6.515952,1.402801,0,7.563462,46.828867,83.490963
749,49,11,0,0.004926,0.005633,0.057864,0,3608.175973
750,50,11,99.334428,0,1.146112,6.130599,0,3193.184562
751,51,11,0,0.635725,0.01627,0.061911,0,3607.222358
752,52,11,37.683898,7.677531,1.168469,17.455744,6.195986,43.228484
753,53,11,0,100,1.120463,1.22107,0,3607.250394
754,54,11,8.461878,0.077215,0.090938,2.947212,0,175.969969
755,55,11,24.436517,81.316253,0.766708,18.430854,26.494967,67.117286
756,56,11,11.356024,90.976244,0.919326,10.742832,28.46105,63.627225
757,57,11,8.62275,95.154897,0.194545,9.617189,34.667143,85.239722
758,58,11,51.61316,0,0.586482,4.986197,0,3227.776383
759,59,11,1.29305,0.459257,0,1.316241,0,163.980694
760,60,11,67.076986,6.224955,1.718633,18.722747,3.060988,46.239959
761,61,11,3.130376,0.501555,0,3.306886,0.329554,63.501581
762,62,11,11.481611,1.101674,0.013308,10.082342,32.030099,60.70596
763,63,11,28.578934,0,0.39013,3.872578,0,3192.440376
764,64,11,99.773583,9.455607,0,22.104901,15.309827,79.217657
765,65,11,11.869813,0.498013,0,11.04985,20.887496,42.52808
766,66,11,89.010238,0,0.017162,5.965633,0,3273.629339
767,67,11,100,3.07611,0.923829,22.104901,5.381705,58.277226
768,68,11,83.106672,0,1.989997,6.130599,0,3266.129718
769,69,11,28.960996,0,0.014656,4.353327,0,3342.848337
770,0,12,6.172456,30.771492,0.153607,7.286218,32.909065,80.953476
771,1,12,35.325202,0.816989,0,22.00309,18.652435,56.64507
772,2,12,100,100,0.336196,22.104901,17.150961,86.265959
773,3,12,15.843884,0.576993,0,13.721646,19.771311,42.707153
774,4,12,14.836051,1.092499,0.013649,12.308338,28.645716,58.550565
775,5,12,30.711994,4.25918,0.941861,12.806419,2.864339,40.965812
776,6,12,9.871382,0.50424,0.001938,9.252941,17.660833,42.4731
777,7,12,3.325122,0,0.000211,0.062578,0,3607.145547
778,8,12,6.420982,0,0.013678,2.043179,0,3480.286699
779,9,12,0,36.551385,0.120191,2.212381,0,3655.949381
780,10,12,4.214418,1.541778,0,5.502489,42.649572,92.982991
781,11,12,96.046488,4.672277,0.712422,22.104901,10.47896,56.26359
782,12,12,4.064694,1.112719,0,5.267831,30.569751,69.081345
783,13,12,4.639774,0.718581,0.011556,4.720069,15.672265,52.96254
784,14,12,31.237974,6.331846,0,21.697874,22.182184,70.725441
785,15,12,12.948952,10.367812,0,12.269573,42.659434,78.566989
786,16,12,100,67.672393,0.371436,22.104901,17.737645,90.638515
787,17,12,0,0,0.736821,0.656062,0,3613.308816
788,18,12,0,0.618418,0.018927,0.063175,0,3607.275409
789,19,12,100,71.45489,1.031828,22.104901,17.747817,91.134073
790,20,12,100,0.004788,0,3.40777,0,235.765273
791,21,12,9.916805,0,0,0.055351,0,3608.188443
792,22,12,0,0.613877,0.00953,0.062526,0,3607.231179
793,23,12,7.70937,11.105783,0,8.476789,49.341631,88.330238
794,24,12,7.404012,1.240948,0.037939,5.992284,44.321062,75.767816
795,25,12,30.090766,0,0.578431,3.933447,0,3159.644177
796,26,12,55.246022,0.808099,0.004363,22.104901,17.616498,64.899919
797,27,12,0,0.004611,0.019565,0.06209,0,3608.098559
798,28,12,0,0.681298,0.013523,0.060458,0,3607.089727
799,29,12,1.929188,53.248724,2,2.257564,7.955452,111.869884
800,30,12,34.136407,0.958833,1.26025,5.11586,0,108.499714
801,31,12,5.49795,0.45098,0,5.536582,3.60121,46.599566
802,32,12,0.540927,0.828419,0.002547,0.67512,0,237.742903
803,33,12,6.544647,0,0.162184,2.471887,0,3189.977215
804,34,12,33.932894,0,0.002745,3.163541,0,3479.181964
805,35,12,5.833647,0.32995,0,5.236229,0.006356,52.612192
806,36,12,23.047686,22.870024,0.088762,17.694269,26.065869,66.767854
807,37,12,9.011496,0.370793,0.00151,8.071184,5.332798,38.952781
808,38,12,0,0.224892,0.006695,0.060016,0,3608.134762
809,39,12,0,0,0,0.055351,0,3608.188443
810,40,12,100,28.924876,0,22.104901,15.514142,81.177413
811,41,12,16.62514,0.573438,0,14.2014,19.397156,42.392453
812,42,12,37.836396,21.294284,0.203563,22.104901,18.952237,68.249037
813,43,12,7.288989,5.048721,0,8.365543,54.481522,90.973008
814,44,12,9.530937,0.58637,0.005197,8.771156,22.683348,46.129368
815,45,12,66.176729,0,0,0.055351,0,3608.188443
816,46,12,19.584327,0.474549,0.007814,14.214217,15.22383,38.991904
817,47,12,20.737613,28.251937,0,16.78556,25.022126,66.974976
818,48,12,5.608572,0.927509,0.000174,6.616999,29.956959,60.918807
819,49,12,3.078245,0,0.012191,0.963035,0,3549.238017
820,50,12,61.061241,8.112645,0.946384,22.104901,11.968496,53.285635
821,51,12,0.479678,0.940462,0,0.638998,0,233.897907
822,52,12,19.2373,9.513775,0.677679,11.851629,17.368417,50.311474
823,53,12,46.773288,57.800392,0,22.104901,17.243292,73.535187
824,54,12,7.186376,0,0,0.055351,0,3608.188443
825,55,12,35.102884,62.645376,0.66237,22.104901,19.007711,65.791057
826,56,12,8.836966,56.551741,1.015635,7.370569,39.023858,73.121823
827,57,12,18.581907,84.866822,0,15.912678,24.346865,66.056411
828,58,12,100,12.06112,1.583832,22.104901,12.497344,60.173588
829,59,12,1.490871,1.108071,0.022669,1.894758,10.053095,80.994535
830,60,12,43.212954,3.926909,2,9.344516,0.99795,51.739867
831,61,12,1.523356,0,0.002951,0.185119,0,3601.201731
832,62,12,0.658052,0,0.006171,0.139298,0,3601.732442
833,63,12,8.947993,35.943188,0,9.617189,38.590233,79.556421
834,64,12,100,0,1.710258,6.130599,0,3037.7718
835,65,12,7.550575,0.800516,0.024712,6.111026,29.759156,55.443266
836,66,12,66.80665,11.750584,0.936378,22.104901,15.277937,60.58542
837,67,12,46.248585,4.78537,0.262971,22.104901,17.541628,61.719041
838,68,12,83.020971,70.357051,2,22.104901,17.899263,81.114631
839,69,12,31.639515,0.414223,0,20.433786,14.678266,41.669172
840,0,13,7.406102,77.010485,0.514126,7.286218,51.535049,88.717811
841,1,13,16.349215,8.674814,0.015306,14.269363,23.04407,64.939146
842,2,13,31.682331,0,0.77432,4.234421,0,3124.832807
843,3,13,14.24601,0.148896,0.001782,8.26485,0,48.994563
844,4,13,5.915273,0,0,0.055351,0,3608.188443
845,5,13,50.00482,0,0,0.055351,0,3608.188443
846,6,13,7.8064,0.655343,0.001764,8.06871,23.011754,49.010692
847,7,13,4.907683,0.431151,0.000144,4.851679,1.407929,50.14609
848,8,13,1.822126,1.613686,0.00282,2.805355,28.369195,100.741552
849,9,13,30.154096,41.961601,0.10932,21.21289,20.846046,66.250976
850,10,13,7.826294,0.294515,0.002084,6.435131,0.051471,45.237344
851,11,13,0,48.341038,0.715299,1.654706,0,3585.454556
852,12,13,12.382227,0,0.001224,0.632616,0,3585.948072
853,13,13,5.011179,0.400456,0.019364,3.848396,0.219203,51.468383
854,14,13,36.769346,19.861172,0.127884,22.104901,19.468314,69.262997
855,15,13,0,0,0.038217,0.068588,0,3608.214991
856,16,13,0,100,1.195755,1.789053,0,3670.815844
857,17,13,22.668163,40.797445,0,18.430854,29.520957,69.632678
858,18,13,5.173785,0.584562,0,5.773723,10.502451,48.444452
859,19,13,84.672424,100,0,22.104901,16.872887,82.276407
860,20,13,98.462738,0,0,0.055351,0,3608.188443
861,21,13,5.44097,0.30954,0,4.769407,0,59.277429
862,22,13,4.330647,0.395516,0.001885,4.039311,0.015896,58.291607
863,23,13,5.647811,13.74353,0.237979,5.755429,44.620317,82.240071
864,24,13,7.672761,0,0.030099,2.672925,0,3390.7801
865,25,13,61.127629,39.127689,0.657448,22.104901,18.377572,75.955387
866,26,13,24.419451,0,0,0.055351,0,3608.188443
867,27,13,8.916541,0,0.002381,0.80526,0,3576.029287
868,28,13,10.222452,0.239063,0.00839,6.738911,0.007042,43.758471
869,29,13,14.724084,48.602957,1.630481,10.742832,27.473581,58.271756
870,30,13,33.301869,0.601491,0.868801,5.170276,0,144.62936
871,31,13,7.03141,0.870686,0,7.815888,32.119461,59.012692
872,32,13,11.087617,0.883247,0.002943,10.580636,30.510009,55.1558
873,33,13,8.457187,100,0.28702,8.476789,38.732688,75.527042
874,34,13,23.280799,0.38705,0.000237,17.032803,14.766564,37.424993
875,35,13,2.055127,0.607635,0,2.352513,0.14048,78.164164
876,36,13,16.286619,0,0.169158,3.60467,0,3135.890107
877,37,13,13.317549,0.361367,0.001591,11.075892,11.365423,36.539711
878,38,13,15.047056,0.269242,0,11.727062,4.352108,33.733402
879,39,13,9.445943,0.269017,0,7.68734,0.119634,41.885908
880,40,13,76.049304,34.051599,1.539085,22.104901,17.437503,75.896669
881,41,13,9.903634,0.317122,0,8.649111,2.736813,38.006421
882,42,13,42.138283,0,0.997382,4.986197,0,2994.6757
883,43,13,47.787867,5.471138,0.441754,22.104901,14.86865,56.942645
884,44,13,1.760091,0.409825,0,1.714491,0,132.103613
885,45,13,52.879228,0.111457,0,21.215587,0.367773,35.07064
886,46,13,12.016641,0.471746,0.007846,9.697195,18.851487,41.168585
887,47,13,2.3338,45.688505,0.212624,3.872578,10.860906,85.73249
888,48,13,3.631728,0.12715,0.00033,2.004396,0,235.32964
889,49,13,6.325223,0.498625,0.017691,5.060325,7.972388,44.211671
890,50,13,8.511985,14.323787,0.813116,6.063418,34.781774,65.007361
891,51,13,12.053702,0.308476,0,10.172438,4.716033,35.710698
892,52,13,3.078569,8.946151,0.846013,2.817893,6.320803,84.005121
893,53,13,92.429469,0,2,6.130599,0,3135.143692
894,54,13,5.858017,0.150907,0.018765,3.194411,0,109.098536
895,55,13,0,25.795019,0,2.162067,0,3606.089265
896,56,13,8.441644,0,0.271051,2.817893,0,3142.768688
897,57,13,55.652649,6.493292,0.104724,22.104901,19.966473,75.990898
898,58,13,88.761527,14.807108,0.042477,22.104901,16.284974,81.707949
899,59,13,6.921382,1.229693,0.03513,5.826038,44.64757,76.17211
900,60,13,28.606342,19.909905,1.058427,15.976375,17.937806,53.858218
901,61,13,1.902069,0.739923,0.000309,2.30346,2.216017,73.971659
902,62,13,0,1.003541,0,0.068218,0,3605.959092
903,63,13,3.313263,100,0.343964,4.986197,17.662432,88.962737
904,64,13,0,26.833608,1.571881,0.733167,0,3644.360285
905,65,13,0,0.134798,0.02668,0.066085,0,3608.181107
906,66,13,0,12.725298,1.17826,0.648784,0,3625.988884
907,67,13,0,13.778767,1.366135,0.621046,0,3628.884537
908,68,13,2.486102,61.895218,0.331552,3.872578,14.357088,96.38576
909,69,13,0,0.911883,0.001,0.066014,0,3606.181328
910,0,14,10.421563,41.664754,0.889243,8.476789,32.375392,64.327151
911,1,14,0,21.551592,1.543607,1.037054,0,3593.505308
912,2,14,0,67.952921,1.456697,1.454045,0,3633.88283
913,3,14,8.543962,0,0.004868,1.306605,0,3544.074235
914,4,14,0,1.381708,0.002066,0.097196,0,3604.766136
915,5,14,55.874919,0.046706,0,14.713988,0,45.552401
916,6,14,3.783797,0.199443,0,2.68895,0,126.427426
917,7,14,10.290643,0.694463,0,10.206415,29.549103,51.259771
918,8,14,0,2.938183,0,2.185326,0,3592.230508
919,9,14,55.955917,0,0.147734,4.986197,0,3179.283521
920,10,14,11.799357,0,0.004376,1.675032,0,3529.13863
921,11,14,76.165416,57.138907,0,22.104901,17.461442,81.109817
922,12,14,16.9373,0.399741,0.006711,12.470303,13.816768,36.917375
923,13,14,2.307557,1.086601,0.025122,2.669908,17.652552,71.501509
924,14,14,43.444069,57.320502,1.245631,22.104901,18.116907,67.302509
925,15,14,2.164009,0.168514,0.035763,1.578494,0,344.137085
926,16,14,25.331151,70.733117,0.401214,19.135796,28.169895,70.44808
927,17,14,37.068033,30.371036,1.320387,22.104901,17.745847,59.784983
928,18,14,9.458077,0,0.035377,2.997907,0,3351.547114
929,19,14,15.405048,49.528887,1.430108,10.771162,27.968318,59.043653
930,20,14,97.932258,0.371706,0,22.104901,13.675808,56.58757
931,21,14,0.774362,0.627712,0,0.908455,0,212.486818
932,22,14,13.549478,0.054928,0,4.203906,0,129.586589
933,23,14,1.26243,0,0.496132,1.067153,0,3533.951333
934,24,14,4.203249,0.792342,0,5.15861,17.725222,56.306576
935,25,14,44.936626,100,0.247867,22.104901,16.476247,70.574497
936,26,14,0,0.261756,0,0.056236,0,3608.144606
937,27,14,12.843858,0.517282,0,11.759845,21.643501,42.773184
938,28,14,19.482614,0,0,0.055351,0,3608.188443
939,29,14,58.374083,0,0.133614,5.034853,0,3158.628426
940,30,14,32.88388,0.094622,0.004019,12.95575,0.003248,38.796872
941,31,14,8.582304,0.372479,0,7.974517,4.821799,39.560482
942,32,14,12.836694,0.346667,0.000084,10.994739,9.359578,36.128932
943,33,14,0.256034,0,0.926026,0.809271,0,3605.794904
944,34,14,6.074456,0.557252,0,6.565767,11.80445,46.20345
945,35,14,4.477133,0.587352,0,5.015501,8.096314,50.514754
946,36,14,6.145387,22.485493,0.208931,6.130599,38.817528,79.353398
947,37,14,13.712753,0.279295,0.005424,9.754611,3.436999,34.455759
948,38,14,19.977383,0.133386,0.003836,10.176507,0.003315,41.663121
949,39,14,19.83648,0.564935,0,15.946905,20.517287,42.826073
950,40,14,3.481478,56.535296,2,3.872578,22.819305,73.585943
951,41,14,1.142607,0,0,0.055351,0,3608.188443
952,42,14,29.108665,30.621282,1.384809,17.643609,21.054113,58.830411
953,43,14,37.473421,8.176825,0.422335,21.968832,16.828556,58.727954
954,44,14,0,0.088546,0,0.054599,0,3608.251515
955,45,14,40.408032,0.401452,0,22.065412,12.450814,44.444378
956,46,14,0.541673,0,0,0.055351,0,3608.188443
957,47,14,0,46.956507,0.249547,1.916209,0,3597.723105
958,48,14,2.479958,0,0.003343,0.304886,0,3595.318316
959,49,14,9.197928,0.253109,0,7.277779,0.005822,44.894614
960,50,14,0,7.826792,1.076372,0.69966,0,3627.282807
961,51,14,11.407807,0.000471,0,0.084298,0,3459.361331
962,52,14,0.401546,3.007973,0.776473,0.990724,0,3484.245099
963,53,14,80.362401,100,0,22.104901,16.64132,79.246041
964,54,14,0,0.426813,0.054042,0.091737,0,3607.8685
965,55,14,21.68747,9.879623,0.616188,13.430035,21.241574,53.931737
966,56,14,4.062102,15.450961,0,5.350214,21.866352,88.579746
967,57,14,48.89896,0.490475,0.211815,12.306543,0.554627,44.867776
968,58,14,0,6.78569,0,2.386893,0,3738.262279
969,59,14,3.739251,0.648941,0.033796,3.171953,7.426675,53.694869
970,60,14,10.121051,25.696271,0,10.742832,29.884154,69.904009
971,61,14,9.641781,1.093021,0,9.948546,37.333915,65.372828
972,62,14,8.52977,1.180294,0.030587,7.003832,38.732893,68.795372
973,63,14,27.675202,63.967254,0.74521,19.761602,24.122899,66.971866
974,64,14,40.443519,23.384859,0.455544,22.104901,18.304027,66.20739
975,65,14,12.857975,0,0,0.055351,0,3608.188443
976,66,14,26.901424,0,0.501007,3.872578,0,3141.139558
977,67,14,100,11.769971,2,22.104901,8.995445,55.843678
978,68,14,0,0,0,0.055351,0,3608.188443
979,69,14,8.090892,0,0.008009,1.805616,0,3509.410606
980,0,15,9.551606,0,0.50095,2.817893,0,3231.055835
981,1,15,34.702429,17.839962,2,15.374993,11.677662,47.413098
982,2,15,100,71.696042,2,22.104901,17.991447,87.351802
983,3,15,1.706376,0.627503,0.007133,1.836445,0,90.187792
984,4,15,8.172135,1.215714,0.00732,8.283055,41.320372,72.357182
985,5,15,16.036293,0.204926,0,11.261904,0.189562,34.989518
986,6,15,0.535179,0,0.002493,0.079394,0,3606.092305
987,7,15,7.889406,0.076428,0.00021,3.139397,0,163.753146
988,8,15,2.802443,2.353904,0.002006,4.054599,23.496135,86.446524
989,9,15,42.654282,21.64733,0.262633,22.104901,19.398811,69.763615
990,10,15,5.946851,0.322168,0.004707,4.901669,0.006305,52.889979
991,11,15,75.726817,0,0.409342,5.567092,0,3057.26371
992,12,15,0,1.01878,0.007308,0.064732,0,3606.279864
993,13,15,1.484767,1.123773,0,2.075411,10.693839,81.887456
994,14,15,66.893475,50.950098,1.425308,22.104901,17.932683,75.085043
995,15,15,5.483427,0.392947,0,5.23219,0.898758,48.742091
996,16,15,100,0,0,0.055351,0,3608.188443
997,17,15,0,0,2,0.633945,0,3629.533847
998,18,15,2.396745,0.080826,0.048611,1.635905,0,879.226333
999,19,15,12.698643,0,2,2.817893,0,3483.16014
1000,20,15,70.96282,0.356671,0,22.104901,13.029621,49.616128
1001,21,15,3.211052,0.179058,0.002934,2.07419,0,172.775887
1002,22,15,9.423228,0.041972,0.001449,2.392259,0,301.86844
1003,23,15,1.877625,0.817337,0.786922,1.71162,0,3156.235846
1004,24,15,6.911987,1.2563,0.011744,7.025964,45.594796,77.769473
1005,25,15,35.338327,0,0,0.055351,0,3608.188443
1006,26,15,5.479977,0.579038,0,6.064684,11.234122,47.70388
1007,27,15,6.858896,0.725233,0.000358,7.526667,24.352883,52.050975
1008,28,15,20.872023,0.384133,0.009356,13.989306,11.891144,36.187122
1009,29,15,80.003783,43.953341,0.433801,22.104901,18.450583,81.639436
1010,30,15,25.919218,0.693767,0.64693,5.28045,0,113.10162
1011,31,15,10.288287,0,0,0.055351,0,3608.188443
1012,32,15,0,0.005577,0.000119,0.054472,0,3608.193949
1013,33,15,0.677561,38.687425,0.396886,2.150684,0.705948,146.251179
1014,34,15,14.744305,0,0.001569,0.934415,0,3573.867606
1015,35,15,11.82568,0.512499,0,11.052266,21.672247,43.135421
1016,36,15,0,22.311956,0.076388,1.685323,0,3594.213517
1017,37,15,0,0.171352,0.015007,0.06241,0,3608.159204
1018,38,15,16.351666,0,0.00354,1.990828,0,3520.40179
1019,39,15,5.392306,0.280184,0,4.521399,0,65.465644
1020,40,15,63.77028,67.075839,0,22.104901,17.563311,76.886225
1021,41,15,8.014125,0.318495,0,7.053298,0.793267,42.353093
1022,42,15,1.710203,44.920497,0.285345,3.234219,6.90567,106.111422
1023,43,15,20.162643,11.085849,0.276086,14.266053,21.705837,56.579203
1024,44,15,11.396219,0,0,0.055351,0,3608.188443
1025,45,15,24.896268,0.443768,0,18.047511,16.845831,40.171063
1026,46,15,5.20072,0.082774,0.001998,2.134369,0,263.050374
1027,47,15,75.334315,84.432587,0.142261,22.104901,17.461442,80.635598
1028,48,15,7.113072,0.833425,0.003043,7.583634,30.590855,57.151592
1029,49,15,12.357904,0,0,0.055351,0,3608.188443
1030,50,15,56.621415,0,0.577971,4.986197,0,3126.122853
1031,51,15,0,0.923615,0,0.067073,0,3606.090008
1032,52,15,9.813322,4.292737,0.801185,5.104147,20.41026,53.744854
1033,53,15,46.667273,0,0.975665,4.986197,0,3232.290755
1034,54,15,6.248623,0.119581,0.075216,2.632213,0,139.496451
1035,55,15,35.056213,22.224906,0.769012,21.827432,20.893532,62.619854
1036,56,15,3.860425,100,0.347642,4.986197,21.833478,84.244464
1037,57,15,4.760237,3.200794,0.191286,3.821283,42.858573,76.129332
1038,58,15,100,0,0.54914,6.130599,0,3095.421702
1039,59,15,0,0.077491,0,0.054828,0,3608.245402
1040,60,15,13.224265,8.009229,1.666281,6.223276,9.482413,44.911013
1041,61,15,2.85432,0.69298,0,3.385303,5.923482,60.480638
1042,62,15,13.176548,0.465856,0.034787,7.503342,16.236199,39.61208
1043,63,15,19.574869,0,1.141956,3.872578,0,2896.197286
1044,64,15,82.246652,2.003526,0,22.104901,17.9271,84.779477
1045,65,15,11.758889,0.359476,0.032135,6.288231,6.44953,36.237771
1046,66,15,100,7.944043,0,22.104901,15.219205,81.575261
1047,67,15,48.000084,0,1.699071,4.986197,0,3126.291436
1048,68,15,4.8009,0.170398,0,3.140437,0,116.582291
1049,69,15,17.570179,0.36628,0.009028,12.101266,11.983935,35.753904
1050,0,16,13.458272,17.882079,0.533221,9.673498,28.653946,59.196053
1051,1,16,30.045698,11.937883,0,21.288,22.321481,68.518631
1052,2,16,46.509845,0,1.373083,4.986197,0,3289.403083
1053,3,16,1.977933,0.484327,0,2.06256,0,100.14389
1054,4,16,15.095777,0,0.007216,2.783074,0,3460.737307
1055,5,16,2.045126,0.374638,0,1.946194,0,124.255927
1056,6,16,4.235091,0.274037,0.001539,3.448645,0,83.584423
1057,7,16,2.60165,0,0.000398,0.076102,0,3606.659708
1058,8,16,3.414261,0,0.004835,0.525668,0,3582.442802
1059,9,16,0,49.016008,0.324264,1.852281,0,3640.897913
1060,10,16,3.598736,0.662974,0,4.207526,8.308991,55.191145
1061,11,16,57.488925,46.492991,0.510949,22.104901,17.774342,70.825026
1062,12,16,5.94382,1.203929,0,6.991417,40.8363,74.318509
1063,13,16,3.666846,0.761582,0.009782,4.036869,13.309768,56.593503
1064,14,16,83.842147,29.251734,0,22.104901,17.094651,81.080442
1065,15,16,11.008503,0.624382,0,10.642406,26.374381,47.748218
1066,16,16,24.593298,0.448413,0,17.921464,17.04685,40.234503
1067,17,16,24.187596,3.780231,0,18.792222,31.122789,72.935534
1068,18,16,0,0.896219,0.027255,0.073626,0,3606.425252
1069,19,16,18.771627,100,1.067066,14.986921,25.284545,62.397447
1070,20,16,9.27086,0,0,0.055351,0,3608.188443
1071,21,16,16.333736,0,0.00171,1.113439,0,3566.664202
1072,22,16,1.266036,0.097426,0.002132,0.586871,0,1428.105637
1073,23,16,12.093655,5.460737,0,11.871692,40.001689,76.561391
1074,24,16,11.570598,0.999311,0.023448,9.155831,29.846808,56.769277
1075,25,16,4.136253,0.10858,0,2.087503,0,245.746762
1076,26,16,10.879683,0.639272,0,10.574717,26.991435,48.414509
1077,27,16,0,0,0.003649,0.056112,0,3608.19035
1078,28,16,0,0.232303,0.013089,0.062486,0,3608.097559
1079,29,16,0,61.651192,1.081953,1.296657,0,3591.470539
1080,30,16,48.588909,1.089331,0.87316,9.145581,0,63.249556
1081,31,16,9.776112,0.356743,0,8.85987,5.589282,38.022755
1082,32,16,3.074324,0.724402,0.001621,3.639425,8.494646,58.895076
1083,33,16,4.857246,91.061974,0,6.130599,22.835386,77.091341
1084,34,16,16.034116,0.430325,0.001961,13.073332,15.84137,38.244434
1085,35,16,16.036917,0.224772,0,11.674315,1.200691,33.69803
1086,36,16,14.957628,0,0,0.055351,0,3608.188443
1087,37,16,13.332127,0.209576,0.024478,5.967197,0.010048,41.622032
1088,38,16,9.387479,0.302342,0,8.061357,1.265556,39.478938
1089,39,16,0,0,0,0.055351,0,3608.188443
1090,40,16,82.820688,14.661578,1.484324,22.104901,13.408697,58.058876
1091,41,16,15.869146,0.690784,0,13.913867,21.47621,45.802294
1092,42,16,10.594956,0,0,0.055351,0,3608.188443
1093,43,16,1.847274,7.383057,0.083307,2.817893,15.18024,86.612449
1094,44,16,22.062301,0.806039,0,17.414304,25.077274,51.993552
1095,45,16,24.37612,0.092572,0,10.785289,0,47.654236
1096,46,16,21.683651,0.305747,0.001654,15.370499,10.228945,33.94734
1097,47,16,76.342679,100,0,22.104901,17.461442,78.667013
1098,48,16,6.89902,1.051144,0,7.826056,38.699756,67.681203
1099,49,16,12.036666,0.257313,0,9.533344,0.876665,36.765056
1100,50,16,100,6.008416,0,22.104901,15.965927,82.580014
1101,51,16,0.634366,1.456568,0,0.961948,5.141401,124.340308
1102,52,16,43.940846,8.133715,0.813985,22.104901,13.790931,55.214026
1103,53,16,11.422855,52.293583,2,8.476789,27.068925,67.693143
1104,54,16,9.249742,0,0.01694,2.768314,0,3424.867264
1105,55,16,11.921887,54.192662,0.060696,11.871692,35.553638,72.975434
1106,56,16,13.933082,5.491236,0.733577,7.936608,14.798008,47.100285
1107,57,16,0,51.971891,0.521513,1.346663,0,3595.616936
1108,58,16,32.389,3.344377,0.862487,12.167322,0.888128,40.798769
1109,59,16,6.302318,0,0.019543,2.290855,0,3448.263041
1110,60,16,32.055191,0,2,4.387734,0,3001.528636
1111,61,16,0,0,0,0.055351,0,3608.188443
1112,62,16,0,0,0,0.055351,0,3608.188443
1113,63,16,1.863694,46.644874,0,3.78638,5.45546,96.242511
1114,64,16,31.804637,0,1.340722,4.202425,0,3133.453397
1115,65,16,0,0.56975,0.019029,0.063591,0,3607.397517
1116,66,16,23.636903,12.689667,0.281716,16.78556,23.998596,63.454367
1117,67,16,14.314427,1.57456,0.747676,4.53144,0,80.891772
1118,68,16,12.43399,0.38331,0,10.979445,12.246429,37.481357
1119,69,16,14.415349,0.409689,0.002872,11.801281,16.061965,38.27269
1120,0,17,14.447549,39.478872,0.598438,11.871692,29.604536,63.323641
1121,1,17,14.406632,0,1.302697,3.872578,0,2951.668744
1122,2,17,0,87.334574,0.756037,1.750612,0,3649.057981
1123,3,17,9.90518,0.08741,0.000665,4.247102,0,110.742554
1124,4,17,14.725394,0.602606,0.001073,12.94153,21.89845,44.112892
1125,5,17,0,0.559596,0,0.070662,0,3607.40619
1126,6,17,11.713017,0.656573,0,11.210194,25.780129,47.761647
1127,7,17,1.288916,0.646911,0.000176,1.511589,0,114.426392
1128,8,17,7.329698,2.115147,0.007199,7.971445,51.480781,92.946313
1129,9,17,77.877137,0,0.233245,5.668099,0,3138.423509
1130,10,17,12.03283,0.753032,0.001803,11.264941,27.032773,50.104478
1131,11,17,6.831177,70.193662,0.432541,7.286218,38.603932,83.24983
1132,12,17,15.5245,0.047327,0.00024,4.270132,0,131.627632
1133,13,17,10.307711,0.389478,0.018881,6.775223,7.95232,37.874256
1134,14,17,9.658006,9.696846,0.367273,7.417152,35.42705,68.160244
1135,15,17,11.056595,0.483433,0,10.407981,18.495535,41.723403
1136,16,17,29.018116,0.666427,0,20.249827,20.699088,50.059277
1137,17,17,24.94521,7.338914,0.168479,17.317374,25.502421,64.609325
1138,18,17,3.961318,1.402643,0,5.253067,38.633696,82.356651
1139,19,17,80.813576,49.544518,0.25672,22.104901,17.151626,78.450802
1140,20,17,0,0.501957,0,0.068308,0,3607.557386
1141,21,17,13.143258,0.254958,0,10.287749,1.471149,35.365531
1142,22,17,2.646214,0.872054,0.000545,3.379613,12.267112,64.243773
1143,23,17,16.494604,3.875435,0.454669,9.393222,13.462984,44.507019
1144,24,17,3.495936,0,0.000202,0.062879,0,3607.139777
1145,25,17,0,0.386557,0,0.062203,0,3607.876201
1146,26,17,7.22055,0.033271,0,1.515666,0,658.307259
1147,27,17,12.227737,0.210261,0.004165,8.118144,0.005779,41.895464
1148,28,17,8.640731,0,0.00838,1.959035,0,3499.94791
1149,29,17,7.267331,46.209076,1.806211,5.85839,41.146323,84.616441
1150,30,17,33.371356,1.03559,0.932108,6.002085,0,79.669641
1151,31,17,7.826123,0.783119,0,8.436298,30.158887,55.176191
1152,32,17,8.289175,1.416926,0.002221,8.802065,43.889232,80.282554
1153,33,17,11.015931,65.362269,0.754857,9.617189,38.074066,70.510033
1154,34,17,6.968741,0.688528,0.000117,7.610675,22.63251,50.441877
1155,35,17,9.077888,0.20053,0,6.414668,0,55.550217
1156,36,17,27.961077,0.416815,0,19.172126,15.437829,40.296583
1157,37,17,16.809366,0.276605,0,12.872026,6.914859,33.376637
1158,38,17,0,0.359453,0.004012,0.062791,0,3607.905602
1159,39,17,12.59725,0.079757,0,5.139523,0,96.350455
1160,40,17,62.138044,0,0.885577,4.986197,0,3218.806694
1161,41,17,6.026824,0.81269,0,6.960295,26.189649,55.846859
1162,42,17,19.024708,0.225836,0,13.436545,3.215937,32.041252
1163,43,17,3.221239,0,0.107002,1.804711,0,3314.611268
1164,44,17,13.526018,1.111567,0,12.67623,31.846613,61.262883
1165,45,17,9.131798,0.079177,0,3.729906,0,133.002965
1166,46,17,21.351364,0.347339,0.00039,15.830355,12.86057,35.419796
1167,47,17,0,0,0.154514,0.616294,0,3577.101277
1168,48,17,6.923936,0.789019,0.000182,7.664905,27.909391,55.007418
1169,49,17,5.965148,0.601561,0,6.587461,14.247733,47.621104
1170,50,17,0,9.89537,0.583125,1.066473,0,3564.819554
1171,51,17,6.359549,2.025613,0,7.426519,54.850979,96.128238
1172,52,17,42.233079,15.061581,1.73351,17.662231,12.146086,48.361639
1173,53,17,42.180512,100,1.39555,22.104901,18.937634,69.08107
1174,54,17,11.435225,0.129439,0.072638,3.509043,0,77.86894
1175,55,17,0,86.733184,0,2.127186,0,3576.977746
1176,56,17,18.502484,0,0.688042,3.872578,0,2851.797281
1177,57,17,35.551981,100,0.513147,22.104901,19.022004,69.062905
1178,58,17,39.514968,5.735182,0.425738,21.113028,16.754909,56.151808
1179,59,17,7.960804,1.323834,0.033425,6.673763,42.17943,75.666797
1180,60,17,46.840692,37.285921,0,22.104901,17.243292,72.684283
1181,61,17,0.454618,0.956544,0,0.609282,0,247.705593
1182,62,17,6.336069,0.134218,0.014871,3.342315,0,113.088054
1183,63,17,0,100,1.106796,1.315717,0,3611.51527
1184,64,17,0,11.591326,1.122668,0.696687,0,3629.78272
1185,65,17,12.024052,0.593447,0,11.368828,24.147311,45.647395
1186,66,17,0,8.529114,0.3224,1.034696,0,3632.093106
1187,67,17,92.093532,17.337829,0,22.104901,16.384252,82.23758
1188,68,17,8.457971,0.406702,0,8.071495,7.17256,40.008057
1189,69,17,9.874792,0.201501,0,6.983933,0,51.425432
1190,0,18,7.257059,55.969394,0.881241,7.286218,50.475021,86.880292
1191,1,18,0,13.309405,1.051145,0.717825,0,3636.463769
1192,2,18,88.959178,100,0.766453,22.104901,18.410667,87.022481
1193,3,18,17.815109,0,0.003033,1.930579,0,3526.665669
1194,4,18,0,1.614924,0,1.859543,0,3584.75418
1195,5,18,4.275365,0.33074,0,3.861574,0,69.511956
1196,6,18,11.519908,0.74189,0.00106,10.997153,27.361148,50.282744
1197,7,18,12.804585,1.076214,0,12.204511,32.491401,60.801946
1198,8,18,2.732601,1.696795,0.006849,3.779632,38.816233,95.543013
1199,9,18,73.903169,35.367318,0,22.104901,16.651665,79.592037
1200,10,18,13.643801,0.591891,0.002135,12.091446,22.605907,44.230855
1201,11,18,50.977069,30.477828,0.177503,22.104901,17.857236,71.19768
1202,12,18,16.409016,0,0.002954,1.743923,0,3534.997427
1203,13,18,6.19298,0,0.037559,2.440509,0,3389.543991
1204,14,18,0,2.483066,1.250735,0.735715,0,3620.847296
1205,15,18,5.583325,0.218755,0,4.14508,0,79.724085
1206,16,18,58.783689,0,0,0.055351,0,3608.188443
1207,17,18,0,19.652882,0.977312,0.985782,0,3580.272246
1208,18,18,11.493092,0.592227,0.009494,9.559994,24.194525,45.762323
1209,19,18,84.229169,0,0.738266,6.130599,0,3112.642551
1210,20,18,100,0.652804,0,22.104901,15.469265,74.099671
1211,21,18,0,0.736234,0,0.06735,0,3606.825021
1212,22,18,11.928218,1.183181,0.000096,11.558155,33.871069,64.27659
1213,23,18,0,0.021411,0.680671,0.572198,0,3616.002372
1214,24,18,0,1.173214,0,0.07267,0,3606.241668
1215,25,18,7.025634,0.640916,0,7.607162,19.986963,48.424752
1216,26,18,4.997511,0,0,0.055351,0,3608.188443
1217,27,18,10.550091,0.407968,0.002278,9.315111,11.122533,38.6165
1218,28,18,18.120183,0.004437,0,0.586521,0,1949.306984
1219,29,18,56.182278,25.640358,2,22.104901,14.943862,58.379038
1220,30,18,28.587359,0.900011,0.59799,7.107703,0,55.154143
1221,31,18,7.61066,0.740609,0,8.214931,27.379139,52.978564
1222,32,18,14.014655,1.555336,0.000049,13.018958,33.681681,76.065389
1223,33,18,14.23739,0,1.531441,4.156842,0,2936.840916
1224,34,18,4.629977,0.31285,0,4.08717,0,68.002795
1225,35,18,0,0.74452,0,0.066856,0,3606.78723
1226,36,18,35.000915,0.780559,0,21.928557,18.615199,55.48293
1227,37,18,12.704162,0.481243,0.0027,11.088367,19.941815,41.497394
1228,38,18,22.228234,0,0.006964,3.440132,0,3428.722981
1229,39,18,23.82618,0.555682,0,17.876814,20.275713,43.922975
1230,40,18,67.434207,71.667953,0,22.104901,15.85323,76.106321
1231,41,18,0,0.468966,0,0.06661,0,3607.648984
1232,42,18,18.788797,0.542638,0,15.367958,19.653271,41.811843
1233,43,18,43.476773,12.035321,0.725617,22.104901,16.102053,60.354365
1234,44,18,0,0.689793,0,0.06971,0,3607.021747
1235,45,18,0,0.466391,0,0.066473,0,3607.65623
1236,46,18,15.051003,0.087305,0.000462,6.427692,0,75.322846
1237,47,18,35.095708,12.913997,0.410105,21.873971,20.063993,63.043574
1238,48,18,6.37226,0.278294,0.000197,5.295898,0,56.658954
1239,49,18,3.310042,0.519782,0,3.541378,1.088724,59.619086
1240,50,18,45.466251,5.014883,1.390782,13.368743,1.804077,41.368138
1241,51,18,9.424018,2.290435,0,9.863754,46.019489,83.881662
1242,52,18,3.172216,7.998171,2,2.697976,8.697248,138.702887
1243,53,18,100,53.725343,0.525845,22.104901,17.125878,89.297637
1244,54,18,6.172594,0.348808,0.104446,3.073876,0.039402,53.257793
1245,55,18,27.162886,0,0.367141,3.872578,0,3171.514618
1246,56,18,4.80465,37.296332,0.714954,4.986197,35.427783,75.862554
1247,57,18,74.996066,81.923803,0.218987,22.104901,17.461442,80.050034
1248,58,18,100,4.283332,0,22.104901,16.03851,83.974538
1249,59,18,9.017537,1.58567,0.026534,8.09338,40.147464,78.590728
1250,60,18,37.762197,51.820238,2,22.104901,17.868372,61.696227
1251,61,18,10.569125,1.34719,0,10.649002,35.724196,69.291541
1252,62,18,15.413825,1.18848,0.024768,11.854327,28.047691,60.368327
1253,63,18,5.722332,0,1.544769,2.817893,0,2875.900346
1254,64,18,13.806727,11.63461,0,13.002718,30.000713,69.817686
1255,65,18,11.977034,0.503255,0.028457,7.331182,19.552297,41.960247
1256,66,18,100,4.758363,0.705488,22.104901,11.188199,58.686023
1257,67,18,100,23.314465,2,22.104901,14.610528,70.895347
1258,68,18,1.622703,0.384976,0,1.561886,0,154.783458
1259,69,18,4.233951,0,0,0.055351,0,3608.188443
1260,0,19,5.994134,69.901527,0.459538,6.130599,34.548082,76.692517
1261,1,19,21.746107,27.600382,0.084537,17.643609,27.050946,68.452962
1262,2,19,100,31.750295,1.156813,22.104901,17.612213,85.321748
1263,3,19,20.198598,0.690775,0.002038,16.076859,22.614548,46.952154
1264,4,19,8.339106,2.29619,0.005364,8.872001,47.056705,86.446448
1265,5,19,15.27076,0.092082,0,6.817626,0,70.826195
1266,6,19,4.525133,0.000412,0.001279,0.256496,0,3547.215807
1267,7,19,8.49546,0,0.000159,0.090619,0,3606.293344
1268,8,19,3.10349,0,0.003602,0.391895,0,3590.833507
1269,9,19,33.181736,44.292094,0.183143,22.060149,21.760849,69.983168
1270,10,19,6.820222,0.260527,0.000093,5.487415,0,56.590032
1271,11,19,61.173739,0,0,0.055351,0,3608.188443
1272,12,19,0,0.897927,0.003677,0.063629,0,3606.356464
1273,13,19,1.017292,1.349218,0.029704,1.375396,10.095667,95.701445
1274,14,19,27.427157,23.097448,1.594967,15.374993,14.119849,49.823672
1275,15,19,3.459882,0.248093,0,2.742533,0,111.150371
1276,16,19,52.80198,0.34723,0,22.104901,11.644299,45.250514
1277,17,19,10.47055,40.851525,1.134813,8.476789,26.879998,59.656831
1278,18,19,13.264159,0,0.042721,3.34204,0,3304.434908
1279,19,19,9.435095,30.057686,0.661612,8.363512,38.365974,69.610245
1280,20,19,11.351754,0.484754,0,10.637687,19.151212,41.844926
1281,21,19,8.899891,1.060196,0,9.338355,38.029673,65.748531
1282,22,19,18.072734,0.111682,0,9.089071,0,51.615232
1283,23,19,7.232055,0,0.426727,2.817893,0,3169.441234
1284,24,19,4.983787,2.144308,0.008728,5.937417,54.249302,99.475674
1285,25,19,11.843376,0.618858,0,11.272559,24.876329,46.542509
1286,26,19,6.529018,0.228195,0,4.938716,0,66.376321
1287,27,19,4.895541,0.242576,0,3.824868,0,81.82067
1288,28,19,18.118385,0.462745,0,14.782111,17.057093,39.091463
1289,29,19,89.894066,0,0.736833,6.130599,0,3100.376649
1290,30,19,31.034519,0.467561,0,20.449053,16.237336,43.517547
1291,31,19,7.896841,0.51937,0,8.058287,14.336215,43.455192
1292,32,19,1.231024,0,0,0.055351,0,3608.188443
1293,33,19,0,58.08776,0,2.676815,0,3672.021906
1294,34,19,5.098468,0,0,0.055351,0,3608.188443
1295,35,19,6.56175,0.914141,0,7.485237,32.61299,60.815297
1296,36,19,3.100374,0.808643,0,3.861806,12.50981,60.284305
1297,37,19,0,0.534186,0.007445,0.064872,0,3607.446129
1298,38,19,19.242946,0.05482,0.000662,5.885921,0,92.785019
1299,39,19,0,0.986248,0,0.068461,0,3605.979209
1300,40,19,89.196033,100,1.25056,22.104901,17.978016,86.60843
1301,41,19,21.443997,0,0,0.055351,0,3608.188443
1302,42,19,6.934917,0,0,0.055351,0,3608.188443
1303,43,19,70.551385,24.635745,1.342976,22.104901,16.835602,67.931088
1304,44,19,11.920124,0,0,0.055351,0,3608.188443
1305,45,19,3.412727,0.381965,0,3.235605,0,74.927601
1306,46,19,5.60428,0.222978,0.000421,4.165462,0,78.051661
1307,47,19,77.181337,77.812459,0.192758,22.104901,17.461442,80.434356
1308,48,19,8.169268,0,0.000126,0.076786,0,3606.722933
1309,49,19,8.945808,0,0,0.055351,0,3608.188443
1310,50,19,81.710109,0.14048,0.541065,6.130599,0,286.893989
1311,51,19,11.415485,0,0,0.055351,0,3608.188443
1312,52,19,0,1.540413,0,1.800403,0,3566.543695
1313,53,19,0,40.478174,0,2.841037,0,3443.602702
1314,54,19,0,0.460464,0.120749,0.195241,0,3609.31078
1315,55,19,49.59122,76.70765,0.86316,22.104901,19.374012,73.430481
1316,56,19,4.592307,32.938219,0.565624,4.986197,30.899785,78.503286
1317,57,19,50.697889,54.744752,0,22.104901,17.390498,74.324702
1318,58,19,0,2.722079,1.16419,0.936809,0,3641.218158
1319,59,19,9.749801,0.963037,0.001628,9.810273,34.856036,60.500772
1320,60,19,23.162999,14.552527,0,18.430854,28.861634,69.155648
1321,61,19,16.09991,0,0,0.055351,0,3608.188443
1322,62,19,13.296908,1.920217,0.018801,11.560028,35.297915,80.830812
1323,63,19,27.25855,48.729964,0,20.320214,25.939383,71.422536
1324,64,19,75.571871,1.774473,1.020775,13.019479,1.125962,55.489974
1325,65,19,0,0.033474,0.031906,0.067015,0,3608.166732
1326,66,19,7.381115,1.794116,0.230163,4.558478,42.592115,64.252956
1327,67,19,59.776364,12.576976,0.697288,22.104901,17.588957,66.757763
1328,68,19,4.469135,0.334037,0,4.048245,0,66.119148
1329,69,19,5.241752,0.068298,0,1.946671,0,353.198055
1330,0,20,9.566087,0,0,0.055351,0,3608.188443
1331,1,20,48.656099,2.53694,0,22.104901,18.563809,73.853964
1332,2,20,0,0,1.309764,0.711944,0,3623.403912
1333,3,20,0,0.603796,0.000853,0.070288,0,3607.282904
1334,4,20,12.012821,0.689856,0.013088,9.744052,25.082278,47.66926
1335,5,20,16.514887,0.173138,0,10.693446,0.004617,38.516965
1336,6,20,1.820981,0,0.000988,0.104748,0,3605.465671
1337,7,20,3.731564,1.092452,0.0002,4.917255,28.04982,68.234538
1338,8,20,6.893625,0.235971,0,5.29427,0,61.281888
1339,9,20,0,0,0.423279,0.619939,0,3607.852171
1340,10,20,0,0,0.000185,0.055555,0,3608.188214
1341,11,20,5.284621,0.113765,0,2.736973,0,163.781406
1342,12,20,13.276701,0.900816,0.006293,11.758327,28.077867,53.635654
1343,13,20,0,1.919726,0.020389,0.283083,0,3600.849441
1344,14,20,100,82.04583,0.757256,22.104901,17.643195,90.242352
1345,15,20,8.547312,0.390659,0,8.057639,6.11713,39.705868
1346,16,20,11.724827,0.49016,0,10.935046,20.197661,42.168087
1347,17,20,24.749759,12.238859,0.54371,15.162828,19.054757,56.291279
1348,18,20,6.571374,0.317284,0.063913,3.229596,0.011509,52.864689
1349,19,20,21.587187,63.155789,0,17.643609,23.046653,67.762693
1350,20,20,13.476776,0.12378,0,7.265763,0,60.451078
1351,21,20,15.704133,0,0,0.055351,0,3608.188443
1352,22,20,0,0,0.000818,0.055837,0,3608.187016
1353,23,20,16.258506,6.965431,0.147955,12.25583,31.502798,66.901125
1354,24,20,9.311455,0.397711,0.011778,7.008244,7.365633,38.852149
1355,25,20,12.430512,0,0,0.055351,0,3608.188443
1356,26,20,9.680624,0.568421,0,9.575568,21.989071,45.432761
1357,27,20,3.551091,0.064886,0,1.279304,0,698.599112
1358,28,20,7.511777,0.784534,0,8.173778,29.384622,55.071822
1359,29,20,0,9.069993,0,2.564531,0,3646.4515
1360,30,20,14.216523,0.845419,1.234414,3.872578,0,407.955079
1361,31,20,8.801508,0.180441,0,5.901215,0,62.762566
1362,32,20,0,0.564318,0.00151,0.069328,0,3607.385609
1363,33,20,14.522414,91.110662,0.510857,13.002718,26.886246,63.696657
1364,34,20,6.878204,0.869885,0,7.702103,31.631792,58.873927
1365,35,20,14.321639,0.766898,0,13.023978,25.758899,49.651892
1366,36,20,0,0,0,0.055351,0,3608.188443
1367,37,20,13.972333,0.308156,0.019712,7.86513,5.143894,34.451046
1368,38,20,15.925999,0.571687,0,13.763949,19.552358,42.500505
1369,39,20,21.582729,0.197372,0,14.220745,1.811105,31.284651
1370,40,20,28.877934,27.338267,2,15.162828,14.933244,49.235231
1371,41,20,32.37831,0.490999,0,20.911222,16.370353,44.946104
1372,42,20,0,0.249805,0,0.055776,0,3608.162725
1373,43,20,43.881667,18.352119,0,22.104901,17.315092,71.167021
1374,44,20,13.051171,0.524115,0,11.893861,21.693048,42.806531
1375,45,20,14.013143,0.280339,0,11.195912,4.376251,34.303937
1376,46,20,0,0.444804,0.000322,0.065401,0,3607.714874
1377,47,20,36.558024,82.227776,0.153333,22.104901,17.534586,69.048
1378,48,20,9.556932,0.549388,0.000011,9.443727,20.393257,44.511441
1379,49,20,15.083581,0.255354,0,11.572052,3.054991,33.711791
1380,50,20,37.404157,0,0.600479,4.986197,0,3140.333029
1381,51,20,11.961662,1.961132,0,11.649714,39.307561,78.855522
1382,52,20,7.647713,0,0,0.055351,0,3608.188443
1383,53,20,96.942284,60.265234,2,22.104901,17.264715,83.865973
1384,54,20,9.40688,0.055871,0.025703,3.362933,0,206.428572
1385,55,20,31.864271,92.781383,0.138084,21.827432,22.711538,69.042868
1386,56,20,6.834278,16.860876,0,8.013185,34.789188,78.160796
1387,57,20,0,17.778035,0.854184,1.122052,0,3621.871576
1388,58,20,84.379672,0,1.514228,6.130599,0,2928.666029
1389,59,20,9.562143,0,0.004086,1.297545,0,3548.175124
1390,60,20,37.240546,0,2,4.986197,0,3050.259105
1391,61,20,0.103409,0.128276,0,0.080263,0,3255.694087
1392,62,20,0,0,0,0.055351,0,3608.188443
1393,63,20,47.591348,84.451989,0.421803,22.104901,16.134502,69.425119
1394,64,20,100,12.494642,2,22.104901,10.637215,56.940055
1395,65,20,7.353798,0,0.014614,2.327707,0,3460.074269
1396,66,20,0,2.883803,0,2.175328,0,3602.84959
1397,67,20,22.120914,0,0,0.055351,0,3608.188443
1398,68,20,10.291682,0.309584,0,8.886554,2.667139,37.564044
1399,69,20,16.660009,0.635988,0,14.317059,20.7931,44.307199
1400,0,21,12.998276,0.314275,0,10.865396,6.453116,35.24194
1401,1,21,47.780049,0,0.801786,4.986197,0,2992.702234
1402,2,21,60.644011,100,0,22.104901,15.706112,74.055798
1403,3,21,13.735462,0.053537,0.000542,4.161241,0,131.250676
1404,4,21,6.01543,0,0.012948,1.87288,0,3492.552361
1405,5,21,2.040245,0.552346,0,2.249178,0,85.887556
1406,6,21,10.765518,0.724007,0.000986,10.460436,28.946501,51.137613
1407,7,21,9.708291,0.98054,0.000073,9.950014,35.70329,61.597328
1408,8,21,11.113303,0.473187,0,10.422393,17.781308,41.255583
1409,9,21,65.171214,9.437371,0,22.104901,16.679091,76.008959
1410,10,21,22.687147,0.736101,0.001805,17.479473,23.546338,49.631477
1411,11,21,0,0.179998,0,0.054338,0,3608.23862
1412,12,21,5.342527,0.337238,0.005209,4.485913,0.00487,55.808357
1413,13,21,6.752462,1.032408,0,7.69004,37.705996,66.699647
1414,14,21,20.84545,100,0.236431,16.78556,25.941396,67.711776
1415,15,21,7.616015,0.444047,0,7.542228,8.171746,41.625323
1416,16,21,98.467434,0,0,0.055351,0,3608.188443
1417,17,21,0,0,0.388753,0.875701,0,3635.742038
1418,18,21,0.649555,0.066948,0,0.258089,0,2578.185459
1419,19,21,90.611932,66.407427,1.601688,22.104901,17.769063,84.769089
1420,20,21,14.121581,0.158993,0,8.772875,0.001216,46.573046
1421,21,21,0.159236,0.531981,0,0.186372,0,1925.722579
1422,22,21,6.550173,0.891747,0.001588,7.333253,31.584059,59.674841
1423,23,21,0,8.083461,0.025361,2.042333,0,3691.161382
1424,24,21,10.592651,0,0.0046,1.556892,0,3533.412683
1425,25,21,7.278418,0.248999,0,5.735834,0,55.626749
1426,26,21,6.200398,0.170356,0,4.047388,0,91.321851
1427,27,21,8.524133,0.479289,0,8.443394,12.899426,41.801615
1428,28,21,13.850771,0,0,0.055351,0,3608.188443
1429,29,21,49.464156,55.725906,1.859593,22.104901,18.885788,68.512862
1430,30,21,13.189581,0.83772,0.192728,6.029091,13.588097,43.230557
1431,31,21,9.053402,0.286258,0,7.596113,0.362061,41.450598
1432,32,21,8.871538,0.690213,0.001917,8.906636,27.755765,51.068153
1433,33,21,7.256036,60.199723,0.549019,7.286218,40.515294,77.042232
1434,34,21,6.090013,0.997708,0,7.122407,34.498216,64.539665
1435,35,21,6.802466,0.065629,0,2.442996,0,248.853265
1436,36,21,16.877626,0.273941,0,12.880656,6.687269,33.29738
1437,37,21,9.94364,0.221309,0.002893,7.047055,0.004359,47.224477
1438,38,21,12.733433,0.289512,0.000963,10.213229,3.750282,35.146876
1439,39,21,8.400058,0.02123,0,1.190215,0,974.68049
1440,40,21,7.169482,0,0,0.055351,0,3608.188443
1441,41,21,30.765399,0.616419,0,20.728198,19.195256,48.917008
1442,42,21,0.759136,0.532539,0,0.834482,0,284.517936
1443,43,21,0,0,0.107765,0.089066,0,3608.052461
1444,44,21,5.183175,0.57734,0,5.756608,10.105929,48.277591
1445,45,21,9.094415,0.246848,0,7.113273,0.00547,46.285943
1446,46,21,24.081091,0.433969,0.000303,17.570021,16.508045,39.460829
1447,47,21,15.65492,47.673386,0.148209,14.009564,23.829901,64.533467
1448,48,21,8.198828,0.591616,0.000166,8.449957,20.068567,46.243271
1449,49,21,12.070787,0.397488,0,10.815165,12.96628,38.051351
1450,50,21,45.650086,10.965027,0.987275,22.104901,14.517121,57.069114
1451,51,21,6.925401,2.439636,0,7.934286,57.409358,95.144515
1452,52,21,6.435939,1.687704,0,7.48164,51.616707,95.170128
1453,53,21,17.166939,43.433056,1.498048,11.871692,26.81414,58.004485
1454,54,21,10.756736,0.026515,0.012443,3.242192,0,516.440409
1455,55,21,0.028208,43.204843,0.537561,1.705377,0,3613.983686
1456,56,21,13.425076,0,1.260158,3.020146,0,3238.035187
1457,57,21,56.984712,70.105125,0.25938,22.104901,18.83699,76.930581
1458,58,21,100,11.628647,0.558833,22.104901,17.887348,84.045078
1459,59,21,0,0.910373,0.020983,0.065737,0,3606.455935
1460,60,21,42.82211,5.526979,1.449743,13.686342,1.357927,44.20534
1461,61,21,6.331051,0.915152,0,7.307379,31.922144,60.717481
1462,62,21,7.602084,1.655039,0.028792,6.988916,45.978382,88.343251
1463,63,21,1.332071,73.83327,0.306142,2.937082,1.688101,99.618471
1464,64,21,30.8911,9.448134,0.124306,21.045682,25.047617,68.034744
1465,65,21,11.535684,0.446626,0,10.647836,16.360976,40.099715
1466,66,21,100,8.108477,0.150157,22.104901,18.526075,92.469915
1467,67,21,0,0.063188,0,0.055009,0,3608.235879
1468,68,21,7.137689,0.368111,0,6.634381,2.163627,42.808392
1469,69,21,9.516489,0.335953,0,8.495068,3.58569,38.334485
1470,0,22,6.207189,0.113432,0,3.205422,0,136.418033
1471,1,22,15.266307,19.16303,0.546356,10.749913,27.702748,60.250522
1472,2,22,25.242899,0,0.328614,3.872578,0,3173.175623
1473,3,22,8.546967,0.18044,0.0002,5.711206,0,64.445293
1474,4,22,0.49634,1.519774,0,1.809057,0,153.150984
1475,5,22,6.999308,0.21445,0,5.134626,0,65.959672
1476,6,22,8.370282,0,0.000624,0.250006,0,3600.800828
1477,7,22,10.38604,0.649861,0.000048,10.23289,28.270042,49.659075
1478,8,22,3.432355,0.27977,0,2.895469,0,99.842055
1479,9,22,4.572139,12.316993,0.045048,5.87671,25.555831,74.968155
1480,10,22,7.919424,0.395443,0.000929,7.409367,5.227878,40.627771
1481,11,22,11.814085,0.367448,0,10.467996,9.792026,37.029335
1482,12,22,7.669912,0.196629,0.002517,5.169908,0,65.748892
1483,13,22,3.644526,0,0.011064,1.059092,0,3544.985276
1484,14,22,48.03366,74.231652,0.768981,22.104901,19.225075,71.898329
1485,15,22,8.740936,0.379215,0,8.152072,5.600805,39.367327
1486,16,22,78.071012,0.369811,0,22.104901,13.496599,51.885906
1487,17,22,27.0825,33.212788,0.710175,18.430854,23.379248,64.99096
1488,18,22,0.320767,0.184134,0,0.233436,0,2299.016544
1489,19,22,100,46.448846,2,22.104901,18.066011,87.235807
1490,20,22,9.100323,0.429782,0,8.720006,10.289979,39.9659
1491,21,22,2.312131,0.487789,0,2.417982,0,85.819459
1492,22,22,7.43071,0.371817,0.000519,6.865936,2.807984,41.853148
1493,23,22,11.790695,4.98159,0.532638,7.311974,23.187545,49.952356
1494,24,22,0,0.803365,0.00334,0.062291,0,3606.584062
1495,25,22,7.749315,0.455653,0,7.715673,9.332293,41.703882
1496,26,22,6.809485,0.185763,0,4.650377,0,77.231057
1497,27,22,6.119489,0.464977,0,6.238395,5.979596,44.563632
1498,28,22,11.699409,0.013441,0,1.08716,0,1124.043344
1499,29,22,36.085082,45.394971,0.46306,22.104901,18.926886,67.985292
1500,30,22,20.088488,0.501231,1.201598,3.872578,0,788.382946
1501,31,22,8.234214,0.526546,0,8.354435,15.692289,43.591296
1502,32,22,4.844292,0.3894,0.000284,4.588834,0.172908,53.690618
1503,33,22,5.382085,0,0.672944,2.280058,0,3401.445639
1504,34,22,5.057614,0.021684,0,0.738533,0,1572.043255
1505,35,22,5.001563,0.317444,0,4.435575,0,62.516665
1506,36,22,15.118285,0.115668,0,7.79984,0,58.15385
1507,37,22,8.071146,0.313015,0,7.054101,0.633937,42.537819
1508,38,22,12.323256,0.067685,0.000082,4.47631,0,115.215904
1509,39,22,5.929177,0.306968,0,5.171663,0.002278,55.31279
1510,40,22,2.892827,0.289053,0,2.484694,0,114.001709
1511,41,22,1.20506,0.046931,0,0.35252,0,2333.007155
1512,42,22,11.65729,0.459884,0,10.783647,17.686627,40.722202
1513,43,22,5.943868,0.063489,0.042482,2.603098,0,343.208479
1514,44,22,1.103327,0.300575,0,0.98256,0,397.753759
1515,45,22,7.19828,0.29419,0,6.142769,0.006135,48.511073
1516,46,22,3.716419,0,0.000257,0.073233,0,3606.790773
1517,47,22,38.907145,0,0.258099,4.986197,0,3219.665608
1518,48,22,7.019623,0.220036,0.000047,5.210239,0,64.255374
1519,49,22,6.865949,0.359184,0,6.324088,1.335734,44.093803
1520,50,22,36.724606,0,0.998145,4.986197,0,3199.991475
1521,51,22,3.839072,0,0,0.055351,0,3608.188443
1522,52,22,8.132212,0.624699,0,8.461137,22.035028,47.713503
1523,53,22,47.045538,49.528636,0.96226,22.104901,20.127592,72.123415
1524,54,22,5.063478,0.134168,0.092997,2.347485,0,154.949109
1525,55,22,11.674019,6.201135,0.893264,6.831033,19.065419,51.485763
1526,56,22,11.526525,64.263304,0.088521,10.742832,28.500943,68.472382
1527,57,22,49.926651,94.48787,0.066334,22.104901,17.479981,73.691686
1528,58,22,50.014747,2.346214,0.102511,22.104901,20.636466,72.9563
1529,59,22,5.042214,0.761282,0.008238,5.34845,19.693552,53.984984
1530,60,22,16.142069,24.370497,0.264494,13.002718,23.310612,65.457491
1531,61,22,8.176092,0.853799,0,8.740317,34.291227,58.962124
1532,62,22,4.457631,0.166197,0.027083,2.638375,0,130.473494
1533,63,22,5.073587,32.947075,0.667626,4.986197,35.191256,77.575359
1534,64,22,12.427143,9.64926,0,11.871692,38.162462,75.41153
1535,65,22,11.411772,0.272332,0.008018,7.85599,0.798159,37.18215
1536,66,22,0,10.631763,0.480257,0.909664,0,3627.667767
1537,67,22,31.799141,0.235452,0,19.172039,6.904949,34.587247
1538,68,22,7.775879,0.386666,0,7.347306,4.395866,40.902595
1539,69,22,7.110451,0.178389,0,4.75042,0,77.04698
1540,0,23,7.1502,0.33704,0,6.440669,0.738028,44.271607
1541,1,23,12.532868,0.831346,0.476503,3.872578,0,100.032938
1542,2,23,21.559456,93.50374,0.979023,16.78556,24.910233,63.409509
1543,3,23,7.251329,0.203007,0.002011,5.004987,0,67.188575
1544,4,23,11.469352,0,0.006355,2.08421,0,3499.941328
1545,5,23,8.029275,0.237293,0,6.171799,0,53.263861
1546,6,23,6.186103,0.42325,0.000765,6.00601,3.549541,44.528134
1547,7,23,8.034278,0.311631,0.000059,7.002623,0.556676,42.76641
1548,8,23,13.393996,0.354275,0,11.43082,10.91403,36.315704
1549,9,23,48.00675,7.635457,0.082183,22.104901,18.943258,72.233513
1550,10,23,6.532418,0.347358,0,5.95511,0.539798,46.272564
1551,11,23,7.059252,0.11302,0,3.633247,0,119.757945
1552,12,23,6.593797,0.348744,0.002301,5.787038,0.572704,45.815309
1553,13,23,2.74822,1.579194,0.033083,3.135577,36.352158,88.058913
1554,14,23,20.360633,3.88145,1.155898,7.804265,0.307784,41.280326
1555,15,23,7.409547,0.41899,0,7.226276,5.918559,41.620955
1556,16,23,88.56462,0.120259,0,22.104901,4.039591,39.310124
1557,17,23,19.277034,10.559159,0.414159,12.482719,24.057641,58.274254
1558,18,23,3.309224,0.268542,0,2.737009,0,107.48796
1559,19,23,18.132689,35.50302,0.443707,14.009564,23.162367,65.00027
1560,20,23,13.937671,0.175019,0,9.116455,0.003999,43.516831
1561,21,23,11.024247,0.353948,0,9.815017,7.32593,37.012753
1562,22,23,9.136648,0.30047,0,7.830243,0.957228,40.18961
1563,23,23,1.977654,0,0.188917,1.417285,0,3401.411607
1564,24,23,4.395322,0.824026,0.006592,4.945699,20.033622,57.027792
1565,25,23,8.256992,0.364269,0,7.62795,3.690559,40.143856
1566,26,23,9.058458,0.418756,0,8.637408,9.319839,39.703719
1567,27,23,7.473799,0.422637,0,7.306154,6.312506,41.54001
1568,28,23,11.250903,0.022098,0,1.643918,0,626.724285
1569,29,23,0,6.581787,1.391724,0.616883,0,3628.670574
1570,30,23,49.332995,1.2302,0,22.104901,18.510234,74.301714
1571,31,23,9.015753,0.195897,0,6.300716,0,57.060609
1572,32,23,6.815881,0.347002,0,6.20593,0.783746,44.993858
1573,33,23,5.573023,54.783303,0,7.286218,22.705192,76.620701
1574,34,23,6.830051,0.375383,0,6.398498,2.078899,43.559739
1575,35,23,4.683573,0.559646,0,5.144014,7.313354,49.482718
1576,36,23,9.44942,0.219453,0,6.98179,0.002086,49.581481
1577,37,23,8.574758,0.348756,0,7.780112,3.131762,39.744851
1578,38,23,14.709162,0.294952,0.000189,11.738474,6.581934,34.232263
1579,39,23,8.922542,0.340807,0,8.02574,3.091182,39.227191
1580,40,23,6.54408,0.450085,0,6.571993,6.071793,43.493546
1581,41,23,9.888491,0.126857,0,5.439519,0,78.031834
1582,42,23,0,0.512877,0,0.068832,0,3607.527818
1583,43,23,3.202193,0.29181,0,2.758242,0,102.457217
1584,44,23,7.608919,0.469758,0,7.648421,10.034629,42.175883
1585,45,23,10.317191,0.365236,0,9.352025,7.177025,37.67397
1586,46,23,11.802499,0.145795,0.000322,6.970253,0,58.538306
1587,47,23,18.689857,69.7089,0.239408,15.912678,25.430192,65.706446
1588,48,23,6.52428,0.366446,0.000123,6.047715,1.21975,45.081026
1589,49,23,7.996328,0.36357,0,7.385369,3.222759,40.687112
1590,50,23,40.902826,2.161486,0.087348,22.104901,20.830902,70.775371
1591,51,23,2.764611,0.268107,0,2.290803,0,128.673648
1592,52,23,3.228639,1.486781,0,4.522691,36.63011,93.083849
1593,53,23,19.705417,51.966281,1.231449,14.009564,21.515489,58.031935
1594,54,23,9.245191,0.085711,0.110483,3.061592,0,146.995799
1595,55,23,12.089288,93.802533,0.617386,10.742832,29.110627,67.623217
1596,56,23,11.079933,27.796134,0,10.742832,28.768825,72.413055
1597,57,23,22.562457,61.708035,0.188045,17.643609,27.526211,68.803169
1598,58,23,26.728268,7.243998,0.695868,14.863931,16.377601,48.280979
1599,59,23,5.961991,0.316056,0.002784,4.998349,0.005212,53.649396
1600,60,23,39.651483,8.377845,1.741045,14.409885,3.731998,41.181757
1601,61,23,5.93803,0.019892,0,0.799812,0,1479.136539
1602,62,23,4.938876,0.476071,0.00992,4.508968,3.200076,48.348636
1603,63,23,20.144667,27.370622,0,16.78556,24.29913,68.229627
1604,64,23,28.929969,9.056625,1.360866,13.336433,7.825141,41.113705
1605,65,23,0,0.362543,0.023584,0.065933,0,3607.878896
1606,66,23,75.941199,0,0.791077,5.648271,0,3057.335971
1607,67,23,0,0.38221,0,0.061977,0,3607.887489
1608,68,23,8.64053,0.374453,0,8.036229,5.067679,39.480613
1609,69,23,10.469781,0.450084,0,9.852881,14.672556,40.229716
1610,0,24,7.475737,0.377029,0,7.005921,3.231111,41.664777
1611,1,24,25.798115,0.540917,0.706813,4.849725,0,238.078721
1612,2,24,60.775377,21.092513,1.29535,22.104901,16.092813,64.702935
1613,3,24,9.512199,0.495642,0.001089,9.090401,16.288215,42.132962
1614,4,24,0.653292,0.849535,0.001449,0.82809,0,175.535748
1615,5,24,8.517677,0.366765,0,7.875655,4.293909,39.670083
1616,6,24,6.467939,0.42385,0,6.354172,4.218142,43.716097
1617,7,24,8.433609,0.352373,0,7.686642,3.164071,39.962204
1618,8,24,2.600411,0.222699,0,1.951721,0,170.779691
1619,9,24,41.505906,13.802846,0.305949,22.104901,19.232732,68.539438
1620,10,24,10.547402,0.37419,0.000407,9.497573,8.303369,37.707964
1621,11,24,7.902918,0.091162,0,3.550683,0,133.32925
1622,12,24,9.313505,0.39932,0.000817,8.59847,8.194523,39.057919
1623,13,24,4.231486,0.030129,0.022313,2.004286,0,1362.803226
1624,14,24,55.63483,73.873826,1.243485,22.104901,19.996496,73.374592
1625,15,24,8.503667,0.406591,0,8.111428,7.255945,39.954493
1626,16,24,0,0,0,0.055351,0,3608.188443
1627,17,24,9.188999,7.946509,0.383135,6.861875,36.020136,66.157699
1628,18,24,10.353405,0.390804,0,9.520334,9.436079,38.231006
1629,19,24,24.844182,49.503134,1.819718,15.912678,23.13603,60.051634
1630,20,24,6.351346,0.119672,0,3.387997,0,125.758904
1631,21,24,6.001553,0.314605,0,5.286642,0.005157,53.535846
1632,22,24,8.815147,0.345615,0,7.967831,3.267685,39.346873
1633,23,24,3.746345,5.143671,0.82681,2.817893,0,69.896532
1634,24,24,7.553116,0.128823,0.001372,4.104835,0,98.742337
1635,25,24,8.344455,0.363529,0,7.700778,3.780225,39.987164
1636,26,24,6.736844,0.362417,0,6.228612,1.316768,44.430477
1637,27,24,9.129769,0.384784,0,8.510484,6.737459,38.978604
1638,28,24,10.527741,0.496659,0,10.044893,18.504928,42.251428
1639,29,24,51.115271,32.668448,0.979446,22.104901,19.170675,68.046483
1640,30,24,27.033081,1.07515,1.112043,5.08102,0,139.64027
1641,31,24,8.994515,0.416146,0,8.569976,8.982506,39.689197
1642,32,24,8.812522,0.376971,0,8.197902,5.556556,39.26083
1643,33,24,3.32762,53.499022,0.074171,4.986197,17.317791,81.454624
1644,34,24,8.796612,0.407844,0,8.362383,7.933071,39.68041
1645,35,24,8.578816,0.307059,0,7.429708,0.796311,41.326962
1646,36,24,8.680576,0.322245,0,7.660193,1.628777,40.258667
1647,37,24,8.628986,0.379353,0,8.057921,5.412809,39.516478
1648,38,24,11.798788,0.084031,0.000205,4.965524,0,97.461939
1649,39,24,9.527991,0.246877,0,7.446721,0.005746,44.535539
1650,40,24,9.934107,0.43476,0,9.401493,12.366736,39.75105
1651,41,24,8.045749,0.560286,0,8.279413,17.582281,44.948184
1652,42,24,2.765776,0.346007,0,2.555975,0,100.177997
1653,43,24,5.637171,0.355785,0,5.193146,0.127051,50.865102
1654,44,24,1.369812,0.414191,0,1.34381,0,173.874729
1655,45,24,7.849164,0.2836,0,6.576442,0.00615,46.52767
1656,46,24,9.437184,0.4075,0.000061,8.876584,9.147868,39.165839
1657,47,24,12.592448,0,0,0.055351,0,3608.188443
1658,48,24,9.096056,0.387689,0.000071,8.487629,6.902471,39.052146
1659,49,24,8.521277,0.367328,0,7.882996,4.340722,39.662201
1660,50,24,75.772993,9.70801,1.422837,22.104901,11.555169,56.923476
1661,51,24,7.442702,0.934183,0,8.208345,35.86852,62.43376
1662,52,24,5.546341,0.808852,0,6.521224,24.25974,55.718845
1663,53,24,16.751172,51.903006,0.389155,14.009564,21.88809,62.387788
1664,54,24,2.146728,0.336828,0.082972,1.679962,0,134.788489
1665,55,24,12.343691,79.333852,0.471923,11.871692,31.364025,66.74931
1666,56,24,10.122399,47.067549,0.850632,8.476789,30.536042,65.679055
1667,57,24,19.989728,56.751533,0.392699,15.912678,26.077531,66.049789
1668,58,24,87.971607,8.682623,0.536428,22.104901,16.571132,74.086669
1669,59,24,8.492899,0.335054,0.001382,7.403812,2.071785,40.201856
1670,60,24,47.364186,16.518774,1.568981,22.104901,13.810552,54.109819
1671,61,24,1.736116,0.847217,0,2.206596,4.31545,75.460943
1672,62,24,4.18345,0.542519,0.012118,3.971889,4.300785,51.345797
1673,63,24,14.510054,84.809227,1.016905,11.871692,32.352921,66.550716
1674,64,24,12.535756,8.137566,0,11.871692,39.903464,76.232377
1675,65,24,8.463967,0.250986,0,6.68033,0.004859,48.471586
1676,66,24,46.442014,15.430096,0,22.104901,17.645652,73.56578
1677,67,24,0.987689,0.385599,0,0.962047,0,315.685521
1678,68,24,8.336506,0.380603,0,7.813979,4.984324,39.942246
1679,69,24,10.077283,0.410487,0,9.392174,10.612731,38.912881
1680,0,25,7.612379,0.37676,0,7.130237,3.444851,41.344277
1681,1,25,12.948105,7.609593,0.730528,7.933682,20.602685,51.683596
1682,2,25,18.652681,88.197349,0.639061,14.986921,25.522992,62.228103
1683,3,25,9.416254,0.446863,0.00011,9.021627,12.302383,40.338781
1684,4,25,8.095931,0.272077,0.010655,5.553075,0.007571,47.489074
1685,5,25,8.566517,0.379712,0,8.007115,5.32911,39.603851
1686,6,25,7.500933,0.401964,0,7.202759,4.923287,41.39858
1687,7,25,8.473542,0.356447,0,7.75818,3.497867,39.824812
1688,8,25,10.96682,0.278158,0,9.035384,1.278654,37.46473
1689,9,25,13.408559,21.234834,0.182046,11.871692,32.941439,70.527878
1690,10,25,10.528858,0.375645,0.000108,9.552835,8.419908,37.758921
1691,11,25,8.514343,0.451797,0,8.332086,10.77304,40.958148
1692,12,25,6.243641,0.363781,0.001569,5.636536,0.744539,46.473109
1693,13,25,7.792002,0.797892,0.009755,7.444726,30.6111,55.690373
1694,14,25,94.240741,17.18904,1.264897,22.104901,15.239502,71.281189
1695,15,25,6.811936,0.415907,0.000859,6.554431,4.408954,42.82888
1696,16,25,100,0.496929,0,22.104901,14.76641,64.979014
1697,17,25,12.650967,3.37537,0.101587,9.318468,35.076725,67.358121
1698,18,25,10.499616,0.214461,0,7.657278,0.004414,46.296842
1699,19,25,100,53.725417,0.353192,22.104901,17.662618,88.224954
1700,20,25,14.32396,0.316216,0,11.743545,8.334887,34.889529
1701,21,25,6.267914,0.338186,0,5.667831,0.156501,48.558033
1702,22,25,8.782996,0.350129,0,7.972657,3.534271,39.348063
1703,23,25,8.622229,0.486796,0.285571,3.017431,0,102.960479
1704,24,25,3.316006,0.586724,0.000261,3.716448,3.52811,57.191961
1705,25,25,8.352974,0.366647,0,7.730881,4.01229,39.948588
1706,26,25,8.694643,0.360662,0,7.982644,4.145613,39.412552
1707,27,25,7.073978,0.360994,0,6.526364,1.697141,43.270507
1708,28,25,8.010598,0,0,0.055351,0,3608.188443
1709,29,25,39.637558,16.464262,1.311869,20.538305,16.592265,55.479683
1710,30,25,21.732666,0.211305,0.135193,5.623915,0.38711,49.465533
1711,31,25,8.372139,0.364011,0,7.72839,3.859371,39.933568
1712,32,25,6.273083,0.338415,0,5.673737,0.163224,48.502697
1713,33,25,3.937343,60.682573,0.516099,4.986197,31.746578,81.777618
1714,34,25,6.381205,0.342984,0,5.795885,0.31127,47.430261
1715,35,25,8.965205,0.295198,0.001772,7.391212,0.54148,40.974997
1716,36,25,8.495739,0.361259,0,7.815145,3.867543,39.738418
1717,37,25,8.651358,0.33631,0,7.753262,2.425773,39.856106
1718,38,25,18.405791,0.404807,0.000426,14.611932,14.90345,37.194463
1719,39,25,8.623919,0.26982,0,7.041679,0.006087,44.871839
1720,40,25,6.478602,0.360688,0,5.981142,0.935849,45.607901
1721,41,25,7.783604,0.458958,0,7.756636,9.658717,41.745319
1722,42,25,6.52104,0.3313,0,5.849452,0.16158,47.793343
1723,43,25,7.464918,0.365088,0,6.912531,2.486449,41.949233
1724,44,25,9.388657,0.401838,0,8.819966,8.594503,39.06767
1725,45,25,8.458778,0.356532,0,7.745791,3.481251,39.851226
1726,46,25,9.734206,0.337538,0.000279,8.633972,3.991023,38.022924
1727,47,25,7.516293,0.481784,0,7.609041,10.681866,42.568041
1728,48,25,6.535511,0.333149,0.000019,5.871704,0.198969,47.52108
1729,49,25,8.881874,0.3427,0,8.00462,3.163275,39.270513
1730,50,25,56.213996,4.684966,0,22.104901,17.394825,74.41561
1731,51,25,4.586315,0.591639,0,5.150208,8.753515,50.192236
1732,52,25,4.747193,0.926116,0,5.839067,26.427859,60.879343
1733,53,25,27.144269,58.32274,0.482795,19.761602,24.071657,67.909778
1734,54,25,6.013597,0.197146,0,4.23721,0,81.987982
1735,55,25,13.46783,23.506945,0.818384,9.673498,27.234901,61.650822
1736,56,25,11.190957,49.274445,0.940083,9.617189,35.149298,67.672667
1737,57,25,45.432785,21.066697,0.125393,22.104901,17.691775,69.534308
1738,58,25,0,2.138736,0.807361,0.745369,0,3624.759443
1739,59,25,8.781146,0.342386,0,7.914086,3.000881,39.459603
1740,60,25,37.89849,16.963059,1.211608,20.270418,17.604363,55.965917
1741,61,25,11.636551,0.712551,0,11.187063,26.854158,49.43616
1742,62,25,0,0.705215,0.011894,0.059722,0,3607.013684
1743,63,25,18.427882,0,0.686177,3.872578,0,2938.785768
1744,64,25,24.670948,2.557114,1.80323,6.002085,0,64.12038
1745,65,25,9.291168,0.395637,0,8.703798,7.905353,39.014058
1746,66,25,19.439569,8.632467,0.215696,14.009564,23.737069,59.933276
1747,67,25,12.691717,0.356859,0,10.993323,10.136161,36.491293
1748,68,25,8.306103,0.381218,0,7.790969,4.974219,39.990515
1749,69,25,9.524037,0.143958,0,5.638141,0,71.792291
1750,0,26,8.261869,0.371124,0,7.682737,4.173633,40.082033
1751,1,26,14.131482,1.539861,0.736593,4.557806,0,75.434794
1752,2,26,30.401801,38.957962,0.466798,20.788804,23.453821,66.615651
1753,3,26,9.073579,0.393934,0.003202,7.975483,7.162473,39.127015
1754,4,26,6.005619,0.261154,0.00956,4.293961,0,63.509315
1755,5,26,8.619942,0.32641,0,7.644316,1.794385,40.241592
1756,6,26,9.411592,0.380216,0,8.707025,6.875492,38.645217
1757,7,26,8.789717,0.357077,0,8.035834,4.039106,39.280591
1758,8,26,6.69986,0.288781,0,5.677251,0.004212,52.452467
1759,9,26,10.501112,13.048039,0.086133,9.641415,43.894775,77.640134
1760,10,26,9.724404,0.361448,0.00017,8.813891,5.875146,38.113646
1761,11,26,7.899452,0.271035,0,6.475308,0.005691,48.107176
1762,12,26,6.764656,0.357404,0.001805,6.037113,1.072646,44.518423
1763,13,26,1.74525,0.860877,0.032224,1.976778,4.43738,74.401592
1764,14,26,0,40.81168,0.133905,2.335173,0,3722.250958
1765,15,26,9.347093,0.37002,0,8.592029,5.946801,38.582541
1766,16,26,7.302199,0.008043,0,0.427237,0,2292.811363
1767,17,26,11.469757,12.915762,0.706144,7.98987,27.806058,56.656599
1768,18,26,9.080861,0.299727,0,7.775294,0.875746,40.38034
1769,19,26,46.456509,29.299059,0.341146,22.104901,18.624,70.724779
1770,20,26,6.085578,0.143073,0,3.61037,0,109.702581
1771,21,26,8.592313,0.342933,0,7.752132,2.771216,39.821357
1772,22,26,8.84033,0.343744,0,7.976251,3.17512,39.328618
1773,23,26,7.670951,5.585461,0.56624,5.071725,46.153588,71.035785
1774,24,26,8.915679,0.597261,0,9.050696,22.206003,46.593959
1775,25,26,8.797938,0.358095,0,8.0512,4.126359,39.262174
1776,26,26,8.996849,0.338094,0,8.069128,3.009635,39.139085
1777,27,26,9.088271,0.405831,0,8.594318,8.341437,39.386401
1778,28,26,9.591951,0.374888,0,8.81714,6.757587,38.404938
1779,29,26,13.720858,12.773198,1.311969,8.111326,18.889814,45.549171
1780,30,26,75.782362,0.633239,0.671368,9.840614,0,66.306294
1781,31,26,9.116555,0.336076,0,8.155986,3.037296,38.9637
1782,32,26,8.800387,0.38151,0,8.217621,5.882731,39.309035
1783,33,26,5.574338,0,0.352911,2.33486,0,3277.187498
1784,34,26,8.695881,0.392234,0,8.195902,6.518377,39.541261
1785,35,26,8.865007,0.319209,0,7.791048,1.662722,39.941687
1786,36,26,8.590275,0.364639,0,7.922946,4.261826,39.561358
1787,37,26,8.77555,0.34496,0,7.928589,3.165134,39.426763
1788,38,26,6.438522,0.112855,0.000169,3.301894,0,131.889155
1789,39,26,8.694783,0.329191,0,7.73289,2.046726,39.970852
1790,40,26,8.866895,0.464138,0,8.651668,12.507027,41.141231
1791,41,26,8.140787,0.306991,0,7.057729,0.476462,42.753558
1792,42,26,9.049866,0.333108,0,8.074645,2.747301,39.135002
1793,43,26,8.642983,0.381352,0,8.082506,5.58803,39.509205
1794,44,26,0,0.373731,0,0.06154,0,3607.909193
1795,45,26,8.620404,0.355237,0,7.875672,3.642805,39.575376
1796,46,26,11.848797,0.233002,0.000127,8.944763,0.048447,39.334937
1797,47,26,9.122996,0,0,0.055351,0,3608.188443
1798,48,26,7.904827,0.379359,0.000032,7.413724,4.125745,40.69116
1799,49,26,8.234509,0.388805,0,7.776297,5.398167,40.121766
1800,50,26,59.318967,7.661572,0.448866,22.104901,16.888409,63.744845
1801,51,26,6.662336,0.34255,0,6.043344,0.504903,46.016555
1802,52,26,0.266332,1.20822,0,0.386852,0,415.173119
1803,53,26,28.53456,27.91282,0.338406,20.089809,24.652031,66.52538
1804,54,26,9.805713,0.241288,0,7.575663,0.005659,44.345296
1805,55,26,10.808584,66.821181,0.371856,10.742832,28.901007,67.96746
1806,56,26,8.869809,46.6261,0.36502,8.476789,33.928231,72.162555
1807,57,26,40.587822,84.484729,0.547392,22.104901,18.503181,69.507406
1808,58,26,88.504883,2.14541,0.395595,22.104901,9.858167,55.411289
1809,59,26,8.820837,0.343848,0,7.960102,3.154226,39.361774
1810,60,26,17.697519,11.315577,0.970415,10.46047,17.137171,47.713519
1811,61,26,1.542996,0.294691,0,1.35164,0,238.885872
1812,62,26,1.355541,0.695836,0.008987,1.507779,0,101.815819
1813,63,26,14.469092,33.186475,0,13.002718,27.28529,70.716044
1814,64,26,8.131106,12.300703,1.64614,4.589148,10.375474,56.997459
1815,65,26,8.988586,0.333675,0,8.026042,2.704277,39.238607
1816,66,26,100,7.451926,0.522669,22.104901,16.539513,77.219105
1817,67,26,1.391268,0.373626,0,1.332932,0,195.706535
1818,68,26,8.518409,0.3782,0,7.956852,5.132401,39.665748
1819,69,26,8.777688,0.356192,0,8.018283,3.955826,39.305132
1820,0,27,8.826518,0.355935,0,8.058067,4.014861,39.229012
1821,1,27,14.999712,12.587483,0.654917,10.093594,26.108462,59.734737
1822,2,27,33.526842,0,0.190514,4.501659,0,3097.970487
1823,3,27,7.780694,0.228825,0.001841,5.718507,0,56.579441
1824,4,27,8.723811,0.95781,0.000942,9.133612,37.587038,63.134826
1825,5,27,8.53668,0.36531,0,7.881347,4.220972,39.645165
1826,6,27,8.336183,0.388278,0,7.861281,5.547782,39.97162
1827,7,27,8.724505,0.345047,0,7.884148,3.09894,39.520048
1828,8,27,9.078834,0.323084,0,8.010872,2.135112,39.336135
1829,9,27,13.997019,5.07148,0.166421,9.907149,28.864759,60.568235
1830,10,27,7.474818,0.355955,0.000744,6.768855,1.953529,42.166746
1831,11,27,7.982939,0.330203,0,7.121771,1.278576,41.779286
1832,12,27,8.17219,0.341628,0,7.372812,2.119556,40.80165
1833,13,27,1.566851,0.648432,0,1.838431,0,94.811671
1834,14,27,51.330215,57.897386,1.491917,22.104901,18.759099,69.429428
1835,15,27,6.893451,0.374416,0,6.451041,2.126582,43.381354
1836,16,27,0,0.155323,0,0.054017,0,3608.253075
1837,17,27,10.523035,5.455455,0,10.742832,31.222945,72.076833
1838,18,27,8.838767,0.321094,0,7.785961,1.74066,39.92889
1839,19,27,17.053282,38.800119,0.72208,13.002718,30.763506,65.039422
1840,20,27,10.096018,0.339447,0,8.997043,4.68799,37.59481
1841,21,27,8.827154,0.359491,0,8.087715,4.275526,39.211323
1842,22,27,8.846063,0.343106,0,7.976584,3.139663,39.32787
1843,23,27,3.367461,5.932851,0.270716,3.062416,18.637844,70.866573
1844,24,27,3.461204,0.54142,0.000145,3.756571,2.220185,56.986198
1845,25,27,8.12063,0.378493,0,7.60746,4.447329,40.298983
1846,26,27,8.804907,0.371493,0,8.154606,5.128717,39.244997
1847,27,27,7.862893,0.364217,0,7.268948,3.054299,40.973979
1848,28,27,11.864197,0.21044,0,8.551129,0.005206,42.59916
1849,29,27,30.621883,51.55864,1.677402,19.761602,22.289796,62.115261
1850,30,27,0,1.202284,0.551846,0.681087,0,3604.358696
1851,31,27,8.467791,0.41641,0,8.126408,7.942283,40.159687
1852,32,27,8.408788,0.330926,0,7.498572,1.801077,40.586792
1853,33,27,3.909674,90.301975,0.295763,4.986197,20.098757,79.829792
1854,34,27,8.354109,0.322659,0,7.382197,1.303345,41.086319
1855,35,27,8.745404,0.381337,0,8.169656,5.770492,39.376432
1856,36,27,8.594131,0.374219,0,7.995655,4.970464,39.546184
1857,37,27,8.67075,0.356362,0,7.927857,3.800237,39.479573
1858,38,27,17.542584,0.345594,0.000578,13.756124,12.118442,35.509956
1859,39,27,8.590006,0.355524,0,7.85189,3.615537,39.62548
1860,40,27,7.317915,0.288493,0,6.188169,0.006008,48.649715
1861,41,27,8.744562,0.44005,0,8.468391,10.359402,40.476107
1862,42,27,7.588605,0.351538,0,6.9214,1.903647,42.025628
1863,43,27,7.346041,0.344143,0,6.659814,1.230957,43.117174
1864,44,27,13.859651,0.369078,0,11.834389,13.027035,36.904146
1865,45,27,8.854905,0.345442,0,8.001149,3.314158,39.279913
1866,46,27,11.175261,0.255141,0.000275,8.794406,0.3406,38.563437
1867,47,27,13.02504,0.012623,0,1.140246,0,1070.579918
1868,48,27,9.274362,0.366688,0.00002,8.507872,5.556978,38.634247
1869,49,27,8.529349,0.331362,0,7.607086,1.972422,40.279135
1870,50,27,48.184824,2.684786,0.929765,13.425714,0,45.463271
1871,51,27,7.639921,0.317666,0,6.724049,0.481807,43.761073
1872,52,27,2.604004,0.731168,0,3.146139,6.101457,62.909124
1873,53,27,40.188287,67.329018,1.459924,22.104901,20.033532,70.142799
1874,54,27,10.133618,0.321913,0,8.878487,3.372897,37.611232
1875,55,27,14.385187,8.153181,0.399546,9.983021,27.706545,58.203726
1876,56,27,8.978249,43.181299,0,9.617189,38.115052,77.727082
1877,57,27,8.465661,0,0.347512,2.817893,0,3037.571609
1878,58,27,42.757916,7.463144,0.60192,22.104901,14.92274,56.905742
1879,59,27,8.824806,0.343994,0,7.964598,3.169886,39.352534
1880,60,27,46.427435,5.149012,0,22.104901,16.968996,72.173134
1881,61,27,11.294133,0.882412,0,11.060868,29.677177,54.665755
1882,62,27,1.871136,0.332494,0,1.716308,0,155.797368
1883,63,27,8.33094,21.926682,0.241843,8.476789,48.537265,81.586363
1884,64,27,35.593371,7.234782,0,22.104901,16.261073,69.360231
1885,65,27,8.042895,0.227532,0,6.059711,0,55.205003
1886,66,27,85.929981,11.976635,0.140857,22.104901,18.244689,86.695134
1887,67,27,2.165611,0.346088,0,2.009615,0,127.092362
1888,68,27,8.911519,0.376842,0,8.280696,5.721225,39.136225
1889,69,27,10.216444,0.284407,0,8.523412,1.032338,38.586991
1890,0,28,7.877895,0.37437,0,7.3581,3.743916,40.792371
1891,1,28,18.599997,1.117233,0.892396,4.389687,0,128.143942
1892,2,28,41.028954,3.573217,0.738783,15.26721,2.409824,39.581611
1893,3,28,8.017661,0.358999,0.000648,7.287294,2.927889,40.693903
1894,4,28,6.630267,0.669689,0.008305,6.495475,20.264308,49.539981
1895,5,28,8.677608,0.348742,0,7.871215,3.279877,39.54985
1896,6,28,8.39496,0.368537,0,7.781279,4.215365,39.866039
1897,7,28,8.717984,0.343844,0,7.869461,3.009564,39.55377
1898,8,28,8.821682,0.312665,0,7.691388,1.266915,40.338901
1899,9,28,11.217062,24.906289,0.010885,10.742832,28.697712,71.276852
1900,10,28,7.677531,0.385878,0.000692,7.165885,4.126986,41.085069
1901,11,28,8.704242,0.339314,0,7.823049,2.690931,39.673055
1902,12,28,9.170047,0.343391,0,8.259171,3.63006,38.786351
1903,13,28,10.306273,0.407213,0,9.56612,10.760048,38.721786
1904,14,28,56.914202,36.079377,0.444461,22.104901,18.450844,72.678347
1905,15,28,8.113083,0.350966,0,7.386693,2.601002,40.681184
1906,16,28,12.761883,0.086608,0,5.496522,0,88.129671
1907,17,28,13.69044,0.81573,0.889234,3.872578,0,421.620619
1908,18,28,8.812795,0.344901,0,7.960689,3.214746,39.360847
1909,19,28,45.104434,26.018566,0.462337,22.104901,20.35912,72.831678
1910,20,28,14.287423,0.134075,0,8.064855,0,53.51083
1911,21,28,8.440944,0.340877,0,7.603794,2.431551,40.193833
1912,22,28,8.846636,0.343042,0,7.976616,3.136127,39.327804
1913,23,28,10.271588,0.027018,0.522554,2.817893,0,3130.041746
1914,24,28,4.815367,0.369852,0,4.500376,0.008648,56.303306
1915,25,28,8.966412,0.350006,0,8.131059,3.803177,39.049055
1916,26,28,8.669156,0.357958,0,7.939229,3.910488,39.470133
1917,27,28,8.156625,0.339756,0,7.345619,1.990599,40.902506
1918,28,28,9.124086,0.183733,0,6.17279,0,59.792533
1919,29,28,14.794048,26.057264,0.858447,10.742832,28.169276,57.464415
1920,30,28,33.282042,0.35804,0.683858,4.986197,0,271.704306
1921,31,28,8.537174,0.32089,0,7.524572,1.402201,40.678691
1922,32,28,8.362635,0.369281,0,7.758285,4.213914,39.917425
1923,33,28,7.879658,0,0.471952,2.817893,0,3353.376224
1924,34,28,8.689977,0.338242,0,7.802226,2.600966,39.726843
1925,35,28,8.877131,0.293778,0,7.538751,0.500618,41.375302
1926,36,28,8.74005,0.36657,0,8.067034,4.653555,39.327618
1927,37,28,8.860116,0.343141,0,7.989012,3.162243,39.302411
1928,38,28,19.461326,0.023246,0.000533,2.985468,0,246.178758
1929,39,28,8.582377,0.348131,0,7.781101,3.101035,39.740682
1930,40,28,6.818208,0.567193,0,7.279412,14.699356,45.735056
1931,41,28,8.686024,0.398709,0,8.225911,7.004112,39.636857
1932,42,28,8.008722,0.350414,0,7.288299,2.418485,40.94366
1933,43,28,7.40442,0.376682,0,6.93775,3.08896,41.84859
1934,44,28,0,0.405612,0,0.063204,0,3607.825546
1935,45,28,8.601008,0.354895,0,7.856324,3.588783,39.612629
1936,46,28,8.589415,0.284391,0.000221,7.168048,0.137254,43.221334
1937,47,28,8.309458,0.060103,0,2.784929,0,210.886325
1938,48,28,8.458605,0.342911,0.000013,7.63224,2.581421,40.102498
1939,49,28,8.642414,0.382324,0,8.088158,5.660293,39.516267
1940,50,28,39.913373,4.086988,0.451907,18.489769,12.17821,49.518481
1941,51,28,7.759479,0.324884,0,6.885724,0.825734,42.800779
1942,52,28,9.767508,0.141829,0,5.732809,0,71.133696
1943,53,28,6.8662,28.472206,1.358042,5.337493,48.007765,77.04601
1944,54,28,9.673386,0.300347,0,8.277844,1.423781,38.94183
1945,55,28,11.372478,82.50207,0.052176,10.742832,30.250577,71.63072
1946,56,28,9.160297,29.966232,1.315025,6.861875,37.981612,74.636352
1947,57,28,53.101375,1.541535,0.108603,22.104901,19.04343,67.930864
1948,58,28,55.855186,7.026026,0.685353,22.104901,13.517738,55.273718
1949,59,28,8.825203,0.344009,0,7.965048,3.171449,39.351609
1950,60,28,21.960162,31.187515,0.869126,14.986921,20.708421,56.613628
1951,61,28,0,0.429085,0,0.064462,0,3607.761075
1952,62,28,6.438973,0.524675,0.005122,6.261673,10.566064,44.780776
1953,63,28,31.428043,55.102305,0.675209,21.21289,25.41386,70.345947
1954,64,28,18.61626,3.598793,0.060075,14.294877,27.498416,65.833166
1955,65,28,8.087924,0.337322,0,7.267448,1.765367,41.16904
1956,66,28,53.199715,8.142032,0.247618,22.104901,18.890442,70.333941
1957,67,28,5.969361,0.34305,0,5.429323,0.101067,49.941589
1958,68,28,8.497241,0.349904,0,7.721384,3.09428,39.877741
1959,69,28,9.815289,0.163527,0,6.234924,0,62.198727
1960,0,29,7.920734,0.341081,0,7.14739,1.766193,41.47804
1961,1,29,14.854737,3.537303,0,13.567422,23.812064,67.59524
1962,2,29,32.327893,5.78113,1.203983,13.019479,3.311417,41.243891
1963,3,29,8.115253,0.389184,0.000042,7.664416,5.199501,40.307287
1964,4,29,1.685436,0.405468,0.001756,1.593899,0,139.89627
1965,5,29,8.691701,0.347086,0,7.870094,3.188758,39.548337
1966,6,29,8.996044,0.357432,0,8.212743,4.394145,38.969083
1967,7,29,8.904844,0.344157,0,8.035185,3.297731,39.210547
1968,8,29,8.734422,0.330651,0,7.779607,2.182367,39.837037
1969,9,29,60.304771,0,0.097326,5.175407,0,3112.001193
1970,10,29,8.388335,0.34857,0.000533,7.544643,2.814367,40.10409
1971,11,29,8.776372,0.340225,0,7.893329,2.850495,39.51043
1972,12,29,8.683625,0.342537,0,7.829493,2.874078,39.645847
1973,13,29,8.780323,0.587457,0,8.923809,21.236284,46.116214
1974,14,29,5.306856,15.523023,0.226002,5.4238,34.551461,76.660435
1975,15,29,8.703918,0.342534,0,7.84731,2.902476,39.605962
1976,16,29,10.751856,0.201929,0,7.601879,0.002826,47.767961
1977,17,29,10.241834,18.878234,0.655029,7.566816,35.417498,64.900809
1978,18,29,8.843997,0.346647,0,8.000282,3.381937,39.283628
1979,19,29,84.268591,23.910649,1.13007,22.104901,16.575799,74.487823
1980,20,29,9.161301,0.191569,0,6.330901,0,57.392407
1981,21,29,8.83848,0.341065,0,7.954364,2.992115,39.375313
1982,22,29,8.846694,0.343035,0,7.976619,3.135773,39.327798
1983,23,29,5.463576,4.209441,0.092378,5.126726,64.733922,102.70063
1984,24,29,5.593255,0.315252,0,4.937202,0.00032,56.879008
1985,25,29,8.603525,0.346492,0,7.787911,3.022367,39.728322
1986,26,29,8.711014,0.361319,0,8.001998,4.220138,39.383635
1987,27,29,8.35225,0.343106,0,7.542037,2.449578,40.333634
1988,28,29,8.693972,0.391393,0,8.189063,6.449407,39.533947
1989,29,29,13.12669,26.264955,0.710121,9.673498,31.873327,64.239035
1990,30,29,23.441533,1.305457,0.715964,6.662305,0,52.950707
1991,31,29,8.880428,0.3892,0,8.335055,6.63032,39.29632
1992,32,29,8.361395,0.35851,0,7.674985,3.465662,40.011679
1993,33,29,8.861544,74.952214,0.312369,9.617189,39.009643,76.43025
1994,34,29,8.852921,0.346791,0,8.009082,3.405198,39.266607
1995,35,29,8.859736,0.36271,0,8.139218,4.565632,39.156816
1996,36,29,8.821224,0.365104,0,8.124231,4.679744,39.211154
1997,37,29,8.879052,0.341819,0,7.995701,3.098814,39.288663
1998,38,29,9.297543,0.123707,0.000439,5.000317,0,84.54125
1999,39,29,8.682583,0.353667,0,7.916272,3.629198,39.483522
2000,40,29,7.74771,0.189975,0,5.344459,0,67.206558
2001,41,29,7.626677,0.463183,0,7.640556,9.595256,42.001919
2002,42,29,8.480039,0.349276,0,7.700258,3.02711,39.923448
2003,43,29,7.682332,0.329865,0,6.856914,0.957889,42.757382
2004,44,29,5.245943,0.362616,0,4.866899,0.052658,53.167668
2005,45,29,8.69914,0.343466,0,7.850076,2.957729,39.597273
2006,46,29,8.346276,0.310572,0.000165,7.24462,0.744464,41.799517
2007,47,29,7.894212,0.321246,0,6.97302,0.799753,42.575053
2008,48,29,8.38621,0.373149,0.000005,7.805799,4.529721,39.865386
2009,49,29,8.693734,0.378063,0,8.104557,5.430377,39.42266
2010,50,29,66.559353,7.766038,0.676882,22.104901,15.645549,59.446539
2011,51,29,7.787008,0.347356,0,7.071451,1.934701,41.614735
2012,52,29,0.793738,0.793697,0,0.98664,0,151.615528
2013,53,29,57.409367,67.528605,0.380656,22.104901,18.8785,75.823609
2014,54,29,9.423846,0.295899,0,8.017627,0.976169,39.735628
2015,55,29,16.43386,12.143655,0.346977,11.871692,28.977268,62.740097
2016,56,29,11.524138,72.12964,0.356908,10.742832,29.038124,68.806059
2017,57,29,29.854886,2.352081,0.185637,16.02513,16.977764,51.231119
2018,58,29,60.380657,2.548022,0.476626,22.104901,9.326117,49.981285
2019,59,29,8.825243,0.34401,0,7.965093,3.171606,39.351517
2020,60,29,36.376507,11.526365,0.268172,22.104901,18.448667,65.591286
2021,61,29,8.708224,0.59181,0,8.875489,21.352178,46.302741
2022,62,29,7.605949,0.49092,0.002124,7.428887,11.46433,42.69698
2023,63,29,1.313304,21.722466,0,3.17247,0.81761,115.27155
2024,64,29,14.433638,23.355861,2,9.170816,16.547844,47.045302
2025,65,29,8.491316,0.350652,0,7.722885,3.135399,39.876572
2026,66,29,26.04569,14.346779,0.070361,19.27959,27.000564,68.597755
2027,67,29,8.639489,0.343548,0,7.798192,2.878513,39.713264
2028,68,29,8.527126,0.361264,0,7.842362,3.9183,39.684663
2029,69,29,9.476844,0.420814,0,8.977804,10.31989,39.499192
2030,0,30,8.734855,0.403946,0,8.291906,7.506606,39.669132
2031,1,30,16.414432,14.791388,1.613227,9.310294,13.556979,42.465526
2032,2,30,5.588078,22.907007,0.42304,5.192556,34.006814,73.971008
2033,3,30,8.559776,0.38639,0,8.042602,5.817252,39.653478
2034,4,30,8.534315,0.782984,0.010031,7.918652,31.74203,55.438776
2035,5,30,8.618135,0.379421,0,8.049138,5.398701,39.531517
2036,6,30,8.087527,0.341904,0,7.300184,2.024244,41.005129
2037,7,30,8.627427,0.345113,0,7.799044,2.965065,39.706774
2038,8,30,8.877558,0.341394,0,7.991254,3.067858,39.298007
2039,9,30,40.385348,15.488336,0.226972,22.104901,18.724449,67.928868
2040,10,30,8.981455,0.340093,0.000418,7.999669,3.10018,39.12884
2041,11,30,8.935608,0.34243,0,8.049104,3.222235,39.180768
2042,12,30,8.821695,0.345224,0,7.970731,3.250236,39.340684
2043,13,30,3.515869,0.344291,0,3.23124,0,80.320951
2044,14,30,7.114593,8.679986,0.778927,4.79965,29.940799,58.721098
2045,15,30,8.846875,0.341245,0,7.963135,3.015698,39.356688
2046,16,30,7.768988,0.239142,0,5.997736,0,54.444597
2047,17,30,9.906953,0,0,0.055351,0,3608.188443
2048,18,30,8.854515,0.34021,0,7.961782,2.957241,39.360915
2049,19,30,0.052522,19.269232,0.294691,1.601489,0,3176.505666
2050,20,30,8.639335,0.292474,0,7.326619,0.333099,42.251146
2051,21,30,8.878233,0.341083,0,7.989433,3.047955,39.301885
2052,22,30,8.846699,0.343035,0,7.97662,3.135738,39.327797
2053,23,30,3.513608,4.642327,0.613713,2.817893,0.95936,64.741617
2054,24,30,6.720421,0.340402,0,6.082054,0.488531,45.909057
2055,25,30,8.680408,0.365664,0,8.009321,4.487194,39.417446
2056,26,30,8.85006,0.339579,0,7.952906,2.909188,39.38129
2057,27,30,8.78224,0.34246,0,7.915619,3.007387,39.456181
2058,28,30,9.191258,0.267897,0,7.468805,0.051518,42.893412
2059,29,30,42.082352,2.356073,0,22.104901,18.805579,72.598745
2060,30,30,22.131085,0.269627,0,15.621722,8.465465,32.803976
2061,31,30,8.65565,0.315023,0,7.572385,1.226018,40.651803
2062,32,30,8.588995,0.343043,0,7.75003,2.773752,39.82578
2063,33,30,4.617292,31.706413,0.562812,4.986197,28.436268,74.466244
2064,34,30,8.808156,0.335748,0,7.885769,2.599745,39.5455
2065,35,30,8.8695,0.336937,0,7.948937,2.760469,39.397585
2066,36,30,8.751426,0.363164,0,8.051595,4.421584,39.315195
2067,37,30,8.880946,0.341687,0,7.996362,3.092481,39.287315
2068,38,30,7.671679,0.430434,0,7.524122,7.305647,41.334065
2069,39,30,8.861564,0.349902,0,8.038618,3.636327,39.218914
2070,40,30,6.496001,0.393502,0,6.19049,2.498081,44.144416
2071,41,30,8.974606,0.411623,0,8.530088,8.58225,39.603218
2072,42,30,8.999704,0.345391,0,8.126566,3.522206,39.037492
2073,43,30,8.203816,0.340114,0,7.389718,2.072499,40.772488
2074,44,30,6.386956,0.344358,0,5.808707,0.349646,47.274783
2075,45,30,8.637825,0.341977,0,7.785041,2.772927,39.749119
2076,46,30,9.003939,0.325529,0,7.968602,2.196966,39.417214
2077,47,30,8.65498,0.373468,0,8.041972,5.019512,39.45752
2078,48,30,8.567834,0.36667,0.000002,7.918396,4.371511,39.589761
2079,49,30,8.486684,0.356716,0,7.772096,3.536366,39.797311
2080,50,30,49.635928,0,0.920253,4.986197,0,3149.116403
2081,51,30,8.299643,0.342839,0,7.493765,2.362773,40.461148
2082,52,30,3.135967,0.372066,0,2.957097,0,83.127454
2083,53,30,30.434041,14.318145,0.688726,17.862062,20.598847,57.294422
2084,54,30,9.384004,0.360696,0,8.560965,5.268917,38.472252
2085,55,30,16.380405,18.928081,0.629951,11.467332,24.876867,58.906113
2086,56,30,8.431722,0,0.209124,2.817893,0,3269.921743
2087,57,30,26.479371,41.246419,0.415204,19.135796,22.921513,65.52236
2088,58,30,38.265432,7.712176,0.569658,20.197841,16.43488,56.696978
2089,59,30,8.851684,0.342243,0,7.975076,3.08906,39.331135
2090,60,30,18.462752,16.30112,0.707231,12.461823,25.134548,56.231782
2091,61,30,8.340085,0.508456,0,8.389816,14.640101,42.890526
2092,62,30,7.897114,0.28579,0.009506,5.639975,0.007928,46.413405
2093,63,30,22.008299,40.157346,0.687388,15.912678,21.744674,61.42356
2094,64,30,11.947409,12.100103,0.085642,10.742832,29.461087,67.125203
2095,65,30,8.705359,0.347174,0,7.882837,3.214229,39.521752
2096,66,30,22.169819,14.675919,0.884543,13.990984,20.946328,51.395201
2097,67,30,8.961867,0.349349,0,8.12239,3.748728,39.061468
2098,68,30,8.714317,0.371349,0,8.077784,4.963691,39.368999
2099,69,30,9.101352,0.232961,0,6.917825,0.003906,48.606931
2100,0,31,8.851536,0.298628,0,7.571322,0.660989,41.092251
2101,1,31,19.221605,0.881911,0,15.980289,25.746721,52.933934
2102,2,31,40.987484,85.001278,1.364822,22.104901,18.641734,68.929014
2103,3,31,8.667347,0.360255,0.000062,7.94629,4.067958,39.457432
2104,4,31,6.585532,0.288867,0.008282,4.937113,0.002925,53.441762
2105,5,31,8.9978,0.325713,0,7.964954,2.200962,39.424469
2106,6,31,8.8067,0.341891,0,7.932792,3.00336,39.420199
2107,7,31,8.844814,0.344317,0,7.984283,3.221307,39.312578
2108,8,31,8.891871,0.342468,0,8.01156,3.161705,39.256324
2109,9,31,11.204985,11.793191,0.140697,9.617189,34.994812,70.21525
2110,10,31,9.040767,0.339246,0.000406,8.04591,3.125912,39.039324
2111,11,31,8.784306,0.341805,0,7.912426,2.966656,39.464272
2112,12,31,9.053782,0.340111,0.000373,8.069273,3.206424,39.005466
2113,13,31,8.396041,0.315354,0.000171,7.330027,0.989241,41.349856
2114,14,31,100,65.016994,0.407159,22.104901,17.662618,85.463205
2115,15,31,8.866188,0.341805,0,7.98445,3.07975,39.31191
2116,16,31,9.498002,0.30801,0.000139,8.196177,1.681303,38.98335
2117,17,31,9.020574,0.320685,0.000061,7.929199,1.919063,39.534146
2118,18,31,8.855342,0.346422,0,8.008554,3.382982,39.266924
2119,19,31,42.188421,36.255578,1.217144,22.104901,17.939375,64.914498
2120,20,31,8.799884,0.357804,0.000189,8.021255,4.096541,39.257392
2121,21,31,8.882741,0.341958,0,7.999911,3.113461,39.280013
2122,22,31,9.012132,0.340718,0.000081,8.088394,3.207739,39.072092
2123,23,31,4.562582,0,0.156892,2.1384,0,3288.800799
2124,24,31,8.82924,0.344023,0,7.968651,3.178252,39.344215
2125,25,31,8.87487,0.324342,0,7.846532,1.972112,39.730653
2126,26,31,8.871787,0.340409,0,7.978508,2.994155,39.325281
2127,27,31,9.142834,0.319978,0,8.036678,2.019436,39.301681
2128,28,31,8.839881,0.363723,0,8.129987,4.608155,39.184662
2129,29,31,31.231797,59.859036,2,19.761602,22.148348,61.66395
2130,30,31,25.157143,0.651038,1.024075,4.278863,0,243.451111
2131,31,31,8.832249,0.379346,0.000154,8.20447,5.76388,39.250399
2132,32,31,8.956165,0.339716,0,8.046516,3.063863,39.184863
2133,33,31,5.347563,58.508419,0.171273,6.130599,23.703539,77.837969
2134,34,31,8.826549,0.336609,0,7.908772,2.680744,39.488956
2135,35,31,8.858424,0.336268,0,7.93387,2.701382,39.433735
2136,36,31,8.674205,0.342092,0.000303,7.769365,2.81372,39.661395
2137,37,31,8.881135,0.341674,0,7.996428,3.091848,39.287181
2138,38,31,8.751703,0.377631,0,8.150832,5.499715,39.343584
2139,39,31,8.865857,0.349111,0,8.036812,3.587084,39.219502
2140,40,31,8.510505,0.391251,0,8.029294,6.093125,39.758447
2141,41,31,8.160595,0.3875,0.000259,7.661796,5.149485,40.227415
2142,42,31,8.515346,0.34485,0,7.69834,2.786751,39.938847
2143,43,31,8.328197,0.341446,0,7.508833,2.31675,40.434229
2144,44,31,9.874992,0.340788,0.000548,8.724507,4.428389,37.836717
2145,45,31,8.835348,0.34211,0,7.959684,3.057551,39.363198
2146,46,31,9.021487,0.335191,0,8.067372,2.847973,39.145982
2147,47,31,8.269071,0.289643,0.000164,6.969913,0.12512,43.899249
2148,48,31,8.636561,0.358706,0.000002,7.916748,3.911945,39.518814
2149,49,31,8.777897,0.351176,0.000394,7.916854,3.576051,39.339773
2150,50,31,29.996822,9.362368,0.921583,15.723854,10.109124,47.481419
2151,51,31,8.91333,0.34026,0.000442,7.93854,3.014286,39.245961
2152,52,31,7.916989,0.395463,0.000018,7.525914,5.275693,40.647502
2153,53,31,7.569227,65.302644,0.711869,7.286218,50.089225,83.158531
2154,54,31,9.165957,0.262246,0,7.369474,0.008959,43.712561
2155,55,31,10.05257,96.954118,0,10.742832,28.7636,71.208915
2156,56,31,12.421952,95.26765,0.521752,11.871692,32.657492,70.05725
2157,57,31,47.103131,38.168661,0.257169,22.104901,17.706645,71.625744
2158,58,31,75.566235,0.790325,0.630688,10.50369,0,59.284057
2159,59,31,8.854608,0.341869,0,7.974769,3.068058,39.331896
2160,60,31,26.69662,14.989671,1.688466,13.806961,13.174576,43.373389
2161,61,31,5.332989,0.504817,0,5.625155,6.247802,46.944993
2162,62,31,1.603499,0.863352,0.005697,1.96242,3.672798,78.349875
2163,63,31,10.232085,36.599123,0.442104,9.617189,39.603684,74.124252
2164,64,31,60.774316,12.510365,1.909309,22.104901,11.171575,54.382497
2165,65,31,8.908498,0.342366,0,8.025192,3.178748,39.228679
2166,66,31,59.518964,10.365956,0,22.104901,16.767399,74.757553
2167,67,31,8.863603,0.334852,0.000142,7.90425,2.607252,39.448243
2168,68,31,8.668832,0.361712,0,7.968563,4.179569,39.448622
2169,69,31,8.78032,0.301163,0,7.538942,0.710554,41.125145
2170,0,32,8.507897,0.38986,0,8.018788,5.983268,39.749408
2171,1,32,13.038082,13.337862,0.372169,9.617189,30.531316,61.942129
2172,2,32,41.458759,30.377671,0.084909,22.104901,17.218664,69.780326
2173,3,32,8.919921,0.335591,0.000115,7.963548,2.732593,39.324143
2174,4,32,2.568419,0.932081,0.004896,3.241587,14.0896,65.99037
2175,5,32,8.989126,0.324733,0.00017,7.922322,2.120535,39.462761
2176,6,32,8.912413,0.341897,0,8.025106,3.151926,39.228624
2177,7,32,8.960821,0.339971,0.000545,7.959482,3.05463,39.164997
2178,8,32,8.857136,0.341478,0,7.97396,3.045353,39.333853
2179,9,32,70.942117,15.884269,0.149335,22.104901,17.920531,77.974608
2180,10,32,8.981997,0.340462,0.000416,8.003154,3.126606,39.12249
2181,11,32,8.895472,0.339603,0.000554,7.89966,2.939592,39.287669
2182,12,32,8.88083,0.34576,0.000268,7.980144,3.357932,39.227231
2183,13,32,9.472656,0.341994,0.000016,8.501422,3.968319,38.355327
2184,14,32,91.688691,61.680483,2,22.104901,18.231782,83.572416
2185,15,32,8.970779,0.339638,0.000008,8.05718,3.078746,39.160288
2186,16,32,10.388862,0.256682,0.000002,8.252881,0.136354,40.378403
2187,17,32,8.861484,0.37201,0.000041,8.198677,5.261863,39.171172
2188,18,32,8.811282,0.344837,0,7.958913,3.208075,39.364438
2189,19,32,63.907352,2.490496,0.210986,22.104901,17.141569,63.601675
2190,20,32,8.773476,0.336973,0.000534,7.779904,2.601532,39.568881
2191,21,32,8.888685,0.341173,0.000611,7.895646,3.031621,39.273094
2192,22,32,8.830557,0.341184,0.000145,7.924621,2.980591,39.384516
2193,23,32,4.238196,5.674127,0.198722,3.872578,34.716756,74.930023
2194,24,32,9.08412,0.341894,0,8.173413,3.397512,38.9384
2195,25,32,8.813934,0.360895,0.000119,8.068929,4.349758,39.224718
2196,26,32,8.938503,0.340433,0.000457,7.958843,3.060241,39.198335
2197,27,32,8.6642,0.34792,0.000012,7.850467,3.204635,39.586478
2198,28,32,9.334117,0.235467,0.000025,7.127591,0.004845,47.152051
2199,29,32,17.301561,0,0.218928,3.872578,0,3161.21459
2200,30,32,78.305909,0.752171,1.091494,7.395469,0,84.442427
2201,31,32,8.622937,0.321622,0.000182,7.578425,1.520612,40.417943
2202,32,32,8.856316,0.340947,0.000475,7.889309,2.980479,39.337077
2203,33,32,4.535402,32.811776,0.417113,4.986197,32.739937,78.135166
2204,34,32,8.848117,0.336813,0.000188,7.899165,2.712205,39.434011
2205,35,32,8.852165,0.342747,0,7.979253,3.123899,39.322387
2206,36,32,8.762325,0.365382,0.000101,8.060627,4.596685,39.294461
2207,37,32,8.881712,0.341811,0,7.997942,3.102042,39.284064
2208,38,32,8.904762,0.432222,0.000306,8.518461,10.062214,40.150592
2209,39,32,8.808236,0.342571,0.000227,7.901602,3.037367,39.401163
2210,40,32,6.408645,0.365391,0.00062,5.885024,1.014403,45.623047
2211,41,32,8.470976,0.32377,0.000364,7.440094,1.463029,40.703523
2212,42,32,8.978999,0.346755,0.000272,8.071527,3.571425,39.052764
2213,43,32,8.693072,0.341096,0.000321,7.775485,2.773502,39.643828
2214,44,32,7.073439,0.345311,0,6.425114,0.982299,44.04927
2215,45,32,8.972797,0.340931,0.000397,8.002105,3.147242,39.131811
2216,46,32,8.989002,0.324924,0.000439,7.882089,2.116725,39.447713
2217,47,32,7.733881,0.340801,0.000338,6.932416,1.506673,42.012984
2218,48,32,8.865413,0.35556,0.00059,7.9956,4.01239,39.161079
2219,49,32,8.91466,0.336183,0.000231,7.944853,2.757827,39.319332
2220,50,32,65.785147,1.588669,1.247342,9.951219,0,58.018894
2221,51,32,8.974699,0.340002,0.000486,7.981556,3.080104,39.141054
2222,52,32,8.640551,0.381374,0.000542,7.99101,5.552471,39.505753
2223,53,32,54.992745,72.036293,1.022893,22.104901,19.294796,72.64437
2224,54,32,8.882886,0.304624,0.000619,7.577254,0.906622,40.590863
2225,55,32,17.420182,41.102024,1.010616,13.002718,27.482566,62.455246
2226,56,32,10.863977,86.573144,0.2855,10.742832,29.741333,69.965526
2227,57,32,0.74769,41.517494,0.330126,2.287288,8.339937,156.774018
2228,58,32,23.863812,0.683247,0.239983,8.111988,0.767077,41.75016
2229,59,32,8.94635,0.340702,0.000435,7.9712,3.091286,39.180702
2230,60,32,66.167528,10.965113,1.514051,22.104901,11.542743,53.490565
2231,61,32,9.710724,0.430325,0.000464,9.120761,11.532371,39.673432
2232,62,32,3.183046,0.91689,0.003173,4.022766,17.726581,62.814214
2233,63,32,24.667252,57.318969,0.393897,18.430854,26.670029,67.202545
2234,64,32,0,11.101677,0.84292,1.020915,0,3644.996717
2235,65,32,8.751822,0.345193,0,7.909363,3.147252,39.466683
2236,66,32,61.562958,13.256886,0.172238,22.104901,19.732942,78.276091
2237,67,32,8.989049,0.338341,0.000305,8.012226,2.997076,39.14455
2238,68,32,9.019891,0.334549,0.000552,7.967464,2.770186,39.153394
2239,69,32,8.915864,0.308087,0.000387,7.671373,1.110717,40.316076
2240,0,33,8.502754,0.324498,0,7.526473,1.552368,40.607167
2241,1,33,23.722465,7.220774,0.392446,14.780851,17.632555,52.906489
2242,2,33,27.970075,16.621294,1.167646,16.030307,15.832407,52.705227
2243,3,33,8.954985,0.333404,0.00053,7.907404,2.610342,39.297164
2244,4,33,5.016021,0.946791,0.005967,5.66911,28.3692,61.610874
2245,5,33,9.027537,0.330408,0.000276,7.987884,2.52396,39.229129
2246,6,33,8.830764,0.339528,0.000516,7.850263,2.848776,39.408572
2247,7,33,8.988047,0.339562,0.000494,7.988371,3.068136,39.124392
2248,8,33,9.03817,0.340473,0.000379,8.057579,3.209207,39.026778
2249,9,33,25.779894,22.584981,0.079418,19.141409,24.86278,67.058237
2250,10,33,8.975302,0.339987,0.000418,7.993575,3.08413,39.141178
2251,11,33,9.000259,0.339476,0.00048,8.00045,3.080254,39.10461
2252,12,33,8.993267,0.341634,0.00026,8.048264,3.233565,39.088906
2253,13,33,9.107694,0.309469,0.000156,7.87974,1.37026,39.783848
2254,14,33,88.31476,9.215618,0,22.104901,17.082648,82.543017
2255,15,33,8.846552,0.34007,0.000186,7.923306,2.926044,39.373823
2256,16,33,10.639359,0.262618,0.000638,8.455405,0.345215,39.147514
2257,17,33,8.873934,0.334318,0.000851,7.792756,2.544248,39.428717
2258,18,33,9.058352,0.338882,0.000391,8.060768,3.126337,39.014782
2259,19,33,21.839434,54.94346,0.287856,16.848716,24.330696,64.586341
2260,20,33,8.894998,0.337623,0.000501,7.893408,2.810693,39.324864
2261,21,33,8.959167,0.340488,0.000569,7.957938,3.086586,39.159661
2262,22,33,8.845289,0.341467,0.000136,7.940881,3.020237,39.353026
2263,23,33,4.930653,0.729091,0.519311,2.480157,0,372.192202
2264,24,33,8.966791,0.340912,0.000479,7.982733,3.132239,39.14134
2265,25,33,8.730784,0.332971,0.000576,7.705816,2.288059,39.753531
2266,26,33,8.985012,0.340068,0.000587,7.973802,3.093093,39.120676
2267,27,33,9.160171,0.336796,0.000069,8.187067,3.143232,38.878148
2268,28,33,8.882941,0.368535,0.00012,8.179383,5.030958,39.129397
2269,29,33,21.906577,51.39236,1.814763,14.009564,19.191116,56.314886
2270,30,33,13.573102,0.640048,0.180954,5.731921,12.299007,43.005829
2271,31,33,8.925234,0.40302,0.000353,8.382996,7.781311,39.466321
2272,32,33,8.956428,0.340979,0.000489,7.972723,3.121537,39.15818
2273,33,33,7.148649,31.314304,0.16171,7.286218,39.110664,80.524238
2274,34,33,9.085564,0.33657,0.000638,8.023926,2.988922,39.000109
2275,35,33,8.97514,0.341469,0.000012,8.073946,3.211466,39.125883
2276,36,33,8.816981,0.37864,0.000222,8.175583,5.678427,39.263433
2277,37,33,8.869476,0.36149,0.000732,8.017776,4.445608,39.135051
2278,38,33,7.971861,0.33058,0.000125,7.097511,1.279448,41.788134
2279,39,33,8.816529,0.340998,0.000328,7.880204,2.938015,39.411055
2280,40,33,7.115066,0.425067,0,6.989891,5.705549,42.191858
2281,41,33,8.557015,0.400904,0.000295,8.07706,6.904185,39.807903
2282,42,33,8.379701,0.345838,0.000282,7.545425,2.641765,40.189627
2283,43,33,8.891126,0.339739,0.000453,7.913815,2.948718,39.29454
2284,44,33,7.481182,0.341161,0.000531,6.686628,1.227754,42.790238
2285,45,33,8.863002,0.341648,0,7.980433,3.064765,39.320267
2286,46,33,8.998568,0.344376,0.000308,8.06487,3.430018,39.045282
2287,47,33,8.423194,0.345822,0.000391,7.57038,2.695469,40.091839
2288,48,33,9.032144,0.353005,0.0006,8.109207,4.085905,38.922694
2289,49,33,9.023252,0.337177,0.000416,8.013529,2.95804,39.101945
2290,50,33,23.662718,4.066087,1.290436,8.551171,2.580957,47.360051
2291,51,33,8.984683,0.340083,0.000445,7.997731,3.102373,39.123023
2292,52,33,8.72706,0.327451,0.00059,7.656507,1.950235,39.927871
2293,53,33,43.505532,18.221291,1.006676,22.104901,17.153094,61.138369
2294,54,33,8.983481,0.352554,0.000478,8.086957,3.98488,38.998421
2295,55,33,12.604234,11.626549,0,11.871692,38.143025,76.00905
2296,56,33,10.714978,0,0.991243,2.817893,0,3245.373472
2297,57,33,68.785062,14.393669,0.460186,22.104901,18.642198,74.307663
2298,58,33,81.613619,4.62027,0.415757,22.104901,15.968962,66.903779
2299,59,33,8.966206,0.339652,0.00055,7.960843,3.039953,39.160475
2300,60,33,42.245506,24.107794,0.820686,22.104901,17.586869,65.464497
2301,61,33,8.373031,0.412432,0.000219,7.990409,7.428301,40.188635
2302,62,33,5.761014,0.352611,0.003551,5.008666,0.099578,50.299354
2303,63,33,22.983444,71.877989,0.203714,17.903216,24.962272,65.861611
2304,64,33,55.210671,3.910489,0.927446,18.762093,4.499878,46.666095
2305,65,33,8.93633,0.341345,0.000405,7.972529,3.123345,39.189002
2306,66,33,46.496252,13.777191,0.38895,22.104901,18.2547,67.791941
2307,67,33,8.976683,0.333968,0.000152,7.993563,2.698769,39.249783
2308,68,33,9.042355,0.337765,0.000562,8.009417,3.016156,39.056932
2309,69,33,8.97061,0.350004,0.000436,8.063428,3.782109,39.034799
2310,0,34,8.790293,0.368465,0.000003,8.121196,4.877349,39.257516
2311,1,34,11.621058,4.424527,0.50413,6.978263,25.19111,49.699972
2312,2,34,60.315556,76.529685,0.61213,22.104901,18.432313,73.020335
2313,3,34,8.972586,0.341217,0.000556,7.976934,3.156961,39.125808
2314,4,34,8.871777,0.286399,0.002957,7.070807,0.209268,42.031394
2315,5,34,9.019932,0.337542,0.000294,8.034271,2.98586,39.10336
2316,6,34,8.922411,0.339837,0.000564,7.922671,2.990993,39.235029
2317,7,34,8.99077,0.339521,0.000489,7.99126,3.069468,39.120348
2318,8,34,8.875453,0.34194,0.000244,7.951938,3.08718,39.289674
2319,9,34,34.586496,0,0.211208,4.615719,0,3166.676713
2320,10,34,8.987805,0.340043,0.000418,8.004655,3.105688,39.118596
2321,11,34,8.879899,0.33992,0.000499,7.897916,2.942813,39.311252
2322,12,34,8.977547,0.345535,0.000406,8.038309,3.474913,39.065551
2323,13,34,8.915035,0.314981,0.000299,7.750046,1.465814,39.986154
2324,14,34,10.406597,34.936945,1.048947,8.476789,30.597273,62.780885
2325,15,34,8.993465,0.340878,0.000409,8.017309,3.172104,39.096844
2326,16,34,9.57446,0.32883,0.000041,8.476971,3.144895,38.326506
2327,17,34,9.016327,0.337084,0.000876,7.92907,2.91425,39.10983
2328,18,34,8.635357,0.34501,0.000293,7.760642,2.952427,39.682328
2329,19,34,81.964689,26.401626,1.509865,22.104901,16.370691,72.504978
2330,20,34,9.036007,0.340572,0.000595,8.019693,3.19971,39.025922
2331,21,34,8.979843,0.339896,0.000412,7.997835,3.084668,39.134729
2332,22,34,8.880357,0.341897,0.000423,7.925531,3.080347,39.279097
2333,23,34,9.369902,0.732993,0.61597,2.817893,0,234.369203
2334,24,34,8.955283,0.340114,0.00054,7.956692,3.056961,39.172585
2335,25,34,8.626708,0.356226,0,7.888952,3.721847,39.555355
2336,26,34,8.989663,0.340032,0.0006,7.97529,3.096376,39.112995
2337,27,34,8.459563,0.342986,0.000155,7.611081,2.579479,40.090796
2338,28,34,9.197926,0.292197,0.000262,7.752472,0.639965,40.551207
2339,29,34,16.336413,30.288218,0.09647,14.009564,22.811222,62.629114
2340,30,34,46.995471,1.136595,0.741087,9.151893,0,55.95057
2341,31,34,8.948965,0.371706,0.000026,8.272253,5.38984,39.057215
2342,32,34,9.003803,0.33961,0.000497,8.001675,3.093519,39.096259
2343,33,34,7.568341,73.589823,0.257324,8.476789,47.375682,81.564316
2344,34,34,8.753667,0.341948,0.000317,7.834904,2.914624,39.511373
2345,35,34,8.881335,0.34215,0.000664,7.887494,3.084369,39.270195
2346,36,34,8.773821,0.369915,0.000201,8.084466,4.945404,39.280513
2347,37,34,8.906426,0.333445,0.000421,7.885074,2.55572,39.38996
2348,38,34,8.329081,0.455131,0.000515,8.115872,10.590138,41.171243
2349,39,34,8.942784,0.342345,0.000378,7.990043,3.203533,39.163894
2350,40,34,7.662873,0.411123,0.000688,7.317851,5.853768,41.129317
2351,41,34,8.445613,0.305121,0.000255,7.264677,0.608182,41.861967
2352,42,34,8.402754,0.34476,0.000132,7.577435,2.614307,40.172705
2353,43,34,8.939095,0.339698,0.000458,7.953704,3.01089,39.208944
2354,44,34,7.941836,0.33844,0.000568,7.064652,1.62612,41.498404
2355,45,34,8.88216,0.340657,0.000061,7.979336,3.021147,39.300699
2356,46,34,8.986286,0.325557,0.000411,7.889755,2.153846,39.435196
2357,47,34,9.026914,0.340654,0.000428,8.041017,3.202851,39.042608
2358,48,34,8.83172,0.343934,0.000516,7.882901,3.144554,39.33367
2359,49,34,8.897754,0.333526,0.000287,7.899925,2.557449,39.407589
2360,50,34,60.659241,2.103262,0.426175,20.783983,7.744105,48.634116
2361,51,34,8.985681,0.340091,0.000441,7.99935,3.104618,39.121235
2362,52,34,8.747309,0.328993,0.000381,7.718396,2.077139,39.840807
2363,53,34,32.223759,53.52606,0,21.978005,23.369305,72.818484
2364,54,34,8.87716,0.331859,0.000616,7.81568,2.402461,39.482154
2365,55,34,10.427621,26.320656,0.982036,7.566816,32.789126,61.014331
2366,56,34,11.56731,76.695329,0.081565,11.829671,31.562852,72.191632
2367,57,34,0,57.143645,0.4792,1.639379,0,3642.62191
2368,58,34,10.361126,5.019704,0.582815,6.11336,22.927627,51.115136
2369,59,34,8.968191,0.339547,0.000562,7.959804,3.034823,39.158482
2370,60,34,25.201324,0,1.077694,3.872578,0,3184.104249
2371,61,34,8.368866,0.314146,0.000572,7.241482,0.897598,41.486547
2372,62,34,9.245344,0.277148,0.001522,7.455176,0.177214,41.677957
2373,63,34,2.516942,77.21932,0.302652,3.872578,15.198874,109.303928
2374,64,34,0,0.782313,0.95827,0.826119,0,3627.843217
2375,65,34,9.029147,0.339164,0.00062,7.998994,3.090838,39.05746
2376,66,34,66.723287,0,0.557431,4.986197,0,3202.49771
2377,67,34,8.983002,0.333801,0.000384,7.958749,2.682236,39.238066
2378,68,34,9.005881,0.333577,0.000546,7.949087,2.687903,39.198366
2379,69,34,8.920882,0.301202,0.000459,7.595945,0.797927,40.705045
2380,0,35,8.570463,0.374033,0.000791,7.845841,4.867947,39.571313
2381,1,35,18.250792,13.80933,0.616305,12.158882,24.840738,56.833891
2382,2,35,10.517361,30.34832,1.769973,7.497236,27.236204,54.390969
2383,3,35,8.974346,0.341998,0.000559,7.98376,3.213508,39.111851
2384,4,35,9.364724,0.254256,0.002441,7.15442,0.006264,44.131838
2385,5,35,9.024286,0.332819,0.000541,7.959516,2.662194,39.179953
2386,6,35,9.069714,0.339076,0.000636,8.029971,3.140473,38.989174
2387,7,35,8.991042,0.339517,0.000488,7.991549,3.069601,39.119943
2388,8,35,8.940104,0.340687,0.000679,7.924488,3.066404,39.188535
2389,9,35,46.565483,21.8349,0.196678,22.104901,18.284456,70.450606
2390,10,35,8.981396,0.339721,0.000435,7.993887,3.073345,39.134366
2391,11,35,8.971095,0.337161,0.000603,7.937369,2.875724,39.192856
2392,12,35,8.924641,0.340283,0.000357,7.962749,3.036619,39.2266
2393,13,35,9.070979,0.344855,0.000343,8.124806,3.567426,38.922291
2394,14,35,80.572122,40.04217,0.19182,22.104901,17.06342,77.928298
2395,15,35,8.935299,0.337047,0.000397,7.940884,2.832799,39.262675
2396,16,35,9.183084,0.327363,0.000807,8.003935,2.49089,39.002756
2397,17,35,9.041461,0.337394,0.000769,7.970724,2.976461,39.061723
2398,18,35,8.940782,0.342119,0.000099,8.03427,3.20205,39.174651
2399,19,35,77.875209,42.313877,1.241824,22.104901,18.079167,77.727518
2400,20,35,8.990639,0.336893,0.000795,7.919583,2.872257,39.160051
2401,21,35,9.031754,0.339249,0.000618,8.002108,3.100442,39.051695
2402,22,35,8.928851,0.338222,0.000753,7.884433,2.880791,39.248709
2403,23,35,3.020457,0.427301,0.319713,1.820952,0,499.880617
2404,24,35,9.048923,0.339121,0.00053,8.030816,3.121137,39.025421
2405,25,35,8.841796,0.336691,0.000443,7.851043,2.680501,39.443895
2406,26,35,8.990128,0.340028,0.000601,7.975438,3.096705,39.112227
2407,27,35,8.936457,0.338619,0.000484,7.939096,2.933532,39.231344
2408,28,35,8.987477,0.29456,0.000416,7.58575,0.582257,40.973974
2409,29,35,36.436708,25.897349,1.540674,20.371618,18.309012,58.108328
2410,30,35,10.865043,0.29989,0.860537,2.817893,0,2109.88733
2411,31,35,8.582988,0.362555,0.000479,7.827466,4.070709,39.575271
2412,32,35,8.9993,0.339375,0.00062,7.975213,3.063385,39.10593
2413,33,35,7.579278,0,0.689945,2.817893,0,3209.712702
2414,34,35,9.075741,0.335045,0.000135,8.089627,2.901828,39.049635
2415,35,35,8.872436,0.339483,0.000483,7.891039,2.904603,39.332745
2416,36,35,8.867428,0.370175,0.000607,8.096787,5.098014,39.14856
2417,37,35,8.912561,0.340066,0.000337,7.954243,3.006531,39.251932
2418,38,35,8.714892,0.337204,0.000717,7.701608,2.525807,39.677706
2419,39,35,8.976408,0.341864,0.000683,7.963434,3.199467,39.108368
2420,40,35,8.108318,0.319862,0.000713,7.049594,0.905731,41.93609
2421,41,35,8.183004,0.400776,0.00028,7.751245,6.165722,40.277212
2422,42,35,8.618365,0.344162,0.000329,7.733403,2.869914,39.730364
2423,43,35,9.056703,0.339522,0.000978,7.964273,3.132024,39.000126
2424,44,35,8.131519,0.339171,0.000577,7.232909,1.895483,40.958169
2425,45,35,9.016438,0.340857,0.000279,8.059086,3.211339,39.059823
2426,46,35,8.988865,0.330032,0.000132,7.974439,2.458438,39.317173
2427,47,35,8.926172,0.340516,0.000511,7.939825,3.045319,39.218068
2428,48,35,8.869784,0.344709,0.000578,7.91187,3.249795,39.255044
2429,49,35,9.031122,0.335761,0.000382,8.015145,2.875502,39.112829
2430,50,35,0,7.536503,0.451777,0.928247,0,3638.193997
2431,51,35,8.987811,0.339977,0.000479,7.993749,3.097338,39.118695
2432,52,35,8.847439,0.381877,0.000613,8.157399,5.957831,39.246583
2433,53,35,9.520152,42.760227,0.109146,9.617189,40.819646,78.961385
2434,54,35,9.090748,0.338043,0.000632,8.040733,3.098447,38.968497
2435,55,35,11.487613,8.876208,0.545793,7.9686,28.975235,57.92904
2436,56,35,10.003017,32.519026,0.991866,7.566816,38.409485,69.436383
2437,57,35,38.237061,64.195311,0.42052,22.104901,19.156244,69.139155
2438,58,35,10.681614,0.217913,0.572581,2.817893,0,1192.454999
2439,59,35,8.971312,0.339274,0.000611,7.95208,3.017412,39.156645
2440,60,35,64.280642,4.228559,1.123823,18.233704,3.134048,45.281842
2441,61,35,8.613659,0.36336,0.000049,7.925921,4.205047,39.528533
2442,62,35,9.423813,0.332966,0.000889,8.233431,3.181708,38.494929
2443,63,35,17.972438,18.137343,0,15.72921,26.202563,68.277792
2444,64,35,35.570404,13.980619,0.216452,22.104901,19.062374,67.848367
2445,65,35,9.038428,0.338946,0.000641,8.001587,3.087428,39.044442
2446,66,35,28.601973,9.773155,0.631286,15.289362,16.150028,53.071147
2447,67,35,9.027727,0.334857,0.001102,7.884049,2.767627,39.126926
2448,68,35,9.018451,0.34104,0.000534,8.018524,3.211159,39.050136
2449,69,35,8.957767,0.336472,0.000568,7.926797,2.814475,39.230131
2450,0,36,8.98961,0.351547,0.000978,8.002555,3.889175,38.989096
2451,1,36,22.664278,0,0.158982,3.872578,0,3116.932148
2452,2,36,34.222532,49.271095,0,22.104901,17.660835,70.486083
2453,3,36,9.095771,0.338533,0.000623,8.050294,3.140034,38.953019
2454,4,36,9.081969,0.338472,0.002214,7.77824,3.017805,38.962686
2455,5,36,9.024722,0.332346,0.000566,7.95203,2.630152,39.188723
2456,6,36,9.006478,0.336538,0.000614,7.960852,2.880593,39.140176
2457,7,36,8.991652,0.339463,0.000578,7.976387,3.061194,39.118473
2458,8,36,8.96566,0.340205,0.000721,7.935687,3.066951,39.150528
2459,9,36,11.662207,18.367092,0.118441,10.742832,30.156465,67.693994
2460,10,36,8.991354,0.340026,0.000852,7.933944,3.082809,39.106691
2461,11,36,9.054352,0.337017,0.000617,8.004579,2.977829,39.047346
2462,12,36,9.067978,0.33867,0.000559,8.038552,3.11466,38.999068
2463,13,36,9.08986,0.334708,0.000402,8.053274,2.881644,39.027114
2464,14,36,0,0.439167,0.441255,0.642479,0,3592.008936
2465,15,36,8.974468,0.337311,0.000983,7.877702,2.867388,39.179442
2466,16,36,10.419517,0.26838,0.00027,8.418867,0.452864,39.198275
2467,17,36,9.043975,0.337425,0.000758,7.974899,2.982784,39.056964
2468,18,36,8.914901,0.342443,0,8.031295,3.193244,39.216424
2469,19,36,0,16.606871,1.428683,0.625334,0,3629.100039
2470,20,36,9.039822,0.339246,0.000788,7.98004,3.100998,39.035562
2471,21,36,8.976421,0.339932,0.000542,7.973121,3.074328,39.138348
2472,22,36,9.004486,0.335995,0.000836,7.91774,2.8286,39.150828
2473,23,36,7.043872,1.507391,0.481268,3.212591,0,85.876563
2474,24,36,9.018459,0.340783,0.000625,8.001051,3.187597,39.05236
2475,25,36,8.939384,0.336434,0.00056,7.912307,2.787932,39.264714
2476,26,36,9.029746,0.338794,0.000622,7.996318,3.065909,39.061976
2477,27,36,8.985589,0.340142,0.000521,7.986003,3.103074,39.119512
2478,28,36,9.039414,0.342426,0.000757,8.008608,3.323984,38.993763
2479,29,36,17.698211,26.856432,0,14.986921,21.988547,64.701014
2480,30,36,83.961857,0.240177,0.855109,6.130599,0,356.090676
2481,31,36,8.608371,0.353726,0.000072,7.842359,3.514467,39.611005
2482,32,36,9.038139,0.339436,0.000858,7.968281,3.10753,39.034713
2483,33,36,3.01027,25.589212,0,4.734572,15.011786,86.91236
2484,34,36,8.877689,0.335019,0.00049,7.861078,2.616197,39.409935
2485,35,36,9.06415,0.338884,0.000864,7.98505,3.105287,38.99823
2486,36,36,8.9352,0.343695,0.000534,7.966773,3.276795,39.156449
2487,37,36,9.02819,0.340125,0.000843,7.967529,3.142242,39.041932
2488,38,36,9.011985,0.327822,0.000448,7.925066,2.326141,39.319736
2489,39,36,8.992407,0.34024,0.000776,7.94931,3.103892,39.102732
2490,40,36,8.69183,0.468844,0.000677,8.43232,12.447654,41.362194
2491,41,36,9.26421,0.336309,0.000426,8.209831,3.229724,38.708732
2492,42,36,8.817891,0.344071,0.00039,7.893086,3.14175,39.358073
2493,43,36,9.068464,0.339504,0.00103,7.965281,3.144108,38.979722
2494,44,36,9.186838,0.339282,0.000685,8.122671,3.315346,38.79195
2495,45,36,8.892232,0.339711,0.000469,7.911962,2.947467,39.292801
2496,46,36,9.027948,0.341066,0.00019,8.085893,3.247739,39.038904
2497,47,36,8.996859,0.339473,0.000619,7.973956,3.066734,39.108684
2498,48,36,8.973568,0.348517,0.000595,8.028661,3.669148,39.039707
2499,49,36,9.035855,0.336742,0.000756,7.963304,2.924931,39.082593
2500,50,36,90.648343,0,1.247005,6.130599,0,3310.445359
2501,51,36,8.988024,0.339965,0.000483,7.993189,3.09661,39.118441
2502,52,36,8.920072,0.383967,0.00054,8.244611,6.258583,39.182798
2503,53,36,27.151533,20.302143,1.580016,15.723854,13.351798,48.366354
2504,54,36,9.054275,0.336089,0.000614,7.997957,2.914315,39.06304
2505,55,36,17.030165,49.340226,0.934587,13.002718,29.677653,63.962988
2506,56,36,10.790584,50.661178,0.384296,9.617189,41.326364,76.821116
2507,57,36,13.030415,0,0.589869,3.012317,0,3044.638531
2508,58,36,87.031109,0.415043,0.6887,7.002441,0,90.918028
2509,59,36,8.973087,0.339373,0.000372,7.994978,3.041394,39.155216
2510,60,36,0,35.37257,0.653468,1.29074,0,3591.184945
2511,61,36,9.250861,0.338212,0.000565,8.189442,3.337295,38.704266
2512,62,36,8.924379,0.27056,0.001602,7.118072,0.023552,43.569569
2513,63,36,19.426513,16.824528,1.117488,12.115821,19.348084,49.709151
2514,64,36,21.159751,19.416083,0.146856,16.78556,27.461082,66.253378
2515,65,36,9.029157,0.339042,0.000606,8.000477,3.083263,39.059481
2516,66,36,66.174987,14.215921,0,22.104901,17.008501,76.527399
2517,67,36,9.032908,0.336385,0.000478,8.005114,2.91376,39.097486
2518,68,36,9.025041,0.340321,0.000715,7.987902,3.159264,39.046316
2519,69,36,9.008087,0.342113,0.000953,7.947446,3.245255,39.047347
2520,0,37,8.980372,0.361352,0.000962,8.069246,4.59943,38.975197
2521,1,37,5.899285,4.798674,1.216961,2.999278,0,81.433752
2522,2,37,79.96258,33.945734,1.958892,22.104901,16.347306,70.730339
2523,3,37,9.045804,0.341115,0.000671,8.019018,3.246735,39.001039
2524,4,37,8.835327,0.306946,0.00179,7.393437,0.919256,40.567064
2525,5,37,9.055363,0.340669,0.000584,8.038706,3.234528,38.992155
2526,6,37,9.055505,0.340655,0.000663,8.025281,3.228883,38.990939
2527,7,37,9.053421,0.339492,0.000995,7.958467,3.124349,39.005878
2528,8,37,8.993156,0.340019,0.000863,7.933626,3.08426,39.103529
2529,9,37,44.153987,8.28783,0.124837,22.104901,18.6807,68.456538
2530,10,37,9.053119,0.339349,0.000921,7.969556,3.118573,39.009471
2531,11,37,8.940828,0.339022,0.000613,7.923934,2.958472,39.214962
2532,12,37,8.915804,0.340689,0.000616,7.914422,3.036177,39.232354
2533,13,37,9.053964,0.309151,0.001081,7.696153,1.252375,39.900074
2534,14,37,100,30.892514,1.818657,22.104901,15.551492,73.830781
2535,15,37,9.021871,0.337248,0.000812,7.94592,2.936852,39.098035
2536,16,37,9.622109,0.316804,0.000396,8.34421,2.352984,38.470657
2537,17,37,9.076257,0.339694,0.000909,7.993843,3.175785,38.9656
2538,18,37,9.092366,0.343734,0.000007,8.193349,3.539744,38.904994
2539,19,37,100,79.475763,0.210785,22.104901,17.150961,85.676304
2540,20,37,9.04474,0.339482,0.000788,7.98609,3.124303,39.0237
2541,21,37,8.996652,0.339543,0.000598,7.977933,3.072562,39.108265
2542,22,37,9.044815,0.337277,0.000857,7.95782,2.967694,39.056617
2543,23,37,8.663307,2.881209,0.329377,5.348799,33.797604,59.477734
2544,24,37,8.939384,0.342846,0.000747,7.928204,3.210751,39.157505
2545,25,37,9.050715,0.33814,0.000684,7.998626,3.046171,39.034942
2546,26,37,9.043411,0.339037,0.000903,7.962063,3.084441,39.030926
2547,27,37,9.04886,0.339192,0.000541,8.029432,3.125293,39.02433
2548,28,37,9.197248,0.284167,0.000119,7.673774,0.368827,41.186479
2549,29,37,32.561444,37.460299,1.358133,20.320214,19.601866,60.679469
2550,30,37,69.809625,1.079154,0.524895,13.091228,0.402111,50.018689
2551,31,37,8.780933,0.364654,0.000418,8.018769,4.554069,39.26397
2552,32,37,9.042023,0.339442,0.000882,7.967584,3.111948,39.027649
2553,33,37,5.119565,80.393752,0.633875,6.130599,32.275835,76.757378
2554,34,37,9.010899,0.338534,0.001032,7.909184,2.996185,39.09342
2555,35,37,9.083322,0.338824,0.000903,7.994339,3.125541,38.966008
2556,36,37,8.985474,0.337611,0.000981,7.889541,2.902011,39.154423
2557,37,37,9.059778,0.33919,0.000898,7.977914,3.118255,39.00073
2558,38,37,9.054066,0.334058,0.000874,7.938119,2.76283,39.09705
2559,39,37,9.081937,0.339101,0.000801,8.01247,3.149138,38.965781
2560,40,37,8.550323,0.284245,0.000798,7.068544,0.112014,43.381383
2561,41,37,7.752857,0.390847,0.000915,7.236196,4.590023,40.917994
2562,42,37,8.888175,0.342133,0.001017,7.839028,3.071388,39.253654
2563,43,37,9.06964,0.339502,0.001035,7.965382,3.14531,38.977682
2564,44,37,8.916231,0.33924,0.000857,7.863694,2.925257,39.252461
2565,45,37,8.922608,0.340206,0.000763,7.892033,3.004095,39.226029
2566,46,37,9.026382,0.334796,0.000833,7.927532,2.778064,39.133598
2567,47,37,9.004227,0.33906,0.000789,7.948403,3.038177,39.099927
2568,48,37,9.005649,0.344914,0.00094,7.971632,3.438749,39.017952
2569,49,37,9.029748,0.337533,0.000822,7.953037,2.966485,39.079272
2570,50,37,0,2.372516,0.749258,0.666737,0,3621.8461
2571,51,37,9.089946,0.339894,0.001255,7.947839,3.187392,38.936116
2572,52,37,8.792593,0.344394,0.000555,7.848358,3.117973,39.396346
2573,53,37,62.54586,79.953919,0.005389,22.104901,18.22325,77.848534
2574,54,37,9.007535,0.338132,0.00064,7.96947,2.987951,39.110869
2575,55,37,7.399848,30.234309,0.305884,7.286218,50.608219,85.779232
2576,56,37,10.559434,33.897779,0.665287,8.476789,29.804571,64.411228
2577,57,37,54.907384,100,0,22.104901,16.804139,73.926011
2578,58,37,0,6.298916,0.932963,0.769127,0,3614.509273
2579,59,37,9.009577,0.339161,0.00056,7.992524,3.066738,39.09215
2580,60,37,77.075076,1.086072,1.176563,9.782361,0.897493,66.099204
2581,61,37,8.610399,0.369241,0.000325,7.923726,4.611909,39.513905
2582,62,37,8.965667,0.315717,0.001292,7.650273,1.506776,39.813003
2583,63,37,15.799852,99.937369,0,14.009564,22.253321,70.123487
2584,64,37,23.823286,0,0.698951,3.872578,0,3003.235606
2585,65,37,9.072124,0.339403,0.000665,8.029546,3.164814,38.980015
2586,66,37,0.436365,15.010782,0.518419,1.42122,5.657593,209.858349
2587,67,37,9.069492,0.34094,0.000742,8.025756,3.263639,38.962647
2588,68,37,9.061582,0.340023,0.000933,7.97977,3.176579,38.985445
2589,69,37,9.097037,0.34009,0.001057,7.989115,3.223375,38.92349
2590,0,38,8.658627,0.354863,0.000716,7.796922,3.632976,39.502233
2591,1,38,26.239021,11.512796,0.645891,15.162828,18.154973,55.170691
2592,2,38,13.291315,54.050529,0.856213,10.742832,29.594996,65.155633
2593,3,38,9.040399,0.340842,0.000613,8.022385,3.223602,39.014603
2594,4,38,8.927201,0.30855,0.00071,7.639836,1.128035,40.250391
2595,5,38,9.0697,0.339729,0.000581,8.044439,3.189322,38.980841
2596,6,38,9.065632,0.336472,0.000676,7.999854,2.952203,39.035829
2597,7,38,9.085473,0.339783,0.001092,7.971226,3.183514,38.946321
2598,8,38,9.02518,0.339701,0.000922,7.948454,3.103717,39.052174
2599,9,38,11.61777,5.578711,0.210726,8.45393,31.896592,62.257502
2600,10,38,9.104276,0.339309,0.001066,7.987973,3.178367,38.921651
2601,11,38,9.144472,0.337083,0.001028,8.011455,3.08158,38.886453
2602,12,38,9.140441,0.340049,0.001043,8.026773,3.282041,38.853693
2603,13,38,9.126877,0.34115,0.000177,8.173807,3.394781,38.874705
2604,14,38,0,28.828228,0,2.758749,0,3416.631204
2605,15,38,9.047164,0.340765,0.000874,7.983086,3.211622,39.00048
2606,16,38,9.899876,0.350204,0.000865,8.747294,5.195881,37.835686
2607,17,38,9.101914,0.340282,0.001449,7.928882,3.219118,38.910147
2608,18,38,8.726434,0.343065,0.000324,7.818317,2.95046,39.54277
2609,19,38,0,68.84199,0.15177,2.135569,0,3576.60939
2610,20,38,9.059092,0.338651,0.000789,7.991789,3.086688,39.01136
2611,21,38,9.067438,0.340076,0.001232,7.935541,3.16994,38.971152
2612,22,38,9.075133,0.339263,0.000868,7.99656,3.146742,38.974071
2613,23,38,4.130399,1.348177,0.460532,2.359772,0,132.622498
2614,24,38,9.011386,0.338268,0.000928,7.925116,2.984925,39.098171
2615,25,38,9.078253,0.339381,0.000921,7.991149,3.155994,38.9664
2616,26,38,9.058848,0.338883,0.000958,7.96465,3.091971,39.006048
2617,27,38,9.011322,0.339366,0.000607,7.987489,3.080437,39.085378
2618,28,38,9.184045,0.288961,0.000121,7.721029,0.514069,40.834306
2619,29,38,10.521112,19.083678,0.852977,7.566816,35.146365,63.366586
2620,30,38,50.010258,1.194069,0.621377,11.187995,0,49.037673
2621,31,38,8.923118,0.365982,0.000868,8.070802,4.858741,39.05928
2622,32,38,9.054323,0.339747,0.000891,7.978784,3.149796,39.002189
2623,33,38,7.039148,0.052001,0.198086,2.723458,0,1262.884758
2624,34,38,9.050111,0.339355,0.001056,7.944327,3.106441,39.012728
2625,35,38,9.087156,0.338812,0.00091,7.996194,3.129592,38.959581
2626,36,38,9.067461,0.339505,0.001283,7.922917,3.127064,38.978378
2627,37,38,9.066096,0.339003,0.000909,7.979975,3.11342,38.992534
2628,38,38,9.061827,0.340238,0.001085,7.955839,3.182457,38.979983
2629,39,38,9.026941,0.340011,0.001249,7.899892,3.107468,39.040278
2630,40,38,8.394378,0.397741,0.000842,7.828201,6.313845,39.959613
2631,41,38,9.251102,0.365325,0.000733,8.356891,5.363007,38.641463
2632,42,38,8.977263,0.339433,0.001031,7.887652,3.010981,39.138158
2633,43,38,9.069875,0.339502,0.001037,7.965402,3.14555,38.977274
2634,44,38,8.954694,0.339792,0.000927,7.888665,3.010339,39.173568
2635,45,38,8.931585,0.340121,0.001003,7.859521,2.996093,39.208349
2636,46,38,9.087698,0.339792,0.001309,7.936647,3.173792,38.940763
2637,47,38,9.023162,0.339325,0.001468,7.857794,3.041255,39.054353
2638,48,38,9.083781,0.339198,0.000976,7.985178,3.147621,38.958871
2639,49,38,9.114291,0.340478,0.001141,7.99099,3.269446,38.889978
2640,50,38,78.917854,3.479679,0.069712,22.104901,20.112949,91.740698
2641,51,38,9.11033,0.33988,0.001409,7.938682,3.205306,38.901725
2642,52,38,9.013526,0.334831,0.000632,7.950792,2.775675,39.158642
2643,53,38,51.236204,17.319532,0.443309,22.104901,19.335451,71.733032
2644,54,38,9.064842,0.340249,0.000874,7.994319,3.20064,38.977696
2645,55,38,10.824978,43.771461,0.837429,9.617189,37.248798,68.785912
2646,56,38,9.407469,60.712374,0.247771,9.617189,38.44442,75.514234
2647,57,38,45.240294,0,0.474791,4.986197,0,3158.899697
2648,58,38,7.864536,5.193476,0.279606,5.782652,43.996549,70.064048
2649,59,38,9.052053,0.339041,0.000653,8.011854,3.112301,39.019523
2650,60,38,61.956093,30.091199,1.817341,22.104901,15.851612,63.598118
2651,61,38,8.939369,0.334933,0.000525,7.906899,2.690677,39.294721
2652,62,38,9.122248,0.340035,0.000968,8.024959,3.260306,38.88379
2653,63,38,19.648304,73.077675,0.55623,15.912678,25.209997,64.779928
2654,64,38,42.718298,5.944384,1.032177,18.132068,5.909502,44.138967
2655,65,38,9.073878,0.339383,0.001067,7.962705,3.140949,38.971774
2656,66,38,100,0,0.623182,6.130599,0,2995.992324
2657,67,38,9.058996,0.337488,0.001085,7.93298,2.987899,39.025584
2658,68,38,9.06889,0.339964,0.000977,7.978136,3.180006,38.973349
2659,69,38,9.114827,0.339686,0.001078,7.997201,3.21872,38.89931
2660,0,39,8.989625,0.33738,0.000763,7.927848,2.905266,39.153688
2661,1,39,9.528452,9.326447,0.856106,6.050085,30.595178,62.771712
2662,2,39,14.788683,0,0.689314,3.830876,0,3025.351748
2663,3,39,9.053258,0.339702,0.000656,8.017289,3.159651,39.007911
2664,4,39,9.240675,0.31224,0.000442,7.977759,1.64489,39.351491
2665,5,39,9.069785,0.339683,0.000631,8.035572,3.183164,38.980595
2666,6,39,9.077426,0.337432,0.001326,7.907547,2.994697,38.991533
2667,7,39,9.098294,0.339899,0.001131,7.97579,3.207142,38.923291
2668,8,39,9.045373,0.339286,0.000945,7.958579,3.101865,39.023355
2669,9,39,9.05209,18.482237,0.16306,8.476789,36.404978,74.37479
2670,10,39,9.124739,0.339293,0.001124,7.994484,3.202208,38.887743
2671,11,39,9.029241,0.340347,0.000613,8.00907,3.173295,39.040264
2672,12,39,8.875447,0.339191,0.000398,7.905697,2.894344,39.333503
2673,13,39,9.119054,0.34141,0.00089,8.04561,3.357157,38.873723
2674,14,39,100,39.381308,0.215844,22.104901,17.678083,86.124749
2675,15,39,9.065454,0.341749,0.000996,7.985219,3.298686,38.955444
2676,16,39,9.938238,0.316527,0.000381,8.602119,2.711621,37.960441
2677,17,39,9.112177,0.340517,0.001666,7.904025,3.23632,38.88898
2678,18,39,9.175277,0.339497,0.000758,8.102015,3.309759,38.806931
2679,19,39,31.280222,18.392621,0.157327,21.485829,23.847059,67.703346
2680,20,39,9.103028,0.340549,0.001458,7.930388,3.238768,38.905
2681,21,39,9.136709,0.340344,0.001605,7.931227,3.262238,38.851825
2682,22,39,9.091822,0.34055,0.001183,7.965945,3.240286,38.925346
2683,23,39,3.778788,1.26547,0.328586,2.294119,0.083726,104.099752
2684,24,39,9.179867,0.336876,0.001136,8.0204,3.109033,38.829509
2685,25,39,9.09319,0.340067,0.001699,7.880635,3.176274,38.925403
2686,26,39,9.08057,0.339279,0.000984,7.981623,3.148274,38.963023
2687,27,39,9.129279,0.339559,0.00098,8.025451,3.236119,38.878155
2688,28,39,9.10217,0.33753,0.000626,8.047415,3.079058,38.956839
2689,29,39,32.891599,34.76573,0.336156,21.978005,21.715738,70.22851
2690,30,39,22.078461,1.222349,0.881291,5.735035,0,86.558867
2691,31,39,8.713054,0.343083,0.000414,7.791982,2.927494,39.566466
2692,32,39,9.090929,0.339757,0.0009,8.008166,3.201293,38.940221
2693,33,39,2.699547,0,0.261949,1.788119,0,3385.257682
2694,34,39,9.06819,0.339839,0.001073,7.960279,3.164331,38.974899
2695,35,39,9.117212,0.33975,0.000932,8.025035,3.23568,38.896152
2696,36,39,9.10423,0.341571,0.001205,7.980093,3.327846,38.893016
2697,37,39,9.076147,0.339544,0.001134,7.95453,3.151139,38.964745
2698,38,39,9.099596,0.341631,0.001154,7.98518,3.328706,38.9002
2699,39,39,9.117138,0.340299,0.001354,7.956199,3.247541,38.885881
2700,40,39,8.840837,0.3646,0.001194,7.940879,4.600249,39.168476
2701,41,39,9.28963,0.379901,0.001056,8.423343,6.565752,38.739782
2702,42,39,9.194569,0.338556,0.0011,8.050452,3.248909,38.784307
2703,43,39,9.070074,0.339443,0.001066,7.960146,3.139881,38.977382
2704,44,39,9.029269,0.339884,0.001034,7.934331,3.115202,39.040994
2705,45,39,8.97629,0.340204,0.001141,7.876344,3.05615,39.126436
2706,46,39,9.133801,0.341889,0.001637,7.936003,3.364761,38.838851
2707,47,39,9.088476,0.339388,0.00164,7.881072,3.126008,38.942499
2708,48,39,9.153875,0.337773,0.001198,7.994684,3.131901,38.859399
2709,49,39,9.148108,0.341657,0.001269,8.004487,3.392066,38.821689
2710,50,39,66.98511,8.832942,1.96894,22.104901,8.232946,54.751721
2711,51,39,9.122304,0.339751,0.001374,7.952684,3.215196,38.884087
2712,52,39,9.247497,0.33794,0.000796,8.143253,3.298361,38.710386
2713,53,39,44.23937,27.414519,0.564778,22.104901,18.549824,67.130328
2714,54,39,9.133264,0.341255,0.001302,7.984569,3.340326,38.849264
2715,55,39,16.589919,84.813517,0.687231,14.009564,21.147976,61.131955
2716,56,39,9.52671,9.194386,0.710791,6.348424,33.617157,62.388401
2717,57,39,39.011536,11.972972,0.6718,22.104901,16.266589,57.942804
2718,58,39,51.70586,2.766628,0.218416,22.104901,17.175959,60.326558
2719,59,39,9.068103,0.339315,0.001149,7.943552,3.123069,38.981428
2720,60,39,0,0,1.394448,0.680889,0,3624.072005
2721,61,39,9.108411,0.321445,0.000739,7.904543,2.026698,39.304234
2722,62,39,8.927229,0.330948,0.001277,7.741771,2.370113,39.400121
2723,63,39,16.779782,24.730076,0.040777,14.986921,26.976632,66.728203
2724,64,39,26.779466,16.070934,0,20.075214,23.500397,68.936305
2725,65,39,9.125997,0.33963,0.001359,7.95694,3.212844,38.879684
2726,66,39,0,8.567026,0.235221,1.105848,0,3605.573051
2727,67,39,9.097101,0.339513,0.001282,7.946051,3.169119,38.929082
2728,68,39,9.106494,0.340059,0.001158,7.978796,3.228114,38.907648
2729,69,39,9.121943,0.339524,0.001086,8.000427,3.216824,38.889678
2730,0,40,9.158603,0.33107,0.00104,7.97422,2.689612,38.965684
2731,1,40,10.810074,13.996327,0.375529,8.476789,31.604915,61.437542
2732,2,40,51.949263,96.15864,1.3742,22.104901,19.484709,72.986878
2733,3,40,9.066017,0.343158,0.000634,8.057813,3.420963,38.943326
2734,4,40,9.468551,0.33237,0.000816,8.278155,3.204889,38.434274
2735,5,40,9.106468,0.330496,0.001336,7.877093,2.567708,39.069072
2736,6,40,9.142602,0.339456,0.001873,7.886156,3.19153,38.851187
2737,7,40,9.133996,0.341386,0.001265,7.991983,3.352847,38.846961
2738,8,40,9.108508,0.339196,0.001531,7.912487,3.147438,38.912694
2739,9,40,41.893474,15.139246,0.10299,22.104901,19.541558,71.081945
2740,10,40,9.147786,0.340717,0.001831,7.906648,3.289593,38.828028
2741,11,40,8.920413,0.341293,0.001147,7.838944,3.051546,39.207799
2742,12,40,8.940539,0.343212,0.001138,7.873363,3.213868,39.145121
2743,13,40,9.111423,0.313173,0.001289,7.746765,1.51654,39.588886
2744,14,40,0,33.935438,0.691955,1.292491,0,3591.474773
2745,15,40,9.163323,0.342634,0.001158,8.0427,3.49131,38.789131
2746,16,40,9.242305,0.127736,0.000285,5.081928,0,82.494184
2747,17,40,9.149981,0.338188,0.001759,7.90003,3.120345,38.856335
2748,18,40,9.390847,0.340842,0.000539,8.328168,3.730874,38.470797
2749,19,40,83.49862,19.488953,1.074499,22.104901,16.578942,69.456082
2750,20,40,9.145335,0.341795,0.001913,7.899976,3.356995,38.819398
2751,21,40,9.192126,0.340559,0.001904,7.927751,3.336083,38.758938
2752,22,40,9.117432,0.341967,0.00155,7.937805,3.352458,38.864682
2753,23,40,9.069681,4.712274,0.13996,7.286218,39.474425,70.791135
2754,24,40,9.097816,0.341163,0.001151,7.980599,3.293656,38.908499
2755,25,40,9.112141,0.341232,0.001666,7.909446,3.286302,38.880546
2756,26,40,9.155377,0.342033,0.001287,8.010219,3.428229,38.806243
2757,27,40,9.219899,0.341947,0.001677,7.996446,3.490376,38.703805
2758,28,40,9.18301,0.373851,0.001433,8.24015,5.874525,38.775248
2759,29,40,38.724362,5.42576,1.21723,13.585814,3.188812,41.540383
2760,30,40,19.963999,0.14413,0.583055,3.872578,0,1156.543373
2761,31,40,8.473576,0.35734,0.000221,7.732806,3.545876,39.810564
2762,32,40,9.131664,0.341479,0.001322,7.981762,3.352527,38.849193
2763,33,40,1.681467,52.655332,0.267129,3.234219,12.961018,98.573934
2764,34,40,9.113398,0.340787,0.001242,7.975127,3.283543,38.886992
2765,35,40,9.130102,0.341787,0.001124,8.015767,3.384714,38.850028
2766,36,40,9.173032,0.343263,0.001381,8.018399,3.536627,38.766346
2767,37,40,9.103742,0.34091,0.001348,7.951422,3.271896,38.900308
2768,38,40,9.173135,0.338684,0.001234,8.010263,3.219909,38.816033
2769,39,40,9.189295,0.340529,0.001437,8.000356,3.359772,38.767428
2770,40,40,9.510852,0.320804,0.001973,8.016425,2.387099,38.560079
2771,41,40,7.772187,0.391203,0.001244,7.213594,4.633181,40.876603
2772,42,40,9.178392,0.337691,0.001131,8.025697,3.164209,38.820985
2773,43,40,9.134968,0.339698,0.001842,7.887027,3.199716,38.860785
2774,44,40,9.171021,0.340446,0.001403,7.99113,3.330057,38.797431
2775,45,40,9.100337,0.341613,0.001318,7.959148,3.318266,38.897858
2776,46,40,9.170683,0.343566,0.001899,7.935516,3.52191,38.762674
2777,47,40,9.15065,0.340283,0.001808,7.909143,3.26457,38.828592
2778,48,40,9.183546,0.338191,0.001962,7.893339,3.153988,38.800242
2779,49,40,9.141896,0.3402,0.001379,7.970464,3.273564,38.846891
2780,50,40,42.642174,0.989888,1.470986,5.44901,0,152.048673
2781,51,40,9.145011,0.340458,0.001357,7.978522,3.297332,38.839084
2782,52,40,9.189407,0.339227,0.001668,7.953001,3.252977,38.7801
2783,53,40,27.032435,100,1.473515,19.135796,26.296317,66.802281
2784,54,40,9.188001,0.34206,0.001644,7.978095,3.454559,38.752109
2785,55,40,16.600034,0,0.312855,3.872578,0,2997.763147
2786,56,40,10.371548,22.529368,0.727125,7.666371,36.631049,65.629922
2787,57,40,41.995128,68.222038,0.202621,22.104901,16.946806,69.184938
2788,58,40,80.060093,5.318132,1.167087,22.104901,7.082841,51.343218
2789,59,40,9.111809,0.337968,0.001565,7.899873,3.064407,38.923769
2790,60,40,13.170798,29.746539,0.809474,9.673498,32.859139,63.157312
2791,61,40,9.104068,0.314354,0.001243,7.758454,1.577632,39.558005
2792,62,40,8.818951,0.327569,0.001518,7.587931,2.014468,39.714026
2793,63,40,18.136788,48.271876,0,15.912678,23.207758,66.35365
2794,64,40,34.345244,8.790182,2,13.019479,3.483065,42.279782
2795,65,40,9.167872,0.341995,0.001924,7.91714,3.402927,38.781753
2796,66,40,32.317397,15.662545,0.380857,21.019826,22.820209,64.432472
2797,67,40,9.128017,0.342679,0.00144,7.969324,3.425316,38.84141
2798,68,40,9.151653,0.340491,0.001691,7.930278,3.287931,38.825494
2799,69,40,9.123179,0.339713,0.001341,7.95832,3.215807,38.883379
